VentaID,Fecha,ClienteID,Segmento,Producto,Categoria,Region,Canal,Cantidad,PrecioUnitario,Descuento,VentaNeta,Margen,MedioPago
V00001,2024-03-03,C0349,Hogar,Martillo profesional,Herramientas,Arequipa,App,6,65,0.03,378.3,116.85,Efectivo
V00002,2024-12-31,C0186,Empresa,Brocha 3 pulgadas,Pinturas,Piura,App,6,18,0.0,108.0,23.66,Transferencia
V00003,2025-10-11,C0032,Profesional,Foco LED,Electricidad,Junín,App,4,15,0.0,60.0,14.52,Transferencia
V00004,2025-05-10,C0390,Hogar,Brocha 3 pulgadas,Pinturas,Cusco,Tienda,3,18,0.1,48.6,15.38,Plin
V00005,2024-09-25,C0484,Hogar,Foco LED,Electricidad,La Libertad,Web,2,15,0.05,28.5,8.09,Yape
V00006,2024-08-29,C0114,Profesional,Alicate,Herramientas,La Libertad,App,2,38,0.0,76.0,17.07,Plin
V00007,2024-11-14,C0403,Hogar,Cable eléctrico 10m,Electricidad,La Libertad,App,5,42,0.03,203.7,61.74,Yape
V00008,2025-08-05,C0394,Profesional,Cable eléctrico 10m,Electricidad,Cusco,App,1,42,0.0,42.0,5.11,Transferencia
V00009,2024-06-28,C0058,Profesional,Foco LED,Electricidad,Arequipa,Web,4,15,0.05,57.0,8.59,Plin
V00010,2024-03-07,C0280,Hogar,Taladro inalámbrico,Herramientas,Arequipa,Web,6,260,0.05,1482.0,358.33,Tarjeta
V00011,2024-01-26,C0117,Hogar,Casco de seguridad,Seguridad,La Libertad,Tienda,2,35,0.03,67.9,20.9,Yape
V00012,2025-12-29,C0333,Hogar,Llave de paso,Plomería,Cusco,Tienda,5,28,0.05,133.0,38.9,Efectivo
V00013,2025-05-24,C0231,Hogar,Tubo PVC 1/2,Plomería,La Libertad,Tienda,1,8,0.0,8.0,2.23,Plin
V00014,2024-06-23,C0151,Profesional,Llave de paso,Plomería,Arequipa,Tienda,5,28,0.03,135.8,27.68,Yape
V00015,2024-12-27,C0350,Hogar,Tubo PVC 1/2,Plomería,Piura,App,1,8,0.1,7.2,2.3,Efectivo
V00016,2024-02-27,C0049,Empresa,Cemento 42.5kg,Construcción,Lima,Tienda,6,32,0.03,186.24,33.5,Plin
V00017,2024-12-04,C0429,Profesional,Brocha 3 pulgadas,Pinturas,Cusco,Web,3,18,0.05,51.3,8.15,Transferencia
V00018,2025-04-04,C0043,Hogar,Cemento 42.5kg,Construcción,Piura,Web,5,32,0.05,152.0,39.97,Tarjeta
V00019,2024-05-08,C0294,Hogar,Pintura látex 4L,Pinturas,Junín,Web,3,95,0.0,285.0,40.68,Efectivo
V00020,2024-04-20,C0480,Profesional,Llave de paso,Plomería,Cusco,Tienda,3,28,0.05,79.8,9.98,Transferencia
V00021,2024-04-27,C0286,Profesional,Cemento 42.5kg,Construcción,Piura,Tienda,4,32,0.05,121.6,39.68,Yape
V00022,2024-09-22,C0414,Empresa,Foco LED,Electricidad,Arequipa,Web,4,15,0.03,58.2,7.26,Tarjeta
V00023,2024-06-27,C0330,Profesional,Cemento 42.5kg,Construcción,La Libertad,Tienda,1,32,0.05,30.4,5.53,Transferencia
V00024,2024-04-13,C0278,Hogar,Cable eléctrico 10m,Electricidad,Junín,App,7,42,0.0,294.0,37.7,Efectivo
V00025,2025-03-30,C0258,Hogar,Casco de seguridad,Seguridad,La Libertad,Tienda,3,35,0.1,94.5,17.39,Efectivo
V00026,2024-04-20,C0446,Profesional,Foco LED,Electricidad,La Libertad,Marketplace,1,15,0.03,14.55,4.92,Efectivo
V00027,2024-09-02,C0331,Hogar,Martillo profesional,Herramientas,La Libertad,App,4,65,0.03,252.2,73.1,Tarjeta
V00028,2024-01-24,C0062,Profesional,Tubo PVC 1/2,Plomería,La Libertad,Tienda,2,8,0.1,14.4,2.49,Tarjeta
V00029,2024-07-24,C0156,Profesional,Tubo PVC 1/2,Plomería,Junín,Web,5,8,0.08,36.8,6.01,Efectivo
V00030,2024-07-23,C0066,Profesional,Llave de paso,Plomería,La Libertad,Web,2,28,0.0,56.0,9.55,Tarjeta
V00031,2025-09-23,C0403,Profesional,Casco de seguridad,Seguridad,Lima,Tienda,5,35,0.05,166.25,27.26,Transferencia
V00032,2025-12-12,C0151,Profesional,Llave de paso,Plomería,Arequipa,Marketplace,1,28,0.1,25.2,5.23,Transferencia
V00033,2025-03-12,C0278,Profesional,Foco LED,Electricidad,La Libertad,Tienda,3,15,0.1,40.5,5.08,Tarjeta
V00034,2024-05-12,C0467,Profesional,Brocha 3 pulgadas,Pinturas,Cusco,App,3,18,0.1,48.6,12.2,Plin
V00035,2024-07-02,C0399,Hogar,Guantes de trabajo,Seguridad,Cusco,Web,1,22,0.0,22.0,6.65,Plin
V00036,2024-03-27,C0188,Hogar,Casco de seguridad,Seguridad,Lima,Marketplace,7,35,0.05,232.75,49.06,Transferencia
V00037,2025-12-28,C0374,Profesional,Cemento 42.5kg,Construcción,La Libertad,Tienda,4,32,0.0,128.0,22.02,Tarjeta
V00038,2024-08-20,C0156,Hogar,Llave de paso,Plomería,La Libertad,Tienda,5,28,0.0,140.0,42.2,Efectivo
V00039,2025-01-29,C0011,Hogar,Martillo profesional,Herramientas,Junín,Tienda,2,65,0.0,130.0,18.9,Tarjeta
V00040,2025-08-28,C0159,Profesional,Llave de paso,Plomería,Piura,Marketplace,5,28,0.05,133.0,27.48,Efectivo
V00041,2024-06-15,C0125,Profesional,Foco LED,Electricidad,La Libertad,Tienda,1,15,0.0,15.0,2.58,Plin
V00042,2024-03-09,C0417,Hogar,Taladro inalámbrico,Herramientas,Cusco,Tienda,3,260,0.05,741.0,105.49,Efectivo
V00043,2024-08-22,C0402,Profesional,Guantes de trabajo,Seguridad,Arequipa,App,6,22,0.1,118.8,39.86,Transferencia
V00044,2025-12-07,C0429,Profesional,Brocha 3 pulgadas,Pinturas,Piura,Web,1,18,0.05,17.1,3.99,Yape
V00045,2024-04-30,C0209,Hogar,Pintura látex 4L,Pinturas,Cusco,Tienda,2,95,0.0,190.0,42.78,Yape
V00046,2024-06-21,C0149,Empresa,Brocha 3 pulgadas,Pinturas,Piura,Web,3,18,0.03,52.38,14.19,Efectivo
V00047,2024-12-23,C0327,Profesional,Alicate,Herramientas,Arequipa,Web,3,38,0.05,108.3,33.21,Plin
V00048,2025-03-12,C0348,Empresa,Taladro inalámbrico,Herramientas,La Libertad,Web,3,260,0.05,741.0,121.92,Tarjeta
V00049,2025-01-17,C0468,Hogar,Cable eléctrico 10m,Electricidad,La Libertad,App,1,42,0.05,39.9,5.53,Efectivo
V00050,2025-11-11,C0474,Hogar,Tubo PVC 1/2,Plomería,Piura,Tienda,5,8,0.08,36.8,10.85,Plin
V00051,2024-01-06,C0287,Profesional,Foco LED,Electricidad,Piura,App,5,15,0.0,75.0,18.32,Plin
V00052,2024-04-11,C0466,Hogar,Casco de seguridad,Seguridad,Piura,Tienda,6,35,0.05,199.5,50.26,Tarjeta
V00053,2024-06-01,C0336,Hogar,Llave de paso,Plomería,Piura,App,5,28,0.03,135.8,39.43,Efectivo
V00054,2024-08-16,C0079,Hogar,Cable eléctrico 10m,Electricidad,Lima,Web,2,42,0.03,81.48,15.41,Efectivo
V00055,2025-11-24,C0469,Profesional,Brocha 3 pulgadas,Pinturas,Arequipa,Tienda,3,18,0.05,51.3,12.4,Plin
V00056,2024-11-05,C0060,Empresa,Cable eléctrico 10m,Electricidad,La Libertad,Tienda,7,42,0.05,279.3,91.96,Transferencia
V00057,2024-03-10,C0228,Profesional,Llave de paso,Plomería,Cusco,Web,5,28,0.05,133.0,16.32,Yape
V00058,2025-06-23,C0391,Hogar,Cemento 42.5kg,Construcción,Cusco,Marketplace,4,32,0.03,124.16,39.99,Efectivo
V00059,2025-05-01,C0500,Profesional,Brocha 3 pulgadas,Pinturas,Lima,Tienda,2,18,0.08,33.12,4.75,Transferencia
V00060,2024-11-27,C0072,Profesional,Brocha 3 pulgadas,Pinturas,Piura,Marketplace,7,18,0.0,126.0,21.8,Tarjeta
V00061,2024-04-24,C0026,Profesional,Cemento 42.5kg,Construcción,La Libertad,Tienda,5,32,0.0,160.0,19.39,Efectivo
V00062,2025-12-08,C0464,Profesional,Cemento 42.5kg,Construcción,La Libertad,App,6,32,0.0,192.0,56.87,Transferencia
V00063,2025-05-24,C0253,Profesional,Llave de paso,Plomería,Arequipa,Marketplace,1,28,0.0,28.0,4.13,Transferencia
V00064,2024-01-12,C0136,Profesional,Llave de paso,Plomería,Arequipa,Web,2,28,0.05,53.2,8.64,Efectivo
V00065,2024-06-09,C0443,Profesional,Foco LED,Electricidad,Cusco,Tienda,1,15,0.05,14.25,1.84,Tarjeta
V00066,2025-01-31,C0393,Profesional,Alicate,Herramientas,La Libertad,Tienda,2,38,0.1,68.4,15.11,Plin
V00067,2025-01-27,C0350,Profesional,Pintura látex 4L,Pinturas,Cusco,Tienda,7,95,0.03,645.05,159.43,Efectivo
V00068,2024-04-04,C0060,Hogar,Llave de paso,Plomería,La Libertad,Tienda,4,28,0.03,108.64,24.37,Yape
V00069,2025-12-11,C0206,Hogar,Cable eléctrico 10m,Electricidad,La Libertad,Web,3,42,0.05,119.7,31.08,Yape
V00070,2024-12-14,C0238,Hogar,Cable eléctrico 10m,Electricidad,Lima,Web,3,42,0.0,126.0,26.72,Plin
V00071,2025-03-26,C0159,Profesional,Cable eléctrico 10m,Electricidad,Cusco,Web,5,42,0.05,199.5,52.58,Plin
V00072,2025-08-13,C0369,Empresa,Foco LED,Electricidad,Lima,Web,5,15,0.03,72.75,16.94,Efectivo
V00073,2025-01-14,C0419,Profesional,Brocha 3 pulgadas,Pinturas,Lima,Tienda,4,18,0.08,66.24,12.53,Tarjeta
V00074,2025-02-17,C0168,Hogar,Guantes de trabajo,Seguridad,Piura,App,6,22,0.0,132.0,23.99,Yape
V00075,2024-10-30,C0187,Hogar,Guantes de trabajo,Seguridad,Junín,Tienda,1,22,0.08,20.24,6.24,Transferencia
V00076,2024-11-24,C0387,Hogar,Foco LED,Electricidad,Piura,App,3,15,0.1,40.5,13.73,Transferencia
V00077,2025-05-08,C0105,Profesional,Alicate,Herramientas,Cusco,Tienda,3,38,0.05,108.3,13.25,Tarjeta
V00078,2024-05-26,C0420,Empresa,Llave de paso,Plomería,Arequipa,Web,6,28,0.1,151.2,36.64,Tarjeta
V00079,2024-01-31,C0217,Profesional,Guantes de trabajo,Seguridad,La Libertad,Tienda,3,22,0.0,66.0,18.89,Tarjeta
V00080,2024-05-20,C0147,Profesional,Pintura látex 4L,Pinturas,La Libertad,Web,7,95,0.0,665.0,113.87,Plin
V00081,2025-09-16,C0319,Profesional,Taladro inalámbrico,Herramientas,Cusco,App,1,260,0.0,260.0,79.45,Transferencia
V00082,2025-10-06,C0170,Profesional,Cable eléctrico 10m,Electricidad,Junín,App,1,42,0.03,40.74,9.72,Plin
V00083,2024-08-10,C0294,Empresa,Brocha 3 pulgadas,Pinturas,Cusco,Web,6,18,0.05,102.6,32.84,Yape
V00084,2025-12-30,C0459,Profesional,Guantes de trabajo,Seguridad,Cusco,Tienda,4,22,0.0,88.0,18.28,Tarjeta
V00085,2025-05-19,C0225,Hogar,Cemento 42.5kg,Construcción,Lima,Tienda,2,32,0.0,64.0,20.74,Plin
V00086,2025-06-05,C0491,Profesional,Tubo PVC 1/2,Plomería,La Libertad,App,2,8,0.05,15.2,3.94,Plin
V00087,2025-03-31,C0392,Empresa,Cable eléctrico 10m,Electricidad,Lima,App,7,42,0.05,279.3,92.7,Tarjeta
V00088,2024-10-31,C0485,Empresa,Alicate,Herramientas,Lima,App,4,38,0.05,144.4,38.11,Yape
V00089,2024-08-05,C0021,Profesional,Casco de seguridad,Seguridad,La Libertad,Marketplace,6,35,0.03,203.7,30.0,Plin
V00090,2024-02-24,C0397,Hogar,Guantes de trabajo,Seguridad,Junín,App,4,22,0.1,79.2,16.68,Plin
V00091,2024-02-10,C0187,Hogar,Cemento 42.5kg,Construcción,Cusco,App,7,32,0.08,206.08,26.41,Tarjeta
V00092,2025-06-24,C0370,Profesional,Alicate,Herramientas,Cusco,Tienda,5,38,0.08,174.8,54.26,Tarjeta
V00093,2025-11-26,C0258,Profesional,Martillo profesional,Herramientas,Arequipa,Tienda,5,65,0.08,299.0,36.18,Tarjeta
V00094,2024-10-30,C0427,Hogar,Brocha 3 pulgadas,Pinturas,Piura,Tienda,7,18,0.05,119.7,20.62,Efectivo
V00095,2025-02-05,C0444,Hogar,Brocha 3 pulgadas,Pinturas,Piura,Tienda,5,18,0.03,87.3,15.75,Tarjeta
V00096,2025-04-11,C0149,Hogar,Llave de paso,Plomería,Arequipa,Web,6,28,0.08,154.56,52.51,Tarjeta
V00097,2024-02-14,C0197,Empresa,Pintura látex 4L,Pinturas,Junín,Tienda,7,95,0.05,631.75,158.54,Plin
V00098,2025-02-09,C0009,Profesional,Martillo profesional,Herramientas,La Libertad,Tienda,3,65,0.0,195.0,32.06,Transferencia
V00099,2025-01-02,C0271,Hogar,Llave de paso,Plomería,Cusco,Tienda,3,28,0.1,75.6,21.58,Efectivo
V00100,2025-12-20,C0372,Profesional,Foco LED,Electricidad,Arequipa,Tienda,3,15,0.1,40.5,9.58,Transferencia
V00101,2024-09-10,C0438,Hogar,Guantes de trabajo,Seguridad,Lima,App,2,22,0.03,42.68,6.58,Plin
V00102,2025-11-25,C0498,Profesional,Cable eléctrico 10m,Electricidad,Junín,Marketplace,6,42,0.03,244.44,54.94,Efectivo
V00103,2024-08-21,C0051,Profesional,Cemento 42.5kg,Construcción,Junín,Web,6,32,0.0,192.0,46.79,Efectivo
V00104,2025-06-24,C0052,Hogar,Casco de seguridad,Seguridad,Lima,Tienda,4,35,0.0,140.0,46.36,Yape
V00105,2024-02-04,C0026,Hogar,Casco de seguridad,Seguridad,Arequipa,Tienda,4,35,0.05,133.0,25.11,Yape
V00106,2024-12-24,C0198,Hogar,Guantes de trabajo,Seguridad,Lima,Tienda,5,22,0.0,110.0,20.51,Tarjeta
V00107,2024-07-19,C0245,Hogar,Tubo PVC 1/2,Plomería,Cusco,App,7,8,0.0,56.0,12.98,Plin
V00108,2025-03-12,C0122,Profesional,Llave de paso,Plomería,La Libertad,Tienda,6,28,0.03,162.96,31.12,Transferencia
V00109,2024-12-27,C0231,Profesional,Brocha 3 pulgadas,Pinturas,Junín,Tienda,3,18,0.1,48.6,6.35,Tarjeta
V00110,2025-11-12,C0095,Hogar,Cemento 42.5kg,Construcción,Lima,Web,1,32,0.1,28.8,3.51,Tarjeta
V00111,2025-05-17,C0425,Hogar,Llave de paso,Plomería,Junín,Web,2,28,0.05,53.2,13.29,Efectivo
V00112,2024-07-31,C0128,Empresa,Llave de paso,Plomería,Arequipa,Web,2,28,0.08,51.52,15.88,Plin
V00113,2024-04-18,C0160,Profesional,Guantes de trabajo,Seguridad,Lima,Tienda,7,22,0.03,149.38,44.65,Transferencia
V00114,2025-09-22,C0015,Hogar,Foco LED,Electricidad,Cusco,Tienda,3,15,0.03,43.65,5.99,Tarjeta
V00115,2025-08-26,C0159,Empresa,Cable eléctrico 10m,Electricidad,Lima,Tienda,6,42,0.05,239.4,67.63,Plin
V00116,2025-08-03,C0254,Empresa,Alicate,Herramientas,Junín,Tienda,2,38,0.05,72.2,11.41,Tarjeta
V00117,2025-02-22,C0449,Empresa,Foco LED,Electricidad,Cusco,Web,7,15,0.05,99.75,14.76,Plin
V00118,2024-04-06,C0148,Profesional,Pintura látex 4L,Pinturas,La Libertad,Tienda,2,95,0.0,190.0,47.65,Efectivo
V00119,2025-09-05,C0127,Profesional,Taladro inalámbrico,Herramientas,Junín,Tienda,5,260,0.0,1300.0,405.93,Plin
V00120,2024-07-14,C0380,Empresa,Alicate,Herramientas,Lima,Web,5,38,0.05,180.5,44.17,Plin
V00121,2024-11-08,C0204,Hogar,Casco de seguridad,Seguridad,Piura,Tienda,1,35,0.08,32.2,7.55,Efectivo
V00122,2024-07-12,C0090,Hogar,Martillo profesional,Herramientas,La Libertad,Marketplace,5,65,0.0,325.0,107.75,Efectivo
V00123,2025-04-16,C0440,Hogar,Pintura látex 4L,Pinturas,Cusco,App,2,95,0.05,180.5,50.79,Plin
V00124,2024-11-20,C0053,Empresa,Cable eléctrico 10m,Electricidad,Piura,App,6,42,0.08,231.84,56.89,Efectivo
V00125,2024-11-29,C0012,Empresa,Foco LED,Electricidad,La Libertad,App,1,15,0.0,15.0,4.25,Yape
V00126,2024-09-11,C0305,Profesional,Casco de seguridad,Seguridad,Cusco,Web,7,35,0.03,237.65,45.2,Plin
V00127,2024-09-04,C0189,Hogar,Foco LED,Electricidad,Piura,Tienda,7,15,0.05,99.75,16.29,Tarjeta
V00128,2025-06-15,C0122,Hogar,Cemento 42.5kg,Construcción,Cusco,Marketplace,5,32,0.03,155.2,51.23,Transferencia
V00129,2024-12-16,C0262,Profesional,Tubo PVC 1/2,Plomería,Cusco,Tienda,2,8,0.0,16.0,2.57,Yape
V00130,2025-05-07,C0248,Hogar,Taladro inalámbrico,Herramientas,Junín,Tienda,4,260,0.1,936.0,246.69,Yape
V00131,2024-03-17,C0493,Empresa,Cemento 42.5kg,Construcción,Cusco,Tienda,6,32,0.08,176.64,56.24,Efectivo
V00132,2024-11-06,C0049,Profesional,Tubo PVC 1/2,Plomería,Piura,Web,1,8,0.03,7.76,1.88,Transferencia
V00133,2024-03-18,C0426,Profesional,Foco LED,Electricidad,Arequipa,Tienda,2,15,0.03,29.1,4.52,Transferencia
V00134,2024-01-23,C0387,Hogar,Guantes de trabajo,Seguridad,Arequipa,Tienda,3,22,0.03,64.02,18.39,Efectivo
V00135,2024-05-09,C0424,Hogar,Pintura látex 4L,Pinturas,Arequipa,Web,7,95,0.0,665.0,118.5,Plin
V00136,2025-02-23,C0438,Hogar,Pintura látex 4L,Pinturas,Arequipa,Tienda,2,95,0.05,180.5,55.47,Plin
V00137,2024-02-24,C0444,Profesional,Cemento 42.5kg,Construcción,Junín,Web,2,32,0.0,64.0,20.92,Plin
V00138,2024-09-21,C0066,Hogar,Llave de paso,Plomería,Junín,Web,4,28,0.05,106.4,22.94,Efectivo
V00139,2025-12-02,C0104,Hogar,Guantes de trabajo,Seguridad,La Libertad,Tienda,7,22,0.0,154.0,37.26,Tarjeta
V00140,2024-02-22,C0233,Hogar,Martillo profesional,Herramientas,Arequipa,Tienda,7,65,0.03,441.35,112.01,Plin
V00141,2024-09-28,C0235,Hogar,Guantes de trabajo,Seguridad,Piura,Tienda,7,22,0.08,141.68,40.12,Efectivo
V00142,2025-04-25,C0312,Profesional,Foco LED,Electricidad,Arequipa,Tienda,1,15,0.03,14.55,4.29,Transferencia
V00143,2025-07-05,C0002,Empresa,Pintura látex 4L,Pinturas,Junín,Tienda,7,95,0.03,645.05,168.09,Yape
V00144,2025-07-29,C0317,Hogar,Tubo PVC 1/2,Plomería,Lima,Tienda,4,8,0.0,32.0,4.91,Efectivo
V00145,2025-04-26,C0300,Profesional,Tubo PVC 1/2,Plomería,Arequipa,Tienda,6,8,0.05,45.6,12.09,Efectivo
V00146,2025-03-02,C0021,Hogar,Foco LED,Electricidad,Junín,App,2,15,0.05,28.5,8.72,Efectivo
V00147,2024-05-05,C0152,Empresa,Cemento 42.5kg,Construcción,Piura,App,7,32,0.05,212.8,56.43,Yape
V00148,2025-03-06,C0255,Empresa,Tubo PVC 1/2,Plomería,Junín,Web,3,8,0.05,22.8,6.35,Plin
V00149,2024-07-07,C0063,Hogar,Tubo PVC 1/2,Plomería,Junín,Web,3,8,0.03,23.28,5.05,Transferencia
V00150,2025-08-11,C0099,Profesional,Brocha 3 pulgadas,Pinturas,La Libertad,Tienda,5,18,0.0,90.0,17.27,Efectivo
V00151,2025-07-13,C0070,Hogar,Guantes de trabajo,Seguridad,Junín,Marketplace,5,22,0.0,110.0,19.86,Transferencia
V00152,2025-07-16,C0477,Profesional,Brocha 3 pulgadas,Pinturas,Piura,Web,2,18,0.05,34.2,9.38,Yape
V00153,2024-11-17,C0343,Hogar,Taladro inalámbrico,Herramientas,Arequipa,Marketplace,3,260,0.1,702.0,145.97,Plin
V00154,2025-09-11,C0427,Hogar,Casco de seguridad,Seguridad,La Libertad,Web,5,35,0.03,169.75,55.32,Plin
V00155,2024-10-21,C0457,Empresa,Llave de paso,Plomería,Junín,Marketplace,5,28,0.03,135.8,23.59,Efectivo
V00156,2024-03-17,C0241,Profesional,Taladro inalámbrico,Herramientas,Piura,Web,6,260,0.08,1435.2,413.01,Yape
V00157,2024-09-22,C0205,Hogar,Cable eléctrico 10m,Electricidad,Arequipa,Marketplace,3,42,0.03,122.22,30.42,Efectivo
V00158,2024-11-28,C0399,Profesional,Foco LED,Electricidad,Junín,App,2,15,0.0,30.0,5.82,Tarjeta
V00159,2024-07-28,C0097,Hogar,Cable eléctrico 10m,Electricidad,Lima,Web,1,42,0.03,40.74,13.84,Plin
V00160,2025-11-17,C0069,Profesional,Guantes de trabajo,Seguridad,Junín,Marketplace,7,22,0.1,138.6,18.76,Yape
V00161,2025-02-24,C0089,Hogar,Pintura látex 4L,Pinturas,Arequipa,Web,5,95,0.0,475.0,144.0,Plin
V00162,2024-01-18,C0500,Profesional,Cemento 42.5kg,Construcción,Lima,App,5,32,0.05,152.0,51.41,Tarjeta
V00163,2024-05-09,C0213,Hogar,Martillo profesional,Herramientas,Cusco,Tienda,7,65,0.03,441.35,97.74,Transferencia
V00164,2025-11-15,C0209,Hogar,Cemento 42.5kg,Construcción,Junín,App,6,32,0.08,176.64,53.11,Transferencia
V00165,2025-02-20,C0440,Hogar,Pintura látex 4L,Pinturas,Junín,Web,4,95,0.08,349.6,53.02,Tarjeta
V00166,2024-03-04,C0219,Profesional,Cemento 42.5kg,Construcción,Lima,Web,1,32,0.0,32.0,3.84,Tarjeta
V00167,2024-02-17,C0431,Profesional,Brocha 3 pulgadas,Pinturas,Arequipa,App,6,18,0.0,108.0,16.45,Plin
V00168,2025-03-05,C0129,Profesional,Taladro inalámbrico,Herramientas,Junín,App,1,260,0.03,252.2,71.2,Plin
V00169,2025-04-02,C0105,Profesional,Brocha 3 pulgadas,Pinturas,La Libertad,Tienda,4,18,0.03,69.84,11.75,Tarjeta
V00170,2024-02-14,C0200,Empresa,Tubo PVC 1/2,Plomería,La Libertad,Web,2,8,0.0,16.0,4.82,Tarjeta
V00171,2025-11-27,C0488,Empresa,Pintura látex 4L,Pinturas,Cusco,Tienda,4,95,0.03,368.6,115.19,Tarjeta
V00172,2024-01-05,C0284,Profesional,Llave de paso,Plomería,Cusco,App,5,28,0.03,135.8,38.25,Efectivo
V00173,2024-09-28,C0244,Hogar,Llave de paso,Plomería,Junín,App,1,28,0.0,28.0,7.07,Plin
V00174,2025-07-05,C0136,Profesional,Martillo profesional,Herramientas,Lima,Web,6,65,0.05,370.5,75.87,Yape
V00175,2024-01-07,C0107,Empresa,Cable eléctrico 10m,Electricidad,Piura,Tienda,5,42,0.0,210.0,25.25,Transferencia
V00176,2025-09-06,C0468,Hogar,Guantes de trabajo,Seguridad,Cusco,Web,7,22,0.05,146.3,32.88,Yape
V00177,2025-10-14,C0050,Hogar,Llave de paso,Plomería,Lima,Tienda,2,28,0.05,53.2,8.89,Plin
V00178,2024-09-08,C0181,Hogar,Taladro inalámbrico,Herramientas,Arequipa,Tienda,1,260,0.08,239.2,45.56,Yape
V00179,2024-01-24,C0465,Hogar,Casco de seguridad,Seguridad,Piura,Tienda,5,35,0.0,175.0,55.2,Tarjeta
V00180,2025-12-04,C0378,Profesional,Llave de paso,Plomería,Piura,Marketplace,5,28,0.0,140.0,43.05,Plin
V00181,2024-12-08,C0475,Profesional,Llave de paso,Plomería,La Libertad,Tienda,1,28,0.03,27.16,5.19,Efectivo
V00182,2024-07-30,C0486,Hogar,Alicate,Herramientas,Piura,Web,7,38,0.05,252.7,57.77,Yape
V00183,2025-12-18,C0052,Empresa,Llave de paso,Plomería,Lima,Tienda,1,28,0.03,27.16,4.41,Plin
V00184,2024-10-04,C0464,Empresa,Brocha 3 pulgadas,Pinturas,Piura,Tienda,3,18,0.03,52.38,13.58,Yape
V00185,2024-07-31,C0330,Profesional,Cemento 42.5kg,Construcción,Cusco,Tienda,4,32,0.05,121.6,26.95,Yape
V00186,2024-12-31,C0362,Hogar,Taladro inalámbrico,Herramientas,La Libertad,Web,3,260,0.0,780.0,122.1,Yape
V00187,2025-12-10,C0464,Profesional,Alicate,Herramientas,Lima,Tienda,6,38,0.03,221.16,66.77,Transferencia
V00188,2025-11-04,C0290,Hogar,Cable eléctrico 10m,Electricidad,Arequipa,App,7,42,0.03,285.18,92.19,Tarjeta
V00189,2024-04-20,C0427,Profesional,Guantes de trabajo,Seguridad,Junín,Tienda,4,22,0.0,88.0,24.95,Plin
V00190,2025-12-23,C0187,Profesional,Foco LED,Electricidad,Lima,Tienda,6,15,0.03,87.3,27.35,Yape
V00191,2024-06-24,C0483,Empresa,Llave de paso,Plomería,Piura,Tienda,6,28,0.05,159.6,37.99,Efectivo
V00192,2024-03-26,C0051,Profesional,Casco de seguridad,Seguridad,Arequipa,Web,5,35,0.08,161.0,32.58,Plin
V00193,2025-11-14,C0185,Hogar,Cable eléctrico 10m,Electricidad,Lima,App,7,42,0.05,279.3,59.63,Tarjeta
V00194,2025-06-17,C0438,Hogar,Pintura látex 4L,Pinturas,La Libertad,Web,6,95,0.03,552.9,103.3,Plin
V00195,2024-03-24,C0189,Profesional,Llave de paso,Plomería,Lima,Web,5,28,0.0,140.0,37.38,Tarjeta
V00196,2025-02-23,C0095,Hogar,Casco de seguridad,Seguridad,Junín,Marketplace,4,35,0.0,140.0,21.1,Tarjeta
V00197,2024-06-28,C0041,Profesional,Pintura látex 4L,Pinturas,La Libertad,Web,3,95,0.08,262.2,87.67,Efectivo
V00198,2024-05-29,C0268,Empresa,Tubo PVC 1/2,Plomería,Cusco,Tienda,4,8,0.03,31.04,3.97,Efectivo
V00199,2024-10-11,C0023,Empresa,Pintura látex 4L,Pinturas,Piura,Tienda,5,95,0.03,460.75,146.82,Efectivo
V00200,2025-06-11,C0268,Empresa,Cemento 42.5kg,Construcción,La Libertad,Tienda,1,32,0.08,29.44,4.54,Plin
V00201,2024-07-30,C0156,Hogar,Alicate,Herramientas,Arequipa,Marketplace,4,38,0.0,152.0,50.64,Yape
V00202,2025-01-30,C0416,Empresa,Pintura látex 4L,Pinturas,Arequipa,Marketplace,1,95,0.08,87.4,24.1,Efectivo
V00203,2024-10-10,C0272,Empresa,Cable eléctrico 10m,Electricidad,Junín,App,1,42,0.08,38.64,9.28,Efectivo
V00204,2024-07-23,C0181,Hogar,Alicate,Herramientas,Lima,Tienda,4,38,0.05,144.4,29.6,Tarjeta
V00205,2025-09-02,C0307,Hogar,Foco LED,Electricidad,Junín,Tienda,6,15,0.03,87.3,28.35,Tarjeta
V00206,2025-04-30,C0469,Empresa,Cemento 42.5kg,Construcción,Lima,Tienda,7,32,0.0,224.0,52.3,Yape
V00207,2024-04-18,C0285,Empresa,Tubo PVC 1/2,Plomería,Junín,Web,2,8,0.0,16.0,2.61,Plin
V00208,2025-04-21,C0433,Empresa,Alicate,Herramientas,Lima,Tienda,2,38,0.08,69.92,17.89,Yape
V00209,2025-09-12,C0190,Profesional,Llave de paso,Plomería,Lima,Tienda,2,28,0.03,54.32,17.82,Plin
V00210,2024-04-28,C0218,Hogar,Cable eléctrico 10m,Electricidad,Piura,Tienda,3,42,0.05,119.7,32.08,Transferencia
V00211,2025-03-06,C0249,Profesional,Brocha 3 pulgadas,Pinturas,Lima,Web,7,18,0.0,126.0,18.09,Plin
V00212,2025-11-04,C0211,Hogar,Cemento 42.5kg,Construcción,Piura,Tienda,7,32,0.05,212.8,47.91,Plin
V00213,2024-01-13,C0235,Empresa,Brocha 3 pulgadas,Pinturas,Junín,Tienda,5,18,0.0,90.0,30.23,Plin
V00214,2025-10-22,C0215,Profesional,Alicate,Herramientas,Junín,Web,6,38,0.05,216.6,63.24,Efectivo
V00215,2025-11-10,C0481,Hogar,Cemento 42.5kg,Construcción,Arequipa,App,3,32,0.05,91.2,24.42,Plin
V00216,2025-01-24,C0108,Profesional,Tubo PVC 1/2,Plomería,Cusco,Tienda,4,8,0.05,30.4,6.72,Tarjeta
V00217,2025-06-19,C0137,Hogar,Tubo PVC 1/2,Plomería,Lima,Tienda,5,8,0.05,38.0,12.04,Efectivo
V00218,2024-05-18,C0442,Profesional,Cemento 42.5kg,Construcción,Junín,Tienda,2,32,0.03,62.08,14.68,Transferencia
V00219,2024-10-11,C0137,Hogar,Alicate,Herramientas,Cusco,Web,3,38,0.05,108.3,16.51,Tarjeta
V00220,2024-06-24,C0392,Profesional,Alicate,Herramientas,Lima,Web,5,38,0.0,190.0,42.91,Efectivo
V00221,2024-05-12,C0089,Profesional,Llave de paso,Plomería,Cusco,Tienda,6,28,0.0,168.0,33.5,Yape
V00222,2024-09-24,C0066,Hogar,Guantes de trabajo,Seguridad,Piura,Tienda,6,22,0.03,128.04,23.05,Yape
V00223,2024-09-23,C0249,Profesional,Guantes de trabajo,Seguridad,Lima,Marketplace,2,22,0.08,40.48,13.14,Efectivo
V00224,2025-01-03,C0396,Profesional,Llave de paso,Plomería,Piura,Tienda,5,28,0.08,128.8,41.2,Tarjeta
V00225,2024-11-25,C0285,Profesional,Foco LED,Electricidad,Arequipa,Tienda,4,15,0.05,57.0,11.95,Efectivo
V00226,2025-07-17,C0498,Empresa,Brocha 3 pulgadas,Pinturas,Lima,Tienda,2,18,0.08,33.12,10.15,Efectivo
V00227,2025-04-04,C0470,Hogar,Martillo profesional,Herramientas,La Libertad,Tienda,3,65,0.03,189.15,47.93,Plin
V00228,2025-04-05,C0475,Hogar,Pintura látex 4L,Pinturas,Lima,App,2,95,0.0,190.0,25.22,Efectivo
V00229,2025-12-16,C0133,Empresa,Brocha 3 pulgadas,Pinturas,Piura,App,2,18,0.0,36.0,10.75,Tarjeta
V00230,2024-09-07,C0483,Hogar,Casco de seguridad,Seguridad,Lima,Web,6,35,0.0,210.0,37.96,Plin
V00231,2025-02-27,C0190,Profesional,Brocha 3 pulgadas,Pinturas,La Libertad,Tienda,2,18,0.08,33.12,9.6,Yape
V00232,2024-06-01,C0104,Profesional,Foco LED,Electricidad,Piura,Tienda,4,15,0.1,54.0,6.94,Efectivo
V00233,2024-06-21,C0095,Hogar,Martillo profesional,Herramientas,Arequipa,Web,3,65,0.05,185.25,37.37,Plin
V00234,2024-04-08,C0492,Hogar,Brocha 3 pulgadas,Pinturas,Arequipa,Marketplace,7,18,0.05,119.7,32.55,Plin
V00235,2025-12-09,C0049,Profesional,Taladro inalámbrico,Herramientas,Lima,Tienda,2,260,0.05,494.0,141.29,Yape
V00236,2024-06-03,C0454,Profesional,Tubo PVC 1/2,Plomería,Arequipa,Tienda,4,8,0.03,31.04,9.16,Yape
V00237,2025-01-10,C0202,Hogar,Martillo profesional,Herramientas,Cusco,Tienda,2,65,0.0,130.0,42.59,Efectivo
V00238,2024-11-12,C0392,Hogar,Cemento 42.5kg,Construcción,Cusco,Marketplace,1,32,0.0,32.0,8.34,Efectivo
V00239,2025-09-19,C0434,Hogar,Pintura látex 4L,Pinturas,Lima,App,6,95,0.0,570.0,74.74,Transferencia
V00240,2024-03-18,C0365,Hogar,Cable eléctrico 10m,Electricidad,Lima,Web,1,42,0.08,38.64,12.61,Efectivo
V00241,2025-03-29,C0144,Hogar,Casco de seguridad,Seguridad,La Libertad,Web,6,35,0.08,193.2,55.03,Yape
V00242,2025-08-31,C0394,Empresa,Brocha 3 pulgadas,Pinturas,Piura,App,4,18,0.05,68.4,14.15,Yape
V00243,2024-09-03,C0398,Empresa,Cemento 42.5kg,Construcción,Lima,Marketplace,5,32,0.05,152.0,24.54,Transferencia
V00244,2025-04-26,C0237,Empresa,Martillo profesional,Herramientas,Junín,Tienda,7,65,0.03,441.35,114.93,Tarjeta
V00245,2025-03-15,C0192,Empresa,Cable eléctrico 10m,Electricidad,Cusco,Tienda,7,42,0.03,285.18,83.65,Efectivo
V00246,2024-08-03,C0330,Profesional,Pintura látex 4L,Pinturas,La Libertad,Tienda,6,95,0.03,552.9,140.1,Tarjeta
V00247,2024-12-12,C0028,Hogar,Casco de seguridad,Seguridad,Piura,Tienda,5,35,0.05,166.25,38.08,Efectivo
V00248,2024-09-20,C0375,Hogar,Guantes de trabajo,Seguridad,Arequipa,App,3,22,0.1,59.4,7.79,Efectivo
V00249,2024-10-26,C0390,Hogar,Brocha 3 pulgadas,Pinturas,Piura,Tienda,7,18,0.0,126.0,29.85,Yape
V00250,2024-09-28,C0372,Profesional,Tubo PVC 1/2,Plomería,Lima,Web,7,8,0.05,53.2,13.82,Plin
V00251,2025-09-03,C0406,Hogar,Taladro inalámbrico,Herramientas,La Libertad,Tienda,5,260,0.0,1300.0,409.98,Plin
V00252,2025-08-26,C0167,Hogar,Cemento 42.5kg,Construcción,Junín,Tienda,7,32,0.1,201.6,65.08,Yape
V00253,2024-03-05,C0038,Hogar,Pintura látex 4L,Pinturas,Arequipa,Web,1,95,0.0,95.0,32.09,Efectivo
V00254,2024-08-12,C0320,Profesional,Martillo profesional,Herramientas,La Libertad,Web,6,65,0.05,370.5,116.37,Transferencia
V00255,2024-11-03,C0399,Hogar,Brocha 3 pulgadas,Pinturas,Cusco,Tienda,3,18,0.05,51.3,8.07,Tarjeta
V00256,2025-04-17,C0429,Hogar,Alicate,Herramientas,La Libertad,Tienda,6,38,0.03,221.16,59.92,Transferencia
V00257,2024-03-22,C0148,Profesional,Alicate,Herramientas,Junín,Web,2,38,0.05,72.2,23.12,Yape
V00258,2025-11-06,C0068,Profesional,Cemento 42.5kg,Construcción,Arequipa,App,5,32,0.05,152.0,39.09,Transferencia
V00259,2024-11-14,C0044,Hogar,Cable eléctrico 10m,Electricidad,Junín,App,1,42,0.03,40.74,8.55,Plin
V00260,2024-01-28,C0381,Profesional,Alicate,Herramientas,Arequipa,Web,2,38,0.08,69.92,16.79,Plin
V00261,2025-04-14,C0301,Profesional,Brocha 3 pulgadas,Pinturas,Lima,Web,7,18,0.05,119.7,28.29,Tarjeta
V00262,2025-02-11,C0235,Empresa,Brocha 3 pulgadas,Pinturas,Arequipa,Tienda,4,18,0.1,64.8,14.81,Plin
V00263,2025-04-17,C0216,Profesional,Llave de paso,Plomería,Arequipa,Tienda,2,28,0.0,56.0,6.73,Transferencia
V00264,2025-12-07,C0084,Profesional,Pintura látex 4L,Pinturas,Junín,Web,4,95,0.0,380.0,124.27,Yape
V00265,2024-07-01,C0453,Profesional,Cemento 42.5kg,Construcción,Lima,App,3,32,0.08,88.32,15.08,Transferencia
V00266,2024-09-12,C0126,Hogar,Tubo PVC 1/2,Plomería,Arequipa,Marketplace,7,8,0.0,56.0,10.25,Plin
V00267,2025-06-11,C0430,Empresa,Taladro inalámbrico,Herramientas,Junín,Web,7,260,0.05,1729.0,450.55,Yape
V00268,2024-06-25,C0493,Empresa,Brocha 3 pulgadas,Pinturas,La Libertad,App,6,18,0.03,104.76,22.71,Efectivo
V00269,2024-02-28,C0281,Profesional,Casco de seguridad,Seguridad,Arequipa,Tienda,2,35,0.03,67.9,16.32,Transferencia
V00270,2025-01-20,C0064,Hogar,Brocha 3 pulgadas,Pinturas,Arequipa,Web,6,18,0.03,104.76,20.19,Efectivo
V00271,2024-05-09,C0011,Hogar,Taladro inalámbrico,Herramientas,Lima,Web,2,260,0.08,478.4,115.71,Tarjeta
V00272,2025-11-05,C0291,Hogar,Guantes de trabajo,Seguridad,Lima,Tienda,2,22,0.0,44.0,5.81,Efectivo
V00273,2024-10-06,C0036,Profesional,Foco LED,Electricidad,Arequipa,Tienda,5,15,0.03,72.75,15.82,Efectivo
V00274,2025-05-13,C0076,Hogar,Foco LED,Electricidad,Piura,App,2,15,0.1,27.0,6.5,Transferencia
V00275,2025-02-13,C0151,Profesional,Pintura látex 4L,Pinturas,Piura,Tienda,5,95,0.1,427.5,97.77,Yape
V00276,2024-09-19,C0010,Hogar,Brocha 3 pulgadas,Pinturas,Arequipa,Web,1,18,0.03,17.46,4.83,Transferencia
V00277,2024-02-03,C0052,Profesional,Cable eléctrico 10m,Electricidad,Arequipa,Tienda,6,42,0.08,231.84,64.12,Transferencia
V00278,2024-04-28,C0207,Hogar,Pintura látex 4L,Pinturas,Lima,Marketplace,1,95,0.0,95.0,20.91,Efectivo
V00279,2024-08-09,C0463,Empresa,Llave de paso,Plomería,Arequipa,App,2,28,0.1,50.4,6.25,Tarjeta
V00280,2024-05-19,C0276,Hogar,Brocha 3 pulgadas,Pinturas,Lima,Web,7,18,0.1,113.4,37.83,Efectivo
V00281,2025-01-01,C0077,Profesional,Casco de seguridad,Seguridad,Piura,App,5,35,0.03,169.75,41.73,Tarjeta
V00282,2025-02-02,C0157,Empresa,Pintura látex 4L,Pinturas,Lima,Tienda,6,95,0.05,541.5,125.72,Transferencia
V00283,2025-03-09,C0472,Profesional,Casco de seguridad,Seguridad,Lima,Marketplace,2,35,0.0,70.0,15.54,Yape
V00284,2025-03-07,C0310,Empresa,Cable eléctrico 10m,Electricidad,Lima,App,3,42,0.08,115.92,20.07,Yape
V00285,2025-05-05,C0338,Hogar,Cable eléctrico 10m,Electricidad,Junín,Web,7,42,0.0,294.0,41.0,Tarjeta
V00286,2024-01-19,C0423,Profesional,Alicate,Herramientas,Junín,Web,6,38,0.03,221.16,42.84,Efectivo
V00287,2024-09-15,C0443,Profesional,Alicate,Herramientas,Junín,Tienda,7,38,0.05,252.7,36.77,Tarjeta
V00288,2024-11-28,C0070,Hogar,Pintura látex 4L,Pinturas,Piura,Web,5,95,0.0,475.0,86.95,Plin
V00289,2024-08-11,C0187,Profesional,Cemento 42.5kg,Construcción,Piura,Tienda,2,32,0.0,64.0,16.33,Tarjeta
V00290,2025-07-13,C0406,Hogar,Llave de paso,Plomería,La Libertad,Web,2,28,0.05,53.2,11.0,Plin
V00291,2025-09-16,C0211,Hogar,Martillo profesional,Herramientas,Lima,Marketplace,1,65,0.05,61.75,12.09,Transferencia
V00292,2025-10-22,C0143,Profesional,Cemento 42.5kg,Construcción,Arequipa,Marketplace,1,32,0.05,30.4,8.76,Transferencia
V00293,2025-12-02,C0274,Hogar,Casco de seguridad,Seguridad,Piura,Marketplace,7,35,0.0,245.0,53.38,Yape
V00294,2025-01-09,C0162,Profesional,Pintura látex 4L,Pinturas,Lima,Web,1,95,0.05,90.25,27.56,Efectivo
V00295,2025-12-21,C0133,Profesional,Taladro inalámbrico,Herramientas,Lima,Web,1,260,0.0,260.0,85.28,Tarjeta
V00296,2025-12-12,C0130,Profesional,Taladro inalámbrico,Herramientas,Piura,Web,7,260,0.05,1729.0,576.88,Efectivo
V00297,2024-08-28,C0266,Empresa,Martillo profesional,Herramientas,Junín,Tienda,2,65,0.08,119.6,24.61,Tarjeta
V00298,2025-06-06,C0341,Hogar,Pintura látex 4L,Pinturas,Arequipa,Tienda,1,95,0.03,92.15,15.12,Transferencia
V00299,2024-12-02,C0234,Hogar,Foco LED,Electricidad,Lima,Web,3,15,0.03,43.65,12.12,Efectivo
V00300,2025-06-25,C0020,Profesional,Cemento 42.5kg,Construcción,Arequipa,Tienda,2,32,0.1,57.6,11.25,Tarjeta
V00301,2025-10-24,C0469,Profesional,Brocha 3 pulgadas,Pinturas,Lima,App,6,18,0.0,108.0,32.13,Transferencia
V00302,2024-03-22,C0260,Profesional,Brocha 3 pulgadas,Pinturas,Piura,Web,7,18,0.03,122.22,19.05,Tarjeta
V00303,2024-07-08,C0020,Hogar,Tubo PVC 1/2,Plomería,Piura,Tienda,1,8,0.1,7.2,1.28,Yape
V00304,2025-10-28,C0190,Hogar,Alicate,Herramientas,La Libertad,Tienda,1,38,0.03,36.86,5.99,Yape
V00305,2024-08-01,C0379,Empresa,Cemento 42.5kg,Construcción,Cusco,Web,1,32,0.0,32.0,5.26,Efectivo
V00306,2024-02-19,C0383,Profesional,Alicate,Herramientas,Cusco,Web,4,38,0.03,147.44,42.8,Efectivo
V00307,2024-02-19,C0465,Hogar,Martillo profesional,Herramientas,La Libertad,App,6,65,0.08,358.8,67.4,Efectivo
V00308,2025-05-03,C0386,Profesional,Taladro inalámbrico,Herramientas,Piura,Marketplace,1,260,0.05,247.0,31.5,Transferencia
V00309,2025-09-14,C0022,Hogar,Tubo PVC 1/2,Plomería,Cusco,Tienda,1,8,0.03,7.76,1.64,Yape
V00310,2025-09-21,C0447,Hogar,Guantes de trabajo,Seguridad,Piura,Web,3,22,0.08,60.72,10.9,Yape
V00311,2024-02-06,C0076,Hogar,Taladro inalámbrico,Herramientas,Arequipa,Tienda,3,260,0.03,756.6,174.46,Plin
V00312,2024-01-06,C0393,Empresa,Llave de paso,Plomería,Arequipa,Tienda,6,28,0.03,162.96,54.32,Efectivo
V00313,2024-08-09,C0293,Hogar,Casco de seguridad,Seguridad,Lima,Tienda,4,35,0.0,140.0,42.0,Efectivo
V00314,2024-09-03,C0299,Profesional,Tubo PVC 1/2,Plomería,Lima,Web,4,8,0.05,30.4,4.04,Tarjeta
V00315,2024-10-19,C0469,Empresa,Cemento 42.5kg,Construcción,Junín,Tienda,2,32,0.05,60.8,8.88,Tarjeta
V00316,2024-12-10,C0079,Hogar,Martillo profesional,Herramientas,Piura,Web,5,65,0.05,308.75,67.12,Efectivo
V00317,2025-11-04,C0044,Hogar,Cemento 42.5kg,Construcción,Arequipa,Marketplace,7,32,0.05,212.8,68.72,Efectivo
V00318,2025-06-23,C0209,Hogar,Tubo PVC 1/2,Plomería,Arequipa,Tienda,3,8,0.03,23.28,5.11,Efectivo
V00319,2024-03-26,C0327,Hogar,Llave de paso,Plomería,Arequipa,Tienda,5,28,0.0,140.0,17.99,Transferencia
V00320,2024-12-22,C0069,Hogar,Alicate,Herramientas,La Libertad,Web,7,38,0.05,252.7,79.04,Yape
V00321,2025-02-01,C0128,Hogar,Llave de paso,Plomería,Junín,Tienda,3,28,0.0,84.0,16.9,Tarjeta
V00322,2025-05-21,C0267,Profesional,Cemento 42.5kg,Construcción,Lima,Web,5,32,0.03,155.2,30.42,Yape
V00323,2025-10-28,C0397,Hogar,Cemento 42.5kg,Construcción,Piura,App,7,32,0.05,212.8,68.13,Plin
V00324,2024-11-20,C0282,Hogar,Foco LED,Electricidad,Piura,Web,7,15,0.05,99.75,14.01,Transferencia
V00325,2025-11-08,C0307,Profesional,Taladro inalámbrico,Herramientas,Arequipa,Marketplace,6,260,0.08,1435.2,370.81,Efectivo
V00326,2024-04-23,C0431,Profesional,Taladro inalámbrico,Herramientas,Cusco,Tienda,1,260,0.05,247.0,41.39,Plin
V00327,2025-05-20,C0047,Empresa,Guantes de trabajo,Seguridad,Piura,Tienda,3,22,0.05,62.7,10.34,Transferencia
V00328,2025-03-04,C0306,Hogar,Cemento 42.5kg,Construcción,Arequipa,Tienda,3,32,0.1,86.4,23.83,Yape
V00329,2025-11-29,C0365,Empresa,Taladro inalámbrico,Herramientas,Junín,Web,6,260,0.0,1560.0,188.87,Transferencia
V00330,2025-07-28,C0261,Hogar,Pintura látex 4L,Pinturas,Junín,Marketplace,4,95,0.03,368.6,70.56,Plin
V00331,2024-01-03,C0091,Hogar,Cable eléctrico 10m,Electricidad,Lima,Tienda,7,42,0.0,294.0,60.16,Yape
V00332,2025-09-07,C0017,Hogar,Martillo profesional,Herramientas,Lima,Tienda,6,65,0.05,370.5,119.39,Plin
V00333,2024-03-30,C0100,Profesional,Cemento 42.5kg,Construcción,Cusco,Web,2,32,0.1,57.6,9.56,Plin
V00334,2025-06-22,C0215,Profesional,Martillo profesional,Herramientas,Junín,Tienda,3,65,0.08,179.4,27.0,Efectivo
V00335,2025-05-24,C0035,Profesional,Foco LED,Electricidad,La Libertad,App,4,15,0.0,60.0,9.45,Yape
V00336,2024-02-25,C0045,Hogar,Taladro inalámbrico,Herramientas,La Libertad,Marketplace,1,260,0.08,239.2,72.67,Tarjeta
V00337,2024-07-27,C0398,Profesional,Brocha 3 pulgadas,Pinturas,Lima,Marketplace,2,18,0.05,34.2,7.31,Plin
V00338,2024-07-31,C0239,Empresa,Tubo PVC 1/2,Plomería,Lima,App,2,8,0.08,14.72,1.93,Transferencia
V00339,2024-09-12,C0261,Profesional,Alicate,Herramientas,Cusco,Tienda,2,38,0.03,73.72,14.79,Yape
V00340,2025-08-12,C0437,Profesional,Alicate,Herramientas,Arequipa,App,2,38,0.03,73.72,11.28,Tarjeta
V00341,2025-02-21,C0005,Hogar,Casco de seguridad,Seguridad,Junín,Marketplace,6,35,0.0,210.0,32.16,Transferencia
V00342,2025-09-12,C0297,Profesional,Cemento 42.5kg,Construcción,La Libertad,Tienda,1,32,0.05,30.4,4.13,Yape
V00343,2024-10-16,C0095,Hogar,Cemento 42.5kg,Construcción,Cusco,Web,5,32,0.1,144.0,25.44,Plin
V00344,2024-10-11,C0403,Hogar,Pintura látex 4L,Pinturas,Arequipa,Tienda,6,95,0.08,524.4,165.9,Plin
V00345,2025-10-26,C0488,Hogar,Guantes de trabajo,Seguridad,Junín,Web,3,22,0.1,59.4,16.04,Plin
V00346,2024-04-10,C0034,Empresa,Tubo PVC 1/2,Plomería,Piura,Tienda,1,8,0.0,8.0,1.89,Tarjeta
V00347,2025-11-09,C0363,Hogar,Alicate,Herramientas,Lima,Web,6,38,0.0,228.0,72.52,Transferencia
V00348,2025-10-04,C0294,Hogar,Cemento 42.5kg,Construcción,La Libertad,Marketplace,6,32,0.08,176.64,49.11,Transferencia
V00349,2025-05-05,C0379,Empresa,Taladro inalámbrico,Herramientas,Cusco,Tienda,5,260,0.05,1235.0,266.97,Tarjeta
V00350,2024-02-12,C0025,Hogar,Brocha 3 pulgadas,Pinturas,La Libertad,Web,4,18,0.05,68.4,16.81,Plin
V00351,2024-07-27,C0396,Profesional,Tubo PVC 1/2,Plomería,La Libertad,Web,5,8,0.05,38.0,9.92,Plin
V00352,2025-12-14,C0437,Profesional,Alicate,Herramientas,Junín,Web,1,38,0.03,36.86,8.7,Tarjeta
V00353,2024-10-04,C0297,Profesional,Pintura látex 4L,Pinturas,Junín,Web,2,95,0.05,180.5,54.52,Yape
V00354,2024-07-12,C0185,Hogar,Guantes de trabajo,Seguridad,Piura,Tienda,7,22,0.05,146.3,34.28,Tarjeta
V00355,2025-12-21,C0118,Hogar,Martillo profesional,Herramientas,Junín,App,3,65,0.1,175.5,40.56,Yape
V00356,2025-02-23,C0056,Profesional,Guantes de trabajo,Seguridad,La Libertad,Tienda,3,22,0.08,60.72,18.01,Efectivo
V00357,2025-04-19,C0262,Profesional,Pintura látex 4L,Pinturas,Arequipa,App,1,95,0.1,85.5,26.88,Yape
V00358,2025-07-18,C0476,Profesional,Brocha 3 pulgadas,Pinturas,Piura,Tienda,4,18,0.0,72.0,19.46,Yape
V00359,2025-07-24,C0322,Profesional,Cable eléctrico 10m,Electricidad,Piura,Tienda,7,42,0.1,264.6,62.74,Plin
V00360,2024-09-20,C0073,Hogar,Cemento 42.5kg,Construcción,La Libertad,Tienda,1,32,0.0,32.0,9.73,Plin
V00361,2025-07-17,C0314,Empresa,Tubo PVC 1/2,Plomería,Cusco,Marketplace,2,8,0.05,15.2,3.05,Tarjeta
V00362,2025-01-28,C0311,Profesional,Taladro inalámbrico,Herramientas,Arequipa,Tienda,7,260,0.08,1674.4,433.47,Transferencia
V00363,2024-04-14,C0189,Hogar,Taladro inalámbrico,Herramientas,Piura,Web,7,260,0.05,1729.0,504.73,Plin
V00364,2024-04-10,C0264,Hogar,Taladro inalámbrico,Herramientas,Lima,Tienda,4,260,0.03,1008.8,176.5,Efectivo
V00365,2024-06-26,C0250,Profesional,Cable eléctrico 10m,Electricidad,Piura,Tienda,3,42,0.03,122.22,29.28,Efectivo
V00366,2024-07-05,C0232,Hogar,Foco LED,Electricidad,Piura,App,5,15,0.0,75.0,13.33,Transferencia
V00367,2024-08-24,C0199,Hogar,Martillo profesional,Herramientas,Piura,Web,6,65,0.05,370.5,93.69,Tarjeta
V00368,2025-04-13,C0376,Profesional,Taladro inalámbrico,Herramientas,Cusco,Web,7,260,0.0,1820.0,441.66,Plin
V00369,2024-04-10,C0464,Hogar,Cemento 42.5kg,Construcción,Junín,Tienda,5,32,0.08,147.2,21.62,Efectivo
V00370,2025-09-25,C0168,Hogar,Brocha 3 pulgadas,Pinturas,Junín,Tienda,2,18,0.0,36.0,7.85,Plin
V00371,2025-09-22,C0063,Hogar,Guantes de trabajo,Seguridad,Piura,Tienda,6,22,0.08,121.44,32.01,Efectivo
V00372,2024-11-14,C0206,Profesional,Tubo PVC 1/2,Plomería,Arequipa,App,3,8,0.1,21.6,7.11,Plin
V00373,2025-08-10,C0117,Profesional,Llave de paso,Plomería,Lima,Marketplace,1,28,0.0,28.0,7.14,Yape
V00374,2024-03-04,C0136,Profesional,Casco de seguridad,Seguridad,Junín,Marketplace,6,35,0.05,199.5,57.86,Tarjeta
V00375,2025-10-26,C0480,Hogar,Foco LED,Electricidad,Arequipa,Web,6,15,0.1,81.0,25.36,Efectivo
V00376,2024-02-13,C0145,Hogar,Martillo profesional,Herramientas,La Libertad,Web,3,65,0.05,185.25,36.19,Tarjeta
V00377,2024-05-15,C0215,Profesional,Alicate,Herramientas,Arequipa,App,7,38,0.05,252.7,59.29,Yape
V00378,2025-12-26,C0288,Empresa,Tubo PVC 1/2,Plomería,Junín,Marketplace,2,8,0.05,15.2,4.37,Yape
V00379,2024-05-04,C0424,Empresa,Tubo PVC 1/2,Plomería,Junín,App,6,8,0.08,44.16,11.76,Plin
V00380,2024-06-01,C0198,Profesional,Tubo PVC 1/2,Plomería,Arequipa,Tienda,6,8,0.05,45.6,14.77,Tarjeta
V00381,2025-02-17,C0123,Profesional,Cemento 42.5kg,Construcción,Arequipa,Marketplace,6,32,0.03,186.24,38.5,Efectivo
V00382,2024-08-08,C0308,Hogar,Cable eléctrico 10m,Electricidad,Junín,Web,1,42,0.05,39.9,8.89,Yape
V00383,2025-07-27,C0409,Profesional,Cemento 42.5kg,Construcción,Lima,App,5,32,0.05,152.0,34.03,Yape
V00384,2025-05-01,C0143,Profesional,Foco LED,Electricidad,Cusco,App,6,15,0.0,90.0,22.34,Yape
V00385,2024-10-11,C0191,Empresa,Pintura látex 4L,Pinturas,Junín,Marketplace,2,95,0.05,180.5,59.33,Efectivo
V00386,2025-11-20,C0197,Empresa,Pintura látex 4L,Pinturas,La Libertad,Web,2,95,0.08,174.8,22.21,Transferencia
V00387,2024-01-16,C0235,Empresa,Taladro inalámbrico,Herramientas,Junín,Tienda,3,260,0.08,717.6,198.13,Yape
V00388,2024-08-07,C0125,Hogar,Foco LED,Electricidad,Lima,Tienda,5,15,0.1,67.5,11.77,Efectivo
V00389,2024-11-05,C0279,Profesional,Cemento 42.5kg,Construcción,La Libertad,Tienda,4,32,0.1,115.2,14.13,Efectivo
V00390,2025-09-08,C0393,Hogar,Brocha 3 pulgadas,Pinturas,Lima,Marketplace,3,18,0.0,54.0,15.28,Yape
V00391,2024-01-25,C0168,Hogar,Guantes de trabajo,Seguridad,Arequipa,Tienda,1,22,0.03,21.34,5.17,Plin
V00392,2025-12-24,C0047,Profesional,Taladro inalámbrico,Herramientas,Arequipa,App,4,260,0.05,988.0,243.61,Tarjeta
V00393,2025-07-20,C0094,Profesional,Guantes de trabajo,Seguridad,La Libertad,Tienda,3,22,0.08,60.72,10.04,Tarjeta
V00394,2025-02-18,C0442,Profesional,Taladro inalámbrico,Herramientas,La Libertad,App,6,260,0.08,1435.2,197.73,Efectivo
V00395,2025-07-03,C0460,Hogar,Foco LED,Electricidad,Arequipa,Tienda,5,15,0.05,71.25,18.78,Yape
V00396,2024-02-10,C0421,Empresa,Cable eléctrico 10m,Electricidad,Junín,App,7,42,0.03,285.18,76.59,Tarjeta
V00397,2025-03-16,C0178,Profesional,Pintura látex 4L,Pinturas,Arequipa,Tienda,7,95,0.0,665.0,190.12,Plin
V00398,2024-03-08,C0319,Hogar,Foco LED,Electricidad,Junín,App,1,15,0.0,15.0,2.14,Yape
V00399,2024-11-27,C0193,Profesional,Pintura látex 4L,Pinturas,Piura,App,5,95,0.05,451.25,146.97,Tarjeta
V00400,2025-01-20,C0314,Hogar,Pintura látex 4L,Pinturas,Arequipa,App,7,95,0.08,611.8,151.44,Transferencia
V00401,2024-11-25,C0298,Hogar,Tubo PVC 1/2,Plomería,Junín,Tienda,7,8,0.05,53.2,7.1,Yape
V00402,2024-01-16,C0023,Empresa,Foco LED,Electricidad,Junín,Tienda,6,15,0.0,90.0,14.08,Transferencia
V00403,2025-07-14,C0299,Hogar,Llave de paso,Plomería,Lima,Tienda,1,28,0.05,26.6,4.85,Efectivo
V00404,2025-12-13,C0491,Profesional,Brocha 3 pulgadas,Pinturas,Lima,Tienda,5,18,0.0,90.0,29.73,Plin
V00405,2025-09-21,C0226,Profesional,Alicate,Herramientas,Junín,App,6,38,0.05,216.6,36.57,Efectivo
V00406,2025-01-17,C0186,Hogar,Tubo PVC 1/2,Plomería,Junín,Web,5,8,0.05,38.0,6.82,Transferencia
V00407,2024-09-27,C0294,Hogar,Foco LED,Electricidad,Arequipa,App,4,15,0.0,60.0,9.96,Tarjeta
V00408,2024-08-15,C0408,Hogar,Brocha 3 pulgadas,Pinturas,Arequipa,Marketplace,3,18,0.03,52.38,11.26,Transferencia
V00409,2024-01-05,C0229,Hogar,Llave de paso,Plomería,Piura,Tienda,5,28,0.03,135.8,38.64,Plin
V00410,2025-09-08,C0206,Profesional,Foco LED,Electricidad,Junín,Tienda,1,15,0.03,14.55,2.14,Efectivo
V00411,2024-11-12,C0125,Hogar,Alicate,Herramientas,La Libertad,Tienda,5,38,0.05,180.5,22.46,Yape
V00412,2024-04-01,C0081,Hogar,Martillo profesional,Herramientas,Junín,Tienda,3,65,0.05,185.25,22.27,Plin
V00413,2024-12-26,C0471,Hogar,Llave de paso,Plomería,Piura,Tienda,4,28,0.0,112.0,14.04,Tarjeta
V00414,2025-02-01,C0494,Hogar,Guantes de trabajo,Seguridad,Cusco,Tienda,7,22,0.05,146.3,37.2,Efectivo
V00415,2024-11-15,C0466,Hogar,Guantes de trabajo,Seguridad,Cusco,Tienda,5,22,0.03,106.7,21.82,Efectivo
V00416,2024-10-24,C0462,Profesional,Brocha 3 pulgadas,Pinturas,Arequipa,Tienda,5,18,0.1,81.0,10.75,Transferencia
V00417,2024-08-29,C0078,Hogar,Foco LED,Electricidad,Junín,Tienda,4,15,0.05,57.0,12.56,Efectivo
V00418,2025-09-30,C0081,Profesional,Cemento 42.5kg,Construcción,Arequipa,Web,5,32,0.1,144.0,17.52,Tarjeta
V00419,2024-09-07,C0349,Profesional,Cemento 42.5kg,Construcción,Arequipa,Web,5,32,0.05,152.0,30.45,Yape
V00420,2025-06-23,C0161,Hogar,Brocha 3 pulgadas,Pinturas,La Libertad,Tienda,7,18,0.05,119.7,26.79,Yape
V00421,2025-12-24,C0085,Hogar,Martillo profesional,Herramientas,Piura,Tienda,7,65,0.0,455.0,136.17,Plin
V00422,2025-11-10,C0077,Profesional,Foco LED,Electricidad,Junín,Marketplace,6,15,0.1,81.0,25.32,Tarjeta
V00423,2025-01-18,C0006,Hogar,Alicate,Herramientas,Piura,App,4,38,0.03,147.44,22.79,Efectivo
V00424,2024-03-23,C0129,Profesional,Cable eléctrico 10m,Electricidad,Cusco,Tienda,7,42,0.0,294.0,73.58,Yape
V00425,2024-05-26,C0326,Hogar,Martillo profesional,Herramientas,Junín,Web,5,65,0.0,325.0,72.54,Efectivo
V00426,2024-06-08,C0359,Empresa,Tubo PVC 1/2,Plomería,Junín,Tienda,6,8,0.05,45.6,12.59,Transferencia
V00427,2025-06-28,C0121,Hogar,Brocha 3 pulgadas,Pinturas,La Libertad,Tienda,1,18,0.05,17.1,2.3,Plin
V00428,2024-04-12,C0155,Profesional,Pintura látex 4L,Pinturas,La Libertad,Web,5,95,0.08,437.0,131.46,Plin
V00429,2025-07-04,C0050,Profesional,Alicate,Herramientas,Arequipa,Tienda,5,38,0.0,190.0,63.73,Plin
V00430,2025-04-25,C0295,Hogar,Cemento 42.5kg,Construcción,Junín,App,6,32,0.0,192.0,55.75,Tarjeta
V00431,2024-11-24,C0350,Hogar,Cemento 42.5kg,Construcción,La Libertad,Marketplace,3,32,0.08,88.32,25.41,Transferencia
V00432,2024-10-18,C0197,Profesional,Pintura látex 4L,Pinturas,Arequipa,Web,1,95,0.03,92.15,15.82,Plin
V00433,2025-09-13,C0430,Profesional,Pintura látex 4L,Pinturas,Arequipa,App,3,95,0.0,285.0,50.94,Yape
V00434,2024-04-19,C0493,Profesional,Tubo PVC 1/2,Plomería,Piura,Tienda,1,8,0.03,7.76,1.32,Transferencia
V00435,2024-06-21,C0463,Profesional,Cemento 42.5kg,Construcción,Cusco,App,2,32,0.05,60.8,12.38,Plin
V00436,2025-05-12,C0460,Hogar,Pintura látex 4L,Pinturas,Junín,Tienda,7,95,0.05,631.75,165.11,Efectivo
V00437,2025-09-24,C0248,Profesional,Alicate,Herramientas,Junín,Tienda,5,38,0.08,174.8,44.61,Tarjeta
V00438,2024-04-11,C0123,Empresa,Foco LED,Electricidad,Junín,Web,2,15,0.05,28.5,6.19,Yape
V00439,2024-02-18,C0225,Hogar,Guantes de trabajo,Seguridad,Arequipa,App,3,22,0.0,66.0,18.54,Efectivo
V00440,2025-04-25,C0169,Profesional,Foco LED,Electricidad,Lima,Tienda,6,15,0.08,82.8,26.45,Transferencia
V00441,2024-08-09,C0391,Profesional,Pintura látex 4L,Pinturas,Arequipa,Tienda,2,95,0.0,190.0,50.36,Yape
V00442,2024-10-12,C0438,Empresa,Llave de paso,Plomería,Junín,Marketplace,4,28,0.05,106.4,34.28,Efectivo
V00443,2024-08-22,C0196,Hogar,Martillo profesional,Herramientas,Lima,Marketplace,4,65,0.0,260.0,35.98,Tarjeta
V00444,2024-07-31,C0321,Profesional,Pintura látex 4L,Pinturas,Arequipa,Web,2,95,0.1,171.0,49.14,Yape
V00445,2025-05-12,C0128,Profesional,Llave de paso,Plomería,Arequipa,Web,2,28,0.1,50.4,9.39,Transferencia
V00446,2025-08-15,C0136,Hogar,Llave de paso,Plomería,Arequipa,Tienda,5,28,0.0,140.0,37.54,Tarjeta
V00447,2025-05-14,C0097,Profesional,Alicate,Herramientas,Junín,App,3,38,0.05,108.3,17.53,Tarjeta
V00448,2025-01-29,C0050,Hogar,Brocha 3 pulgadas,Pinturas,Junín,App,7,18,0.03,122.22,38.9,Transferencia
V00449,2024-01-29,C0189,Hogar,Foco LED,Electricidad,Arequipa,Marketplace,6,15,0.0,90.0,26.18,Tarjeta
V00450,2024-01-25,C0368,Profesional,Taladro inalámbrico,Herramientas,Lima,Tienda,1,260,0.08,239.2,62.36,Efectivo
V00451,2025-08-13,C0062,Hogar,Tubo PVC 1/2,Plomería,Cusco,Tienda,1,8,0.05,7.6,1.5,Yape
V00452,2025-07-21,C0492,Empresa,Guantes de trabajo,Seguridad,La Libertad,App,1,22,0.1,19.8,3.74,Tarjeta
V00453,2024-02-18,C0095,Hogar,Taladro inalámbrico,Herramientas,Piura,Marketplace,5,260,0.05,1235.0,174.34,Transferencia
V00454,2024-12-15,C0340,Hogar,Cable eléctrico 10m,Electricidad,Lima,Tienda,5,42,0.05,199.5,67.15,Efectivo
V00455,2025-07-09,C0129,Profesional,Brocha 3 pulgadas,Pinturas,Piura,Tienda,1,18,0.05,17.1,5.58,Tarjeta
V00456,2024-04-15,C0072,Hogar,Casco de seguridad,Seguridad,Junín,Tienda,1,35,0.05,33.25,10.31,Tarjeta
V00457,2025-07-09,C0195,Profesional,Pintura látex 4L,Pinturas,Arequipa,Tienda,4,95,0.05,361.0,94.77,Tarjeta
V00458,2025-08-17,C0459,Profesional,Foco LED,Electricidad,Arequipa,Tienda,7,15,0.08,96.6,31.2,Efectivo
V00459,2025-12-18,C0048,Hogar,Martillo profesional,Herramientas,Junín,App,1,65,0.0,65.0,9.37,Transferencia
V00460,2024-07-04,C0178,Hogar,Casco de seguridad,Seguridad,Piura,Tienda,5,35,0.0,175.0,49.79,Yape
V00461,2024-07-30,C0348,Hogar,Guantes de trabajo,Seguridad,Piura,App,2,22,0.08,40.48,11.63,Efectivo
V00462,2024-05-02,C0220,Hogar,Llave de paso,Plomería,Lima,Tienda,2,28,0.05,53.2,12.04,Plin
V00463,2024-06-25,C0143,Hogar,Foco LED,Electricidad,Piura,Marketplace,2,15,0.0,30.0,9.9,Yape
V00464,2024-04-06,C0058,Profesional,Casco de seguridad,Seguridad,Junín,App,4,35,0.1,126.0,23.43,Yape
V00465,2025-01-09,C0277,Hogar,Cable eléctrico 10m,Electricidad,La Libertad,Tienda,7,42,0.05,279.3,93.2,Plin
V00466,2024-07-19,C0283,Hogar,Cemento 42.5kg,Construcción,Lima,App,6,32,0.0,192.0,36.08,Tarjeta
V00467,2024-02-16,C0115,Hogar,Cemento 42.5kg,Construcción,La Libertad,Marketplace,1,32,0.05,30.4,5.91,Transferencia
V00468,2024-05-06,C0321,Profesional,Cemento 42.5kg,Construcción,Arequipa,App,1,32,0.1,28.8,7.22,Transferencia
V00469,2025-11-28,C0053,Profesional,Pintura látex 4L,Pinturas,Cusco,Tienda,4,95,0.05,361.0,69.04,Tarjeta
V00470,2024-01-23,C0315,Hogar,Martillo profesional,Herramientas,Lima,Web,1,65,0.0,65.0,16.93,Tarjeta
V00471,2025-02-02,C0246,Profesional,Llave de paso,Plomería,Lima,App,3,28,0.05,79.8,19.74,Efectivo
V00472,2024-04-09,C0472,Hogar,Casco de seguridad,Seguridad,Cusco,Marketplace,4,35,0.05,133.0,16.73,Yape
V00473,2024-05-30,C0013,Profesional,Martillo profesional,Herramientas,Junín,Marketplace,6,65,0.0,390.0,52.11,Tarjeta
V00474,2024-11-15,C0146,Hogar,Alicate,Herramientas,Junín,Tienda,7,38,0.05,252.7,64.61,Transferencia
V00475,2025-12-11,C0218,Profesional,Martillo profesional,Herramientas,Lima,Web,1,65,0.03,63.05,7.74,Efectivo
V00476,2025-10-10,C0254,Hogar,Pintura látex 4L,Pinturas,Lima,Tienda,6,95,0.03,552.9,169.59,Efectivo
V00477,2024-05-16,C0176,Profesional,Brocha 3 pulgadas,Pinturas,Arequipa,Tienda,1,18,0.0,18.0,3.61,Efectivo
V00478,2024-09-30,C0079,Hogar,Guantes de trabajo,Seguridad,Piura,App,4,22,0.03,85.36,25.68,Plin
V00479,2024-08-28,C0197,Hogar,Alicate,Herramientas,Arequipa,Tienda,6,38,0.05,216.6,62.87,Tarjeta
V00480,2025-02-16,C0281,Profesional,Taladro inalámbrico,Herramientas,Arequipa,Web,3,260,0.05,741.0,147.01,Transferencia
V00481,2025-09-23,C0299,Hogar,Guantes de trabajo,Seguridad,Piura,App,3,22,0.03,64.02,15.92,Yape
V00482,2024-01-02,C0447,Hogar,Cemento 42.5kg,Construcción,La Libertad,Tienda,5,32,0.0,160.0,34.72,Efectivo
V00483,2025-04-26,C0458,Profesional,Tubo PVC 1/2,Plomería,Junín,Tienda,4,8,0.03,31.04,3.79,Efectivo
V00484,2025-01-13,C0102,Profesional,Martillo profesional,Herramientas,La Libertad,Marketplace,7,65,0.1,409.5,99.31,Plin
V00485,2024-10-17,C0350,Empresa,Foco LED,Electricidad,Arequipa,App,4,15,0.03,58.2,8.75,Tarjeta
V00486,2024-02-25,C0346,Profesional,Guantes de trabajo,Seguridad,La Libertad,App,7,22,0.0,154.0,22.21,Tarjeta
V00487,2025-08-19,C0407,Profesional,Llave de paso,Plomería,Cusco,Web,4,28,0.1,100.8,31.57,Yape
V00488,2025-01-29,C0256,Hogar,Brocha 3 pulgadas,Pinturas,Cusco,Tienda,1,18,0.05,17.1,2.56,Yape
V00489,2024-02-17,C0426,Empresa,Llave de paso,Plomería,Cusco,Web,5,28,0.08,128.8,17.08,Yape
V00490,2025-05-10,C0044,Empresa,Martillo profesional,Herramientas,Piura,App,3,65,0.0,195.0,46.08,Efectivo
V00491,2024-11-23,C0124,Hogar,Brocha 3 pulgadas,Pinturas,Lima,Tienda,4,18,0.05,68.4,23.02,Plin
V00492,2024-08-18,C0133,Hogar,Llave de paso,Plomería,Lima,Tienda,3,28,0.0,84.0,21.1,Tarjeta
V00493,2025-05-26,C0379,Hogar,Martillo profesional,Herramientas,La Libertad,App,7,65,0.03,441.35,118.9,Efectivo
V00494,2024-04-26,C0496,Profesional,Alicate,Herramientas,Junín,Marketplace,4,38,0.0,152.0,19.41,Efectivo
V00495,2024-12-10,C0395,Hogar,Taladro inalámbrico,Herramientas,Cusco,App,1,260,0.08,239.2,52.45,Yape
V00496,2024-12-19,C0156,Empresa,Martillo profesional,Herramientas,Piura,Web,6,65,0.05,370.5,69.02,Plin
V00497,2025-05-18,C0217,Profesional,Alicate,Herramientas,Cusco,Marketplace,4,38,0.03,147.44,35.62,Efectivo
V00498,2024-02-29,C0420,Profesional,Cemento 42.5kg,Construcción,Arequipa,App,4,32,0.03,124.16,34.16,Transferencia
V00499,2025-03-27,C0250,Profesional,Pintura látex 4L,Pinturas,La Libertad,Marketplace,5,95,0.05,451.25,74.86,Tarjeta
V00500,2024-06-17,C0359,Profesional,Foco LED,Electricidad,Cusco,Marketplace,5,15,0.0,75.0,22.47,Yape
V00501,2025-03-22,C0323,Profesional,Guantes de trabajo,Seguridad,Lima,Web,3,22,0.05,62.7,7.53,Plin
V00502,2025-01-14,C0480,Profesional,Llave de paso,Plomería,Lima,Marketplace,6,28,0.05,159.6,28.92,Efectivo
V00503,2025-09-12,C0087,Profesional,Llave de paso,Plomería,Piura,Web,7,28,0.08,180.32,45.81,Transferencia
V00504,2025-08-07,C0253,Hogar,Cable eléctrico 10m,Electricidad,Piura,Tienda,7,42,0.0,294.0,59.92,Tarjeta
V00505,2025-12-16,C0009,Profesional,Tubo PVC 1/2,Plomería,Lima,App,6,8,0.05,45.6,5.96,Tarjeta
V00506,2025-08-16,C0078,Hogar,Cemento 42.5kg,Construcción,Cusco,Web,6,32,0.0,192.0,48.05,Efectivo
V00507,2025-04-22,C0236,Profesional,Foco LED,Electricidad,La Libertad,Tienda,7,15,0.0,105.0,20.22,Efectivo
V00508,2024-07-24,C0173,Profesional,Pintura látex 4L,Pinturas,Junín,App,6,95,0.08,524.4,126.75,Yape
V00509,2024-11-08,C0258,Profesional,Casco de seguridad,Seguridad,Arequipa,Marketplace,4,35,0.1,126.0,32.38,Plin
V00510,2025-07-28,C0431,Profesional,Guantes de trabajo,Seguridad,Arequipa,Tienda,2,22,0.1,39.6,11.83,Efectivo
V00511,2025-10-11,C0223,Hogar,Pintura látex 4L,Pinturas,Arequipa,App,6,95,0.0,570.0,106.9,Yape
V00512,2024-02-03,C0383,Profesional,Llave de paso,Plomería,Arequipa,App,2,28,0.05,53.2,7.25,Plin
V00513,2024-03-24,C0243,Profesional,Tubo PVC 1/2,Plomería,Cusco,App,7,8,0.08,51.52,10.61,Yape
V00514,2024-07-10,C0023,Empresa,Taladro inalámbrico,Herramientas,Arequipa,Marketplace,3,260,0.08,717.6,99.82,Efectivo
V00515,2024-07-12,C0066,Profesional,Cemento 42.5kg,Construcción,La Libertad,Marketplace,7,32,0.03,217.28,39.78,Yape
V00516,2025-03-23,C0100,Hogar,Alicate,Herramientas,Cusco,Tienda,1,38,0.0,38.0,6.62,Transferencia
V00517,2025-02-24,C0348,Hogar,Foco LED,Electricidad,Cusco,Tienda,5,15,0.08,69.0,17.43,Tarjeta
V00518,2025-06-16,C0226,Profesional,Cemento 42.5kg,Construcción,Cusco,Web,7,32,0.05,212.8,38.53,Transferencia
V00519,2024-04-14,C0095,Hogar,Alicate,Herramientas,Piura,Web,7,38,0.05,252.7,66.06,Efectivo
V00520,2025-02-19,C0412,Hogar,Alicate,Herramientas,Junín,Web,3,38,0.05,108.3,14.47,Efectivo
V00521,2025-04-26,C0089,Hogar,Cable eléctrico 10m,Electricidad,Piura,Tienda,2,42,0.0,84.0,25.16,Transferencia
V00522,2025-07-11,C0149,Hogar,Pintura látex 4L,Pinturas,La Libertad,Tienda,3,95,0.0,285.0,88.07,Yape
V00523,2025-10-11,C0209,Empresa,Alicate,Herramientas,Arequipa,Tienda,3,38,0.0,114.0,17.66,Tarjeta
V00524,2024-10-13,C0121,Hogar,Guantes de trabajo,Seguridad,Cusco,Tienda,7,22,0.08,141.68,38.18,Yape
V00525,2025-09-09,C0306,Hogar,Casco de seguridad,Seguridad,Lima,App,3,35,0.05,99.75,19.87,Yape
V00526,2024-08-05,C0140,Hogar,Alicate,Herramientas,Lima,Tienda,7,38,0.03,258.02,63.4,Transferencia
V00527,2025-07-10,C0048,Hogar,Casco de seguridad,Seguridad,Cusco,Web,3,35,0.05,99.75,16.02,Efectivo
V00528,2025-03-31,C0047,Profesional,Tubo PVC 1/2,Plomería,Junín,Web,3,8,0.0,24.0,6.05,Transferencia
V00529,2024-01-29,C0216,Empresa,Cemento 42.5kg,Construcción,Lima,Web,3,32,0.0,96.0,12.04,Yape
V00530,2025-04-28,C0166,Profesional,Casco de seguridad,Seguridad,Piura,App,5,35,0.0,175.0,26.89,Plin
V00531,2025-02-26,C0378,Empresa,Brocha 3 pulgadas,Pinturas,La Libertad,App,7,18,0.08,115.92,39.22,Efectivo
V00532,2024-05-01,C0320,Profesional,Tubo PVC 1/2,Plomería,Piura,Web,6,8,0.1,43.2,9.7,Efectivo
V00533,2025-03-20,C0125,Profesional,Brocha 3 pulgadas,Pinturas,Lima,Marketplace,6,18,0.08,99.36,32.95,Transferencia
V00534,2025-10-22,C0084,Empresa,Pintura látex 4L,Pinturas,Junín,App,7,95,0.05,631.75,156.3,Yape
V00535,2024-12-04,C0095,Empresa,Casco de seguridad,Seguridad,Piura,Tienda,6,35,0.03,203.7,33.91,Plin
V00536,2025-07-11,C0155,Hogar,Martillo profesional,Herramientas,La Libertad,Web,6,65,0.03,378.3,118.33,Tarjeta
V00537,2024-09-29,C0172,Hogar,Alicate,Herramientas,Junín,Marketplace,4,38,0.08,139.84,31.07,Yape
V00538,2024-10-22,C0045,Hogar,Pintura látex 4L,Pinturas,Piura,App,2,95,0.1,171.0,32.82,Tarjeta
V00539,2024-08-01,C0316,Empresa,Guantes de trabajo,Seguridad,Cusco,App,4,22,0.03,85.36,22.68,Efectivo
V00540,2024-12-31,C0353,Hogar,Cable eléctrico 10m,Electricidad,Piura,Marketplace,6,42,0.08,231.84,52.88,Transferencia
V00541,2024-11-01,C0114,Profesional,Cable eléctrico 10m,Electricidad,Piura,Marketplace,1,42,0.08,38.64,12.57,Efectivo
V00542,2024-01-10,C0111,Hogar,Foco LED,Electricidad,Lima,Tienda,1,15,0.03,14.55,3.98,Tarjeta
V00543,2024-12-25,C0390,Hogar,Martillo profesional,Herramientas,Lima,Tienda,4,65,0.05,247.0,64.9,Yape
V00544,2024-07-18,C0011,Hogar,Cemento 42.5kg,Construcción,Cusco,Web,2,32,0.03,62.08,9.88,Transferencia
V00545,2025-09-06,C0069,Profesional,Cable eléctrico 10m,Electricidad,Junín,Web,7,42,0.08,270.48,66.24,Tarjeta
V00546,2024-04-16,C0343,Profesional,Cemento 42.5kg,Construcción,Arequipa,Web,3,32,0.03,93.12,16.91,Transferencia
V00547,2024-09-25,C0273,Hogar,Martillo profesional,Herramientas,Lima,Marketplace,4,65,0.0,260.0,72.55,Yape
V00548,2025-07-27,C0207,Profesional,Cable eléctrico 10m,Electricidad,Junín,Web,5,42,0.05,199.5,51.19,Yape
V00549,2024-11-15,C0142,Profesional,Brocha 3 pulgadas,Pinturas,La Libertad,Web,5,18,0.0,90.0,26.54,Transferencia
V00550,2024-09-30,C0367,Profesional,Taladro inalámbrico,Herramientas,Arequipa,Tienda,5,260,0.1,1170.0,271.25,Yape
V00551,2025-09-10,C0196,Profesional,Foco LED,Electricidad,Junín,App,3,15,0.03,43.65,8.76,Yape
V00552,2024-01-12,C0235,Hogar,Martillo profesional,Herramientas,La Libertad,Tienda,4,65,0.05,247.0,34.07,Transferencia
V00553,2024-01-04,C0129,Profesional,Pintura látex 4L,Pinturas,Piura,Tienda,7,95,0.03,645.05,157.42,Plin
V00554,2025-03-01,C0500,Hogar,Guantes de trabajo,Seguridad,Junín,Marketplace,2,22,0.0,44.0,6.44,Tarjeta
V00555,2025-01-17,C0458,Profesional,Martillo profesional,Herramientas,La Libertad,Marketplace,1,65,0.03,63.05,17.52,Plin
V00556,2025-08-30,C0465,Hogar,Pintura látex 4L,Pinturas,Arequipa,Web,1,95,0.1,85.5,26.24,Tarjeta
V00557,2025-11-25,C0311,Hogar,Llave de paso,Plomería,Lima,Tienda,4,28,0.05,106.4,34.41,Plin
V00558,2025-07-08,C0353,Profesional,Foco LED,Electricidad,Lima,Web,2,15,0.0,30.0,8.95,Yape
V00559,2025-05-21,C0410,Profesional,Martillo profesional,Herramientas,Lima,Marketplace,6,65,0.08,358.8,86.24,Plin
V00560,2024-10-22,C0260,Profesional,Cemento 42.5kg,Construcción,Cusco,Web,3,32,0.03,93.12,17.42,Transferencia
V00561,2024-07-17,C0462,Hogar,Llave de paso,Plomería,Junín,Web,2,28,0.08,51.52,10.1,Plin
V00562,2025-04-21,C0266,Profesional,Brocha 3 pulgadas,Pinturas,Junín,Tienda,6,18,0.0,108.0,34.58,Plin
V00563,2024-07-31,C0325,Profesional,Cable eléctrico 10m,Electricidad,Piura,Tienda,4,42,0.03,162.96,31.84,Tarjeta
V00564,2025-08-30,C0089,Empresa,Casco de seguridad,Seguridad,Junín,Tienda,2,35,0.0,70.0,17.77,Yape
V00565,2024-09-01,C0480,Empresa,Guantes de trabajo,Seguridad,Piura,Tienda,7,22,0.03,149.38,31.91,Transferencia
V00566,2025-05-03,C0054,Hogar,Taladro inalámbrico,Herramientas,Cusco,Tienda,5,260,0.1,1170.0,384.14,Yape
V00567,2024-09-02,C0046,Profesional,Martillo profesional,Herramientas,Arequipa,Web,5,65,0.03,315.25,61.75,Tarjeta
V00568,2025-12-25,C0261,Hogar,Taladro inalámbrico,Herramientas,Arequipa,Tienda,2,260,0.1,468.0,71.09,Tarjeta
V00569,2025-12-08,C0326,Hogar,Guantes de trabajo,Seguridad,Arequipa,Web,1,22,0.0,22.0,5.03,Plin
V00570,2024-11-13,C0111,Profesional,Pintura látex 4L,Pinturas,Lima,Marketplace,2,95,0.03,184.3,25.03,Efectivo
V00571,2025-09-06,C0162,Hogar,Guantes de trabajo,Seguridad,Junín,Tienda,7,22,0.03,149.38,20.58,Tarjeta
V00572,2025-04-17,C0359,Hogar,Guantes de trabajo,Seguridad,La Libertad,Tienda,4,22,0.03,85.36,13.63,Efectivo
V00573,2025-08-05,C0077,Hogar,Cemento 42.5kg,Construcción,Junín,Tienda,4,32,0.0,128.0,29.31,Transferencia
V00574,2024-11-06,C0283,Profesional,Casco de seguridad,Seguridad,Arequipa,Web,2,35,0.1,63.0,8.16,Yape
V00575,2025-12-17,C0097,Hogar,Casco de seguridad,Seguridad,Cusco,App,1,35,0.05,33.25,5.61,Efectivo
V00576,2025-03-15,C0241,Empresa,Cemento 42.5kg,Construcción,Cusco,Tienda,7,32,0.05,212.8,56.57,Plin
V00577,2024-02-15,C0197,Hogar,Alicate,Herramientas,Piura,Tienda,5,38,0.05,180.5,26.58,Efectivo
V00578,2025-05-23,C0068,Empresa,Taladro inalámbrico,Herramientas,Piura,Tienda,6,260,0.03,1513.2,432.43,Plin
V00579,2024-03-01,C0359,Empresa,Cable eléctrico 10m,Electricidad,Junín,Web,2,42,0.03,81.48,16.35,Transferencia
V00580,2024-05-15,C0147,Empresa,Llave de paso,Plomería,Lima,App,4,28,0.08,103.04,31.63,Yape
V00581,2024-11-24,C0294,Hogar,Llave de paso,Plomería,Lima,Tienda,7,28,0.05,186.2,28.96,Transferencia
V00582,2025-07-16,C0197,Profesional,Brocha 3 pulgadas,Pinturas,Arequipa,Tienda,5,18,0.1,81.0,12.95,Plin
V00583,2024-11-14,C0287,Hogar,Martillo profesional,Herramientas,La Libertad,Tienda,1,65,0.03,63.05,16.57,Plin
V00584,2024-12-08,C0271,Empresa,Tubo PVC 1/2,Plomería,Junín,Web,2,8,0.05,15.2,2.86,Plin
V00585,2025-06-29,C0383,Profesional,Martillo profesional,Herramientas,Cusco,Tienda,1,65,0.0,65.0,9.24,Tarjeta
V00586,2024-09-01,C0344,Empresa,Pintura látex 4L,Pinturas,Cusco,Web,3,95,0.05,270.75,69.53,Yape
V00587,2025-05-08,C0048,Profesional,Llave de paso,Plomería,Lima,Marketplace,4,28,0.03,108.64,34.72,Transferencia
V00588,2025-10-13,C0386,Profesional,Llave de paso,Plomería,Cusco,Tienda,4,28,0.03,108.64,32.82,Transferencia
V00589,2025-01-16,C0242,Empresa,Guantes de trabajo,Seguridad,Arequipa,Marketplace,5,22,0.08,101.2,19.22,Transferencia
V00590,2024-01-30,C0260,Profesional,Tubo PVC 1/2,Plomería,Arequipa,Marketplace,3,8,0.1,21.6,3.32,Transferencia
V00591,2024-04-13,C0256,Profesional,Cable eléctrico 10m,Electricidad,Cusco,Web,6,42,0.05,239.4,51.24,Tarjeta
V00592,2025-04-08,C0196,Profesional,Taladro inalámbrico,Herramientas,Piura,Tienda,6,260,0.05,1482.0,437.27,Tarjeta
V00593,2024-03-13,C0346,Hogar,Foco LED,Electricidad,Lima,Tienda,4,15,0.03,58.2,7.38,Plin
V00594,2025-06-08,C0291,Hogar,Llave de paso,Plomería,Cusco,Tienda,4,28,0.03,108.64,24.37,Efectivo
V00595,2025-04-11,C0141,Empresa,Brocha 3 pulgadas,Pinturas,Junín,Web,4,18,0.0,72.0,16.94,Yape
V00596,2024-10-18,C0269,Profesional,Taladro inalámbrico,Herramientas,La Libertad,App,2,260,0.0,520.0,108.64,Efectivo
V00597,2024-04-03,C0278,Profesional,Cemento 42.5kg,Construcción,Arequipa,Web,7,32,0.03,217.28,63.79,Efectivo
V00598,2025-10-06,C0350,Profesional,Brocha 3 pulgadas,Pinturas,Cusco,App,7,18,0.05,119.7,17.72,Efectivo
V00599,2025-11-23,C0247,Hogar,Cable eléctrico 10m,Electricidad,Cusco,Web,1,42,0.0,42.0,5.68,Transferencia
V00600,2025-11-10,C0059,Empresa,Cable eléctrico 10m,Electricidad,Piura,Tienda,6,42,0.03,244.44,57.25,Tarjeta
V00601,2024-03-09,C0308,Profesional,Brocha 3 pulgadas,Pinturas,La Libertad,Tienda,2,18,0.08,33.12,4.75,Transferencia
V00602,2025-07-11,C0350,Hogar,Brocha 3 pulgadas,Pinturas,Lima,Tienda,1,18,0.03,17.46,2.87,Plin
V00603,2024-09-04,C0036,Empresa,Foco LED,Electricidad,Junín,Tienda,4,15,0.0,60.0,16.16,Transferencia
V00604,2025-08-25,C0110,Empresa,Cemento 42.5kg,Construcción,Piura,Tienda,1,32,0.03,31.04,4.77,Transferencia
V00605,2025-05-19,C0017,Profesional,Casco de seguridad,Seguridad,Cusco,Tienda,4,35,0.03,135.8,45.46,Transferencia
V00606,2024-12-03,C0269,Profesional,Foco LED,Electricidad,Arequipa,App,2,15,0.03,29.1,9.05,Transferencia
V00607,2024-11-03,C0132,Empresa,Martillo profesional,Herramientas,Junín,Tienda,4,65,0.05,247.0,68.66,Tarjeta
V00608,2024-04-21,C0094,Profesional,Cable eléctrico 10m,Electricidad,Lima,Tienda,6,42,0.03,244.44,37.39,Efectivo
V00609,2025-11-08,C0140,Empresa,Guantes de trabajo,Seguridad,Piura,Tienda,1,22,0.05,20.9,6.9,Efectivo
V00610,2024-08-21,C0212,Profesional,Foco LED,Electricidad,Arequipa,App,6,15,0.05,85.5,19.89,Transferencia
V00611,2025-05-27,C0432,Hogar,Foco LED,Electricidad,La Libertad,Tienda,7,15,0.05,99.75,29.68,Tarjeta
V00612,2025-12-08,C0004,Hogar,Casco de seguridad,Seguridad,Lima,Tienda,6,35,0.03,203.7,55.81,Transferencia
V00613,2025-12-30,C0109,Empresa,Taladro inalámbrico,Herramientas,La Libertad,Tienda,7,260,0.0,1820.0,582.68,Transferencia
V00614,2025-01-13,C0405,Hogar,Cemento 42.5kg,Construcción,Junín,Web,1,32,0.0,32.0,7.99,Plin
V00615,2024-07-01,C0357,Empresa,Casco de seguridad,Seguridad,Junín,Tienda,4,35,0.05,133.0,29.76,Yape
V00616,2025-07-18,C0470,Profesional,Pintura látex 4L,Pinturas,Lima,App,1,95,0.05,90.25,17.67,Plin
V00617,2024-11-20,C0310,Empresa,Pintura látex 4L,Pinturas,Piura,Marketplace,2,95,0.08,174.8,21.09,Transferencia
V00618,2024-01-31,C0310,Hogar,Alicate,Herramientas,Piura,Web,3,38,0.08,104.88,25.3,Yape
V00619,2024-06-17,C0461,Hogar,Cemento 42.5kg,Construcción,Arequipa,Tienda,1,32,0.05,30.4,9.27,Efectivo
V00620,2024-07-08,C0010,Hogar,Guantes de trabajo,Seguridad,Piura,App,4,22,0.08,80.96,10.97,Plin
V00621,2024-03-02,C0118,Profesional,Guantes de trabajo,Seguridad,Cusco,App,1,22,0.0,22.0,5.39,Efectivo
V00622,2025-02-11,C0092,Hogar,Llave de paso,Plomería,Piura,Tienda,7,28,0.05,186.2,56.44,Transferencia
V00623,2025-01-12,C0157,Profesional,Llave de paso,Plomería,Arequipa,Tienda,7,28,0.05,186.2,61.35,Transferencia
V00624,2025-12-27,C0373,Hogar,Alicate,Herramientas,Cusco,Web,4,38,0.05,144.4,48.42,Plin
V00625,2025-10-04,C0060,Profesional,Llave de paso,Plomería,Lima,Web,2,28,0.03,54.32,9.91,Tarjeta
V00626,2025-06-14,C0449,Hogar,Pintura látex 4L,Pinturas,La Libertad,Tienda,2,95,0.05,180.5,29.41,Plin
V00627,2025-01-08,C0458,Hogar,Cemento 42.5kg,Construcción,Arequipa,App,2,32,0.05,60.8,18.56,Tarjeta
V00628,2024-07-12,C0260,Profesional,Martillo profesional,Herramientas,Lima,Web,5,65,0.0,325.0,93.36,Yape
V00629,2025-09-11,C0390,Profesional,Cable eléctrico 10m,Electricidad,Piura,Tienda,2,42,0.08,77.28,11.94,Transferencia
V00630,2025-02-06,C0460,Hogar,Cable eléctrico 10m,Electricidad,Cusco,Tienda,2,42,0.05,79.8,20.03,Efectivo
V00631,2024-06-14,C0076,Hogar,Llave de paso,Plomería,La Libertad,Web,3,28,0.0,84.0,23.8,Transferencia
V00632,2024-07-29,C0153,Hogar,Casco de seguridad,Seguridad,Arequipa,Tienda,1,35,0.0,35.0,8.13,Transferencia
V00633,2025-02-19,C0070,Hogar,Tubo PVC 1/2,Plomería,Junín,Tienda,5,8,0.03,38.8,6.25,Tarjeta
V00634,2025-06-29,C0288,Profesional,Alicate,Herramientas,Piura,Tienda,7,38,0.08,244.72,49.39,Efectivo
V00635,2024-07-20,C0158,Empresa,Cemento 42.5kg,Construcción,Piura,Tienda,3,32,0.03,93.12,12.01,Efectivo
V00636,2024-07-27,C0278,Hogar,Guantes de trabajo,Seguridad,Lima,Marketplace,4,22,0.03,85.36,19.43,Efectivo
V00637,2024-06-21,C0168,Hogar,Cable eléctrico 10m,Electricidad,Piura,Tienda,5,42,0.05,199.5,47.11,Plin
V00638,2024-09-18,C0164,Empresa,Brocha 3 pulgadas,Pinturas,Arequipa,Tienda,6,18,0.03,104.76,22.13,Tarjeta
V00639,2025-10-16,C0118,Empresa,Cable eléctrico 10m,Electricidad,La Libertad,Web,2,42,0.05,79.8,26.99,Yape
V00640,2024-09-26,C0269,Hogar,Taladro inalámbrico,Herramientas,Arequipa,Marketplace,1,260,0.05,247.0,65.21,Efectivo
V00641,2025-06-04,C0121,Empresa,Llave de paso,Plomería,Arequipa,App,4,28,0.05,106.4,31.27,Yape
V00642,2025-12-30,C0263,Empresa,Pintura látex 4L,Pinturas,Junín,Tienda,1,95,0.03,92.15,21.88,Efectivo
V00643,2024-01-18,C0247,Empresa,Taladro inalámbrico,Herramientas,Lima,Tienda,2,260,0.03,504.4,113.67,Transferencia
V00644,2024-01-06,C0066,Hogar,Brocha 3 pulgadas,Pinturas,Piura,Tienda,4,18,0.05,68.4,15.14,Plin
V00645,2025-07-22,C0258,Empresa,Tubo PVC 1/2,Plomería,La Libertad,Tienda,6,8,0.03,46.56,11.62,Tarjeta
V00646,2025-03-27,C0382,Hogar,Pintura látex 4L,Pinturas,Piura,Tienda,3,95,0.03,276.45,51.33,Tarjeta
V00647,2024-01-23,C0279,Profesional,Casco de seguridad,Seguridad,La Libertad,Tienda,6,35,0.08,193.2,54.35,Transferencia
V00648,2025-03-22,C0327,Profesional,Casco de seguridad,Seguridad,Arequipa,Tienda,4,35,0.08,128.8,24.44,Plin
V00649,2024-03-14,C0184,Hogar,Taladro inalámbrico,Herramientas,Junín,Marketplace,5,260,0.08,1196.0,180.73,Tarjeta
V00650,2025-05-30,C0491,Hogar,Brocha 3 pulgadas,Pinturas,Lima,Tienda,4,18,0.03,69.84,12.6,Transferencia
V00651,2024-12-11,C0338,Hogar,Pintura látex 4L,Pinturas,Lima,App,1,95,0.05,90.25,10.86,Transferencia
V00652,2025-04-18,C0496,Hogar,Foco LED,Electricidad,Lima,App,6,15,0.0,90.0,24.73,Yape
V00653,2024-06-03,C0019,Profesional,Martillo profesional,Herramientas,La Libertad,Tienda,2,65,0.05,123.5,35.33,Plin
V00654,2024-11-15,C0425,Hogar,Martillo profesional,Herramientas,Junín,Tienda,7,65,0.0,455.0,91.06,Efectivo
V00655,2025-04-29,C0396,Profesional,Guantes de trabajo,Seguridad,Piura,App,4,22,0.0,88.0,23.68,Efectivo
V00656,2024-02-23,C0322,Empresa,Foco LED,Electricidad,La Libertad,Web,6,15,0.05,85.5,27.43,Yape
V00657,2024-04-06,C0490,Hogar,Casco de seguridad,Seguridad,Junín,Tienda,6,35,0.0,210.0,34.96,Tarjeta
V00658,2025-04-15,C0494,Profesional,Taladro inalámbrico,Herramientas,Cusco,Tienda,3,260,0.05,741.0,239.39,Transferencia
V00659,2024-03-18,C0487,Empresa,Casco de seguridad,Seguridad,Cusco,App,7,35,0.0,245.0,35.13,Yape
V00660,2025-03-01,C0069,Profesional,Brocha 3 pulgadas,Pinturas,Arequipa,Web,4,18,0.03,69.84,12.79,Plin
V00661,2025-11-04,C0450,Hogar,Cemento 42.5kg,Construcción,Arequipa,App,2,32,0.1,57.6,15.0,Transferencia
V00662,2024-09-24,C0137,Hogar,Guantes de trabajo,Seguridad,Arequipa,Tienda,3,22,0.0,66.0,11.77,Yape
V00663,2024-02-18,C0345,Hogar,Brocha 3 pulgadas,Pinturas,La Libertad,Tienda,5,18,0.0,90.0,17.54,Yape
V00664,2024-09-12,C0137,Empresa,Martillo profesional,Herramientas,Piura,Tienda,1,65,0.05,61.75,7.94,Efectivo
V00665,2025-02-06,C0402,Hogar,Alicate,Herramientas,Piura,Tienda,3,38,0.05,108.3,33.11,Tarjeta
V00666,2025-12-27,C0288,Hogar,Alicate,Herramientas,Junín,Marketplace,7,38,0.08,244.72,35.15,Transferencia
V00667,2024-03-17,C0205,Profesional,Tubo PVC 1/2,Plomería,La Libertad,Marketplace,4,8,0.0,32.0,7.92,Yape
V00668,2025-12-26,C0018,Hogar,Brocha 3 pulgadas,Pinturas,Lima,Tienda,2,18,0.0,36.0,6.75,Transferencia
V00669,2025-07-30,C0438,Empresa,Taladro inalámbrico,Herramientas,La Libertad,App,1,260,0.0,260.0,35.64,Tarjeta
V00670,2024-01-18,C0143,Profesional,Tubo PVC 1/2,Plomería,Cusco,App,6,8,0.1,43.2,8.49,Efectivo
V00671,2025-08-03,C0428,Hogar,Taladro inalámbrico,Herramientas,Cusco,Tienda,4,260,0.0,1040.0,291.14,Transferencia
V00672,2024-12-15,C0489,Hogar,Pintura látex 4L,Pinturas,Piura,Tienda,4,95,0.05,361.0,104.93,Yape
V00673,2025-01-01,C0214,Hogar,Cemento 42.5kg,Construcción,Lima,App,1,32,0.03,31.04,4.32,Yape
V00674,2024-11-17,C0284,Hogar,Llave de paso,Plomería,La Libertad,Web,2,28,0.05,53.2,16.93,Yape
V00675,2024-05-16,C0272,Hogar,Taladro inalámbrico,Herramientas,La Libertad,Tienda,4,260,0.0,1040.0,227.03,Transferencia
V00676,2024-02-13,C0303,Hogar,Alicate,Herramientas,Lima,Marketplace,3,38,0.08,104.88,18.57,Yape
V00677,2024-10-04,C0373,Profesional,Martillo profesional,Herramientas,Junín,Tienda,3,65,0.0,195.0,62.41,Tarjeta
V00678,2024-11-28,C0390,Hogar,Cemento 42.5kg,Construcción,Arequipa,Tienda,5,32,0.0,160.0,27.14,Tarjeta
V00679,2025-11-02,C0056,Hogar,Foco LED,Electricidad,Junín,Tienda,4,15,0.05,57.0,17.74,Plin
V00680,2024-12-12,C0208,Empresa,Pintura látex 4L,Pinturas,Cusco,Marketplace,4,95,0.1,342.0,82.04,Tarjeta
V00681,2025-08-28,C0254,Hogar,Cemento 42.5kg,Construcción,Piura,Web,4,32,0.05,121.6,39.26,Yape
V00682,2024-02-02,C0323,Hogar,Martillo profesional,Herramientas,Arequipa,Web,4,65,0.0,260.0,71.78,Tarjeta
V00683,2024-12-08,C0041,Hogar,Casco de seguridad,Seguridad,Piura,Tienda,1,35,0.0,35.0,7.52,Transferencia
V00684,2024-10-17,C0484,Empresa,Cable eléctrico 10m,Electricidad,Lima,App,7,42,0.1,264.6,65.82,Yape
V00685,2025-08-19,C0009,Hogar,Tubo PVC 1/2,Plomería,La Libertad,Tienda,1,8,0.05,7.6,1.73,Efectivo
V00686,2025-05-11,C0422,Profesional,Pintura látex 4L,Pinturas,Arequipa,Tienda,2,95,0.0,190.0,42.83,Plin
V00687,2025-12-08,C0365,Hogar,Llave de paso,Plomería,Piura,Web,1,28,0.05,26.6,7.96,Plin
V00688,2025-09-24,C0254,Empresa,Tubo PVC 1/2,Plomería,Arequipa,Tienda,5,8,0.05,38.0,10.25,Plin
V00689,2025-10-22,C0277,Profesional,Pintura látex 4L,Pinturas,Cusco,Web,2,95,0.05,180.5,43.13,Yape
V00690,2025-09-04,C0090,Hogar,Tubo PVC 1/2,Plomería,La Libertad,Marketplace,5,8,0.03,38.8,8.09,Transferencia
V00691,2025-03-20,C0371,Hogar,Pintura látex 4L,Pinturas,Piura,Tienda,5,95,0.03,460.75,124.45,Efectivo
V00692,2024-01-12,C0440,Hogar,Tubo PVC 1/2,Plomería,Arequipa,Web,1,8,0.0,8.0,1.23,Yape
V00693,2024-03-27,C0328,Hogar,Cemento 42.5kg,Construcción,Piura,Tienda,3,32,0.03,93.12,14.0,Transferencia
V00694,2025-09-23,C0044,Empresa,Tubo PVC 1/2,Plomería,Arequipa,Web,6,8,0.08,44.16,6.52,Plin
V00695,2024-03-31,C0444,Hogar,Cable eléctrico 10m,Electricidad,La Libertad,Web,1,42,0.03,40.74,9.42,Transferencia
V00696,2024-05-29,C0222,Profesional,Guantes de trabajo,Seguridad,Cusco,Tienda,1,22,0.03,21.34,3.68,Plin
V00697,2024-08-01,C0278,Hogar,Foco LED,Electricidad,Arequipa,Tienda,5,15,0.05,71.25,16.69,Transferencia
V00698,2025-07-09,C0302,Hogar,Guantes de trabajo,Seguridad,Piura,App,3,22,0.0,66.0,16.59,Efectivo
V00699,2025-04-13,C0500,Hogar,Alicate,Herramientas,La Libertad,Web,1,38,0.05,36.1,7.46,Yape
V00700,2024-02-11,C0111,Profesional,Foco LED,Electricidad,Arequipa,App,2,15,0.05,28.5,6.44,Efectivo
V00701,2025-10-08,C0440,Profesional,Brocha 3 pulgadas,Pinturas,La Libertad,Marketplace,4,18,0.03,69.84,11.14,Plin
V00702,2025-08-07,C0061,Profesional,Foco LED,Electricidad,Lima,Marketplace,1,15,0.05,14.25,2.39,Yape
V00703,2024-03-28,C0334,Empresa,Guantes de trabajo,Seguridad,Lima,Tienda,3,22,0.08,60.72,17.29,Plin
V00704,2025-04-28,C0238,Hogar,Cable eléctrico 10m,Electricidad,La Libertad,Web,2,42,0.03,81.48,25.55,Yape
V00705,2025-09-23,C0315,Profesional,Cemento 42.5kg,Construcción,Junín,Web,6,32,0.03,186.24,53.39,Yape
V00706,2025-12-19,C0316,Hogar,Cable eléctrico 10m,Electricidad,Cusco,Tienda,2,42,0.03,81.48,22.76,Efectivo
V00707,2025-02-09,C0401,Profesional,Pintura látex 4L,Pinturas,Cusco,Web,5,95,0.1,427.5,101.29,Transferencia
V00708,2025-03-28,C0119,Empresa,Cable eléctrico 10m,Electricidad,Arequipa,Tienda,5,42,0.0,210.0,59.47,Yape
V00709,2025-05-06,C0358,Hogar,Llave de paso,Plomería,Piura,Web,7,28,0.0,196.0,39.08,Tarjeta
V00710,2024-01-09,C0186,Hogar,Foco LED,Electricidad,Arequipa,Web,2,15,0.0,30.0,3.66,Tarjeta
V00711,2025-05-18,C0437,Profesional,Foco LED,Electricidad,Cusco,Web,5,15,0.0,75.0,14.23,Plin
V00712,2024-03-19,C0456,Hogar,Foco LED,Electricidad,Arequipa,Tienda,2,15,0.08,27.6,8.86,Yape
V00713,2025-02-08,C0095,Empresa,Pintura látex 4L,Pinturas,Junín,Tienda,3,95,0.03,276.45,71.68,Tarjeta
V00714,2025-04-28,C0298,Hogar,Tubo PVC 1/2,Plomería,La Libertad,Web,6,8,0.05,45.6,9.04,Tarjeta
V00715,2025-01-15,C0332,Profesional,Casco de seguridad,Seguridad,Arequipa,Tienda,3,35,0.05,99.75,16.76,Tarjeta
V00716,2025-09-06,C0351,Hogar,Cable eléctrico 10m,Electricidad,Junín,Web,4,42,0.08,154.56,40.68,Yape
V00717,2024-02-16,C0146,Profesional,Taladro inalámbrico,Herramientas,Piura,Web,2,260,0.05,494.0,80.69,Plin
V00718,2025-01-26,C0440,Profesional,Casco de seguridad,Seguridad,Junín,Web,4,35,0.1,126.0,38.4,Transferencia
V00719,2025-01-12,C0013,Hogar,Alicate,Herramientas,La Libertad,Tienda,4,38,0.03,147.44,36.9,Efectivo
V00720,2024-09-25,C0448,Hogar,Alicate,Herramientas,Arequipa,App,4,38,0.05,144.4,23.62,Efectivo
V00721,2025-02-10,C0199,Hogar,Martillo profesional,Herramientas,Lima,Tienda,2,65,0.0,130.0,24.64,Efectivo
V00722,2025-08-12,C0113,Hogar,Alicate,Herramientas,Cusco,Tienda,6,38,0.0,228.0,76.53,Plin
V00723,2025-05-29,C0275,Profesional,Foco LED,Electricidad,Arequipa,Tienda,6,15,0.03,87.3,21.03,Tarjeta
V00724,2024-06-03,C0461,Profesional,Brocha 3 pulgadas,Pinturas,La Libertad,Tienda,2,18,0.03,34.92,5.3,Transferencia
V00725,2024-10-28,C0172,Profesional,Tubo PVC 1/2,Plomería,La Libertad,Marketplace,2,8,0.05,15.2,2.81,Plin
V00726,2024-03-18,C0175,Profesional,Cable eléctrico 10m,Electricidad,La Libertad,Web,2,42,0.05,79.8,12.2,Tarjeta
V00727,2024-02-29,C0207,Profesional,Llave de paso,Plomería,La Libertad,Marketplace,3,28,0.0,84.0,27.32,Plin
V00728,2025-09-02,C0172,Hogar,Alicate,Herramientas,Lima,Web,3,38,0.03,110.58,31.73,Efectivo
V00729,2025-12-13,C0431,Profesional,Taladro inalámbrico,Herramientas,Piura,Tienda,5,260,0.05,1235.0,373.15,Yape
V00730,2025-09-19,C0083,Hogar,Guantes de trabajo,Seguridad,Arequipa,App,5,22,0.08,101.2,22.17,Plin
V00731,2024-09-05,C0469,Hogar,Tubo PVC 1/2,Plomería,Lima,Web,2,8,0.05,15.2,4.34,Efectivo
V00732,2025-05-23,C0312,Hogar,Alicate,Herramientas,Lima,Web,6,38,0.0,228.0,52.75,Plin
V00733,2024-03-31,C0107,Empresa,Alicate,Herramientas,Arequipa,Tienda,4,38,0.0,152.0,32.94,Efectivo
V00734,2024-09-20,C0438,Profesional,Casco de seguridad,Seguridad,Arequipa,Tienda,2,35,0.0,70.0,15.76,Tarjeta
V00735,2024-01-29,C0282,Hogar,Guantes de trabajo,Seguridad,Piura,Tienda,2,22,0.08,40.48,10.39,Efectivo
V00736,2025-03-02,C0448,Hogar,Cemento 42.5kg,Construcción,Lima,Tienda,6,32,0.08,176.64,39.98,Transferencia
V00737,2024-09-16,C0002,Hogar,Casco de seguridad,Seguridad,Arequipa,Web,4,35,0.0,140.0,18.73,Plin
V00738,2025-01-01,C0063,Hogar,Taladro inalámbrico,Herramientas,Arequipa,App,3,260,0.1,702.0,229.34,Transferencia
V00739,2025-10-06,C0166,Profesional,Foco LED,Electricidad,La Libertad,App,3,15,0.05,42.75,6.3,Transferencia
V00740,2024-06-29,C0097,Hogar,Casco de seguridad,Seguridad,Lima,Web,1,35,0.0,35.0,4.57,Plin
V00741,2024-06-27,C0337,Hogar,Llave de paso,Plomería,Lima,Tienda,5,28,0.03,135.8,16.39,Efectivo
V00742,2025-06-28,C0305,Profesional,Brocha 3 pulgadas,Pinturas,Piura,App,4,18,0.08,66.24,16.29,Tarjeta
V00743,2024-07-15,C0173,Profesional,Martillo profesional,Herramientas,Junín,Tienda,7,65,0.1,409.5,89.05,Plin
V00744,2024-09-27,C0086,Hogar,Brocha 3 pulgadas,Pinturas,La Libertad,Marketplace,2,18,0.0,36.0,7.96,Tarjeta
V00745,2025-09-27,C0123,Empresa,Martillo profesional,Herramientas,Piura,Tienda,1,65,0.0,65.0,14.25,Efectivo
V00746,2024-09-02,C0147,Hogar,Foco LED,Electricidad,Cusco,Web,4,15,0.03,58.2,7.47,Tarjeta
V00747,2025-08-07,C0222,Hogar,Guantes de trabajo,Seguridad,Lima,Tienda,1,22,0.0,22.0,4.97,Tarjeta
V00748,2024-05-30,C0203,Hogar,Martillo profesional,Herramientas,Piura,Web,2,65,0.08,119.6,38.44,Transferencia
V00749,2025-04-10,C0283,Hogar,Brocha 3 pulgadas,Pinturas,La Libertad,Tienda,2,18,0.0,36.0,7.79,Yape
V00750,2024-02-02,C0255,Hogar,Guantes de trabajo,Seguridad,Arequipa,App,2,22,0.05,41.8,11.02,Tarjeta
V00751,2024-01-29,C0403,Profesional,Martillo profesional,Herramientas,Arequipa,Web,4,65,0.0,260.0,45.96,Efectivo
V00752,2025-12-24,C0326,Profesional,Tubo PVC 1/2,Plomería,Cusco,Marketplace,3,8,0.03,23.28,3.79,Tarjeta
V00753,2025-10-14,C0435,Empresa,Guantes de trabajo,Seguridad,Lima,Marketplace,3,22,0.0,66.0,12.68,Plin
V00754,2024-10-27,C0191,Profesional,Cable eléctrico 10m,Electricidad,La Libertad,App,7,42,0.08,270.48,83.62,Plin
V00755,2024-08-26,C0152,Empresa,Brocha 3 pulgadas,Pinturas,Junín,Tienda,2,18,0.05,34.2,11.31,Yape
V00756,2025-09-18,C0154,Profesional,Alicate,Herramientas,Piura,Web,1,38,0.08,34.96,8.46,Yape
V00757,2025-12-23,C0292,Empresa,Foco LED,Electricidad,Arequipa,Tienda,7,15,0.05,99.75,28.7,Yape
V00758,2025-07-04,C0363,Hogar,Guantes de trabajo,Seguridad,Lima,Web,1,22,0.05,20.9,5.33,Tarjeta
V00759,2025-12-01,C0141,Hogar,Taladro inalámbrico,Herramientas,La Libertad,Tienda,7,260,0.03,1765.4,283.29,Yape
V00760,2025-01-30,C0021,Empresa,Cemento 42.5kg,Construcción,Lima,Tienda,5,32,0.03,155.2,32.15,Plin
V00761,2024-09-13,C0021,Hogar,Llave de paso,Plomería,Arequipa,Web,1,28,0.05,26.6,8.25,Tarjeta
V00762,2025-03-02,C0383,Profesional,Cemento 42.5kg,Construcción,Junín,Tienda,7,32,0.03,217.28,42.51,Yape
V00763,2025-06-10,C0333,Profesional,Tubo PVC 1/2,Plomería,Junín,Tienda,3,8,0.08,22.08,6.03,Yape
V00764,2025-09-12,C0150,Hogar,Brocha 3 pulgadas,Pinturas,Piura,App,1,18,0.08,16.56,4.11,Transferencia
V00765,2024-10-30,C0377,Profesional,Martillo profesional,Herramientas,Arequipa,Marketplace,5,65,0.0,325.0,104.29,Transferencia
V00766,2025-04-21,C0182,Profesional,Cemento 42.5kg,Construcción,Cusco,Tienda,7,32,0.05,212.8,45.04,Transferencia
V00767,2024-11-08,C0476,Hogar,Guantes de trabajo,Seguridad,Cusco,App,1,22,0.1,19.8,6.23,Transferencia
V00768,2025-08-24,C0016,Profesional,Taladro inalámbrico,Herramientas,Lima,App,3,260,0.0,780.0,264.69,Transferencia
V00769,2025-03-04,C0415,Hogar,Cemento 42.5kg,Construcción,Piura,App,2,32,0.05,60.8,10.19,Transferencia
V00770,2025-04-28,C0043,Hogar,Casco de seguridad,Seguridad,Cusco,Marketplace,2,35,0.0,70.0,20.4,Plin
V00771,2024-01-05,C0232,Hogar,Pintura látex 4L,Pinturas,Arequipa,Tienda,4,95,0.03,368.6,123.57,Plin
V00772,2025-01-12,C0341,Hogar,Cemento 42.5kg,Construcción,Arequipa,Tienda,3,32,0.05,91.2,11.76,Yape
V00773,2024-04-26,C0082,Hogar,Martillo profesional,Herramientas,Arequipa,Tienda,4,65,0.05,247.0,48.91,Efectivo
V00774,2025-05-27,C0364,Profesional,Martillo profesional,Herramientas,Cusco,Marketplace,6,65,0.03,378.3,61.1,Tarjeta
V00775,2025-12-31,C0245,Profesional,Llave de paso,Plomería,Lima,Marketplace,2,28,0.03,54.32,11.12,Tarjeta
V00776,2025-04-17,C0464,Profesional,Martillo profesional,Herramientas,Lima,Web,5,65,0.1,292.5,87.7,Yape
V00777,2024-07-13,C0046,Profesional,Alicate,Herramientas,Cusco,Marketplace,5,38,0.03,184.3,51.78,Yape
V00778,2024-04-26,C0410,Profesional,Alicate,Herramientas,Junín,Tienda,2,38,0.0,76.0,22.69,Efectivo
V00779,2025-04-30,C0223,Hogar,Pintura látex 4L,Pinturas,Lima,App,6,95,0.03,552.9,131.72,Plin
V00780,2024-05-09,C0090,Profesional,Guantes de trabajo,Seguridad,Cusco,Tienda,2,22,0.1,39.6,9.37,Tarjeta
V00781,2025-07-03,C0370,Hogar,Cable eléctrico 10m,Electricidad,Junín,App,5,42,0.0,210.0,30.11,Efectivo
V00782,2024-09-28,C0317,Hogar,Llave de paso,Plomería,Arequipa,Tienda,1,28,0.05,26.6,3.76,Efectivo
V00783,2024-03-11,C0226,Profesional,Guantes de trabajo,Seguridad,Arequipa,Tienda,5,22,0.0,110.0,18.27,Efectivo
V00784,2024-01-23,C0442,Empresa,Martillo profesional,Herramientas,Piura,Tienda,1,65,0.03,63.05,12.64,Efectivo
V00785,2025-10-31,C0332,Hogar,Cable eléctrico 10m,Electricidad,La Libertad,Marketplace,3,42,0.05,119.7,22.6,Yape
V00786,2024-06-15,C0012,Hogar,Tubo PVC 1/2,Plomería,La Libertad,Web,2,8,0.1,14.4,2.7,Tarjeta
V00787,2025-01-22,C0182,Hogar,Cable eléctrico 10m,Electricidad,Cusco,App,1,42,0.05,39.9,12.47,Plin
V00788,2024-03-04,C0235,Hogar,Martillo profesional,Herramientas,Cusco,Marketplace,5,65,0.0,325.0,77.41,Tarjeta
V00789,2025-03-28,C0286,Hogar,Cable eléctrico 10m,Electricidad,Junín,Web,2,42,0.0,84.0,12.77,Yape
V00790,2025-11-11,C0154,Hogar,Llave de paso,Plomería,Lima,App,5,28,0.03,135.8,43.64,Efectivo
V00791,2025-09-04,C0174,Profesional,Brocha 3 pulgadas,Pinturas,Cusco,Tienda,3,18,0.08,49.68,11.63,Transferencia
V00792,2024-03-08,C0481,Profesional,Pintura látex 4L,Pinturas,Lima,Web,5,95,0.03,460.75,55.4,Plin
V00793,2025-06-02,C0311,Profesional,Taladro inalámbrico,Herramientas,Lima,Tienda,4,260,0.03,1008.8,336.68,Plin
V00794,2024-06-16,C0332,Empresa,Casco de seguridad,Seguridad,La Libertad,Tienda,1,35,0.03,33.95,5.39,Yape
V00795,2024-07-08,C0182,Hogar,Tubo PVC 1/2,Plomería,Junín,Marketplace,5,8,0.0,40.0,12.98,Tarjeta
V00796,2025-06-22,C0098,Empresa,Alicate,Herramientas,Lima,Tienda,2,38,0.05,72.2,11.14,Tarjeta
V00797,2024-01-04,C0065,Empresa,Brocha 3 pulgadas,Pinturas,Arequipa,Marketplace,4,18,0.08,66.24,12.7,Transferencia
V00798,2025-03-10,C0163,Profesional,Brocha 3 pulgadas,Pinturas,Piura,Marketplace,6,18,0.05,102.6,20.99,Transferencia
V00799,2025-11-18,C0307,Hogar,Pintura látex 4L,Pinturas,Arequipa,Web,4,95,0.03,368.6,83.93,Transferencia
V00800,2025-05-10,C0458,Hogar,Foco LED,Electricidad,Junín,Web,1,15,0.05,14.25,3.7,Plin
V00801,2024-11-26,C0456,Profesional,Casco de seguridad,Seguridad,Cusco,Tienda,4,35,0.0,140.0,44.44,Plin
V00802,2025-03-18,C0024,Profesional,Llave de paso,Plomería,Piura,Web,5,28,0.03,135.8,37.48,Yape
V00803,2024-03-02,C0418,Profesional,Llave de paso,Plomería,La Libertad,Web,5,28,0.0,140.0,30.37,Tarjeta
V00804,2025-11-08,C0006,Profesional,Cemento 42.5kg,Construcción,Cusco,App,3,32,0.05,91.2,23.27,Transferencia
V00805,2025-06-14,C0090,Hogar,Taladro inalámbrico,Herramientas,Lima,Tienda,1,260,0.03,252.2,53.64,Tarjeta
V00806,2024-12-24,C0025,Profesional,Llave de paso,Plomería,Junín,App,5,28,0.03,135.8,37.55,Yape
V00807,2025-08-23,C0114,Profesional,Cable eléctrico 10m,Electricidad,Piura,Web,6,42,0.03,244.44,62.82,Tarjeta
V00808,2025-06-20,C0296,Hogar,Cemento 42.5kg,Construcción,Cusco,Tienda,2,32,0.08,58.88,12.83,Yape
V00809,2025-07-26,C0374,Hogar,Brocha 3 pulgadas,Pinturas,Arequipa,Web,7,18,0.08,115.92,17.31,Tarjeta
V00810,2025-11-24,C0129,Empresa,Martillo profesional,Herramientas,Cusco,App,1,65,0.0,65.0,17.75,Transferencia
V00811,2025-04-05,C0275,Profesional,Casco de seguridad,Seguridad,Arequipa,Tienda,5,35,0.08,161.0,32.13,Efectivo
V00812,2025-09-05,C0434,Hogar,Casco de seguridad,Seguridad,La Libertad,Web,5,35,0.08,161.0,32.43,Tarjeta
V00813,2025-04-14,C0098,Profesional,Guantes de trabajo,Seguridad,Lima,Web,3,22,0.0,66.0,8.93,Efectivo
V00814,2024-04-30,C0375,Hogar,Martillo profesional,Herramientas,Junín,Marketplace,1,65,0.05,61.75,19.03,Tarjeta
V00815,2024-02-02,C0049,Hogar,Brocha 3 pulgadas,Pinturas,La Libertad,Web,6,18,0.0,108.0,32.53,Transferencia
V00816,2025-07-21,C0029,Profesional,Martillo profesional,Herramientas,Arequipa,Web,3,65,0.1,175.5,53.47,Transferencia
V00817,2024-10-20,C0100,Profesional,Cemento 42.5kg,Construcción,Junín,Tienda,7,32,0.05,212.8,30.41,Efectivo
V00818,2024-08-13,C0035,Empresa,Casco de seguridad,Seguridad,La Libertad,Marketplace,1,35,0.08,32.2,4.32,Efectivo
V00819,2024-08-15,C0150,Hogar,Alicate,Herramientas,Arequipa,App,5,38,0.03,184.3,58.86,Efectivo
V00820,2025-10-26,C0307,Profesional,Alicate,Herramientas,Lima,Tienda,7,38,0.0,266.0,87.65,Efectivo
V00821,2024-08-12,C0449,Profesional,Pintura látex 4L,Pinturas,Arequipa,Tienda,6,95,0.05,541.5,158.82,Tarjeta
V00822,2024-06-17,C0019,Hogar,Casco de seguridad,Seguridad,Junín,App,7,35,0.1,220.5,73.39,Transferencia
V00823,2025-07-01,C0247,Hogar,Pintura látex 4L,Pinturas,Lima,Tienda,1,95,0.05,90.25,13.67,Tarjeta
V00824,2025-08-23,C0235,Hogar,Pintura látex 4L,Pinturas,La Libertad,Web,7,95,0.05,631.75,205.32,Yape
V00825,2024-04-25,C0438,Hogar,Cable eléctrico 10m,Electricidad,La Libertad,Tienda,3,42,0.05,119.7,35.47,Plin
V00826,2024-09-22,C0362,Hogar,Tubo PVC 1/2,Plomería,Cusco,Marketplace,1,8,0.05,7.6,1.83,Efectivo
V00827,2024-03-07,C0369,Empresa,Pintura látex 4L,Pinturas,La Libertad,App,4,95,0.08,349.6,60.69,Efectivo
V00828,2024-09-04,C0067,Hogar,Casco de seguridad,Seguridad,La Libertad,Web,4,35,0.08,128.8,35.03,Transferencia
V00829,2025-02-21,C0199,Hogar,Cable eléctrico 10m,Electricidad,Piura,App,4,42,0.1,151.2,40.08,Transferencia
V00830,2025-10-04,C0353,Profesional,Brocha 3 pulgadas,Pinturas,Cusco,App,4,18,0.05,68.4,19.15,Tarjeta
V00831,2025-01-06,C0359,Profesional,Alicate,Herramientas,Arequipa,Tienda,4,38,0.0,152.0,40.95,Transferencia
V00832,2025-01-03,C0348,Profesional,Llave de paso,Plomería,Cusco,Tienda,2,28,0.03,54.32,11.42,Transferencia
V00833,2025-06-16,C0125,Profesional,Llave de paso,Plomería,Arequipa,App,3,28,0.0,84.0,22.77,Transferencia
V00834,2025-03-30,C0275,Hogar,Guantes de trabajo,Seguridad,La Libertad,Web,3,22,0.03,64.02,16.88,Efectivo
V00835,2025-11-17,C0167,Hogar,Guantes de trabajo,Seguridad,Arequipa,Web,4,22,0.0,88.0,17.86,Plin
V00836,2025-05-31,C0051,Profesional,Martillo profesional,Herramientas,Piura,Marketplace,7,65,0.1,409.5,68.91,Efectivo
V00837,2025-03-31,C0411,Profesional,Martillo profesional,Herramientas,Arequipa,Web,1,65,0.03,63.05,8.17,Plin
V00838,2024-07-29,C0324,Profesional,Casco de seguridad,Seguridad,La Libertad,Tienda,2,35,0.05,66.5,8.43,Transferencia
V00839,2024-06-06,C0098,Profesional,Tubo PVC 1/2,Plomería,Arequipa,Tienda,6,8,0.05,45.6,6.76,Yape
V00840,2025-02-02,C0304,Hogar,Llave de paso,Plomería,Lima,Tienda,2,28,0.0,56.0,12.61,Transferencia
V00841,2025-06-04,C0480,Profesional,Pintura látex 4L,Pinturas,Cusco,Tienda,3,95,0.0,285.0,83.43,Tarjeta
V00842,2024-03-26,C0484,Profesional,Llave de paso,Plomería,Junín,App,2,28,0.08,51.52,7.14,Plin
V00843,2024-04-13,C0421,Profesional,Foco LED,Electricidad,La Libertad,App,1,15,0.08,13.8,2.01,Tarjeta
V00844,2025-08-25,C0233,Empresa,Foco LED,Electricidad,Arequipa,Web,1,15,0.0,15.0,4.43,Transferencia
V00845,2025-02-18,C0053,Profesional,Foco LED,Electricidad,Arequipa,Tienda,3,15,0.0,45.0,14.92,Yape
V00846,2025-08-04,C0435,Hogar,Foco LED,Electricidad,Arequipa,Tienda,5,15,0.08,69.0,20.08,Plin
V00847,2024-12-14,C0085,Profesional,Martillo profesional,Herramientas,Piura,Marketplace,6,65,0.03,378.3,92.13,Efectivo
V00848,2025-09-16,C0155,Hogar,Pintura látex 4L,Pinturas,Lima,Web,1,95,0.1,85.5,14.92,Yape
V00849,2025-12-06,C0419,Profesional,Taladro inalámbrico,Herramientas,Arequipa,Tienda,2,260,0.03,504.4,133.28,Plin
V00850,2024-05-02,C0029,Profesional,Tubo PVC 1/2,Plomería,Arequipa,Web,6,8,0.0,48.0,8.55,Yape
V00851,2025-08-31,C0023,Hogar,Guantes de trabajo,Seguridad,Junín,Web,3,22,0.05,62.7,13.84,Transferencia
V00852,2025-09-20,C0008,Hogar,Martillo profesional,Herramientas,La Libertad,Tienda,1,65,0.05,61.75,11.61,Plin
V00853,2024-04-10,C0144,Profesional,Casco de seguridad,Seguridad,Arequipa,Tienda,5,35,0.0,175.0,50.75,Transferencia
V00854,2024-05-10,C0485,Hogar,Tubo PVC 1/2,Plomería,Piura,Tienda,1,8,0.05,7.6,2.58,Transferencia
V00855,2024-04-08,C0270,Profesional,Guantes de trabajo,Seguridad,Arequipa,Web,2,22,0.05,41.8,9.62,Yape
V00856,2025-01-25,C0476,Profesional,Brocha 3 pulgadas,Pinturas,Arequipa,App,3,18,0.0,54.0,10.97,Tarjeta
V00857,2024-03-07,C0189,Profesional,Brocha 3 pulgadas,Pinturas,La Libertad,Marketplace,7,18,0.1,113.4,27.88,Efectivo
V00858,2025-03-11,C0285,Hogar,Tubo PVC 1/2,Plomería,Arequipa,Web,6,8,0.05,45.6,6.66,Tarjeta
V00859,2024-03-10,C0429,Profesional,Cable eléctrico 10m,Electricidad,La Libertad,Tienda,5,42,0.08,193.2,56.46,Transferencia
V00860,2025-12-25,C0079,Profesional,Pintura látex 4L,Pinturas,Arequipa,Marketplace,5,95,0.0,475.0,63.13,Transferencia
V00861,2025-04-15,C0440,Profesional,Llave de paso,Plomería,Lima,Tienda,7,28,0.08,180.32,26.91,Efectivo
V00862,2024-11-05,C0185,Profesional,Brocha 3 pulgadas,Pinturas,Junín,Tienda,1,18,0.1,16.2,2.56,Tarjeta
V00863,2024-05-06,C0143,Hogar,Guantes de trabajo,Seguridad,Piura,Web,7,22,0.08,141.68,45.44,Plin
V00864,2025-07-25,C0265,Hogar,Alicate,Herramientas,Piura,Tienda,1,38,0.08,34.96,11.86,Yape
V00865,2024-04-19,C0273,Profesional,Cemento 42.5kg,Construcción,Piura,Tienda,2,32,0.05,60.8,13.07,Yape
V00866,2024-06-22,C0405,Empresa,Tubo PVC 1/2,Plomería,Piura,Tienda,1,8,0.0,8.0,1.96,Transferencia
V00867,2025-11-29,C0436,Profesional,Cemento 42.5kg,Construcción,Piura,Tienda,2,32,0.03,62.08,11.99,Yape
V00868,2024-11-05,C0007,Hogar,Cable eléctrico 10m,Electricidad,Lima,Web,1,42,0.1,37.8,4.95,Efectivo
V00869,2024-03-19,C0429,Hogar,Brocha 3 pulgadas,Pinturas,Junín,Web,5,18,0.03,87.3,11.8,Tarjeta
V00870,2025-01-15,C0246,Hogar,Cable eléctrico 10m,Electricidad,La Libertad,App,1,42,0.0,42.0,12.44,Yape
V00871,2024-04-06,C0304,Empresa,Brocha 3 pulgadas,Pinturas,Piura,Tienda,1,18,0.0,18.0,4.6,Yape
V00872,2025-01-26,C0277,Hogar,Taladro inalámbrico,Herramientas,Arequipa,App,4,260,0.05,988.0,148.9,Efectivo
V00873,2024-01-02,C0065,Hogar,Brocha 3 pulgadas,Pinturas,La Libertad,Tienda,4,18,0.1,64.8,21.74,Transferencia
V00874,2025-02-12,C0206,Profesional,Foco LED,Electricidad,Cusco,Tienda,3,15,0.03,43.65,14.38,Yape
V00875,2024-12-31,C0183,Profesional,Foco LED,Electricidad,Junín,Tienda,7,15,0.0,105.0,13.89,Yape
V00876,2025-11-24,C0268,Hogar,Pintura látex 4L,Pinturas,Lima,Web,3,95,0.0,285.0,34.54,Yape
V00877,2025-09-04,C0124,Empresa,Cemento 42.5kg,Construcción,Arequipa,Tienda,6,32,0.03,186.24,35.84,Tarjeta
V00878,2025-07-25,C0048,Profesional,Martillo profesional,Herramientas,Junín,Web,4,65,0.0,260.0,40.16,Transferencia
V00879,2025-08-20,C0367,Profesional,Tubo PVC 1/2,Plomería,Junín,Tienda,6,8,0.03,46.56,14.99,Transferencia
V00880,2025-02-04,C0226,Hogar,Casco de seguridad,Seguridad,Junín,Marketplace,2,35,0.03,67.9,9.6,Tarjeta
V00881,2024-05-24,C0286,Empresa,Martillo profesional,Herramientas,La Libertad,Web,5,65,0.05,308.75,60.22,Transferencia
V00882,2025-04-29,C0491,Hogar,Brocha 3 pulgadas,Pinturas,Arequipa,Web,4,18,0.03,69.84,19.11,Yape
V00883,2025-03-08,C0180,Hogar,Alicate,Herramientas,La Libertad,Tienda,3,38,0.1,102.6,28.27,Plin
V00884,2025-05-16,C0100,Profesional,Casco de seguridad,Seguridad,Lima,Tienda,4,35,0.08,128.8,34.17,Transferencia
V00885,2024-06-06,C0069,Hogar,Brocha 3 pulgadas,Pinturas,Arequipa,Tienda,5,18,0.05,85.5,26.06,Plin
V00886,2025-12-16,C0230,Empresa,Martillo profesional,Herramientas,Lima,Web,3,65,0.08,179.4,27.4,Plin
V00887,2025-09-08,C0339,Hogar,Cemento 42.5kg,Construcción,Lima,Tienda,4,32,0.0,128.0,19.5,Yape
V00888,2024-09-09,C0191,Profesional,Martillo profesional,Herramientas,La Libertad,Tienda,6,65,0.0,390.0,111.15,Yape
V00889,2025-01-29,C0219,Hogar,Cable eléctrico 10m,Electricidad,La Libertad,Web,4,42,0.05,159.6,26.02,Yape
V00890,2025-09-16,C0243,Hogar,Taladro inalámbrico,Herramientas,Junín,Web,2,260,0.05,494.0,71.61,Plin
V00891,2025-08-22,C0113,Hogar,Llave de paso,Plomería,Lima,Web,7,28,0.05,186.2,55.87,Tarjeta
V00892,2025-12-06,C0321,Hogar,Alicate,Herramientas,Cusco,App,5,38,0.08,174.8,42.74,Tarjeta
V00893,2025-04-06,C0482,Profesional,Martillo profesional,Herramientas,Junín,App,2,65,0.0,130.0,42.41,Yape
V00894,2024-08-03,C0457,Empresa,Pintura látex 4L,Pinturas,La Libertad,Tienda,2,95,0.03,184.3,36.59,Transferencia
V00895,2024-11-24,C0070,Hogar,Casco de seguridad,Seguridad,Cusco,Web,4,35,0.0,140.0,44.06,Transferencia
V00896,2024-12-09,C0019,Hogar,Tubo PVC 1/2,Plomería,Piura,Tienda,6,8,0.0,48.0,14.22,Plin
V00897,2024-10-15,C0364,Hogar,Cable eléctrico 10m,Electricidad,Arequipa,App,5,42,0.0,210.0,26.83,Transferencia
V00898,2025-07-07,C0195,Hogar,Llave de paso,Plomería,La Libertad,Web,1,28,0.08,25.76,4.61,Efectivo
V00899,2024-09-28,C0446,Profesional,Alicate,Herramientas,La Libertad,Marketplace,4,38,0.1,136.8,26.48,Efectivo
V00900,2024-08-19,C0403,Profesional,Casco de seguridad,Seguridad,Piura,Marketplace,7,35,0.0,245.0,72.31,Yape
V00901,2025-03-17,C0081,Profesional,Alicate,Herramientas,La Libertad,App,2,38,0.05,72.2,16.95,Tarjeta
V00902,2025-09-19,C0079,Profesional,Llave de paso,Plomería,Lima,Tienda,6,28,0.03,162.96,44.99,Efectivo
V00903,2024-09-12,C0354,Profesional,Martillo profesional,Herramientas,Arequipa,Tienda,5,65,0.05,308.75,73.15,Transferencia
V00904,2025-03-20,C0299,Hogar,Pintura látex 4L,Pinturas,La Libertad,Web,3,95,0.08,262.2,37.8,Efectivo
V00905,2024-02-28,C0479,Profesional,Cemento 42.5kg,Construcción,Cusco,App,3,32,0.0,96.0,20.75,Plin
V00906,2024-12-02,C0076,Profesional,Guantes de trabajo,Seguridad,Arequipa,Marketplace,3,22,0.03,64.02,12.43,Efectivo
V00907,2025-10-03,C0319,Empresa,Martillo profesional,Herramientas,Cusco,Web,7,65,0.05,432.25,78.88,Transferencia
V00908,2024-03-15,C0382,Hogar,Brocha 3 pulgadas,Pinturas,Piura,Web,5,18,0.08,82.8,26.68,Yape
V00909,2025-09-02,C0237,Hogar,Tubo PVC 1/2,Plomería,Lima,Web,3,8,0.1,21.6,5.01,Transferencia
V00910,2025-04-02,C0217,Hogar,Llave de paso,Plomería,Cusco,App,1,28,0.08,25.76,5.13,Plin
V00911,2024-08-23,C0352,Hogar,Llave de paso,Plomería,Arequipa,Tienda,7,28,0.0,196.0,65.49,Yape
V00912,2025-01-10,C0353,Empresa,Brocha 3 pulgadas,Pinturas,Cusco,App,7,18,0.03,122.22,27.11,Transferencia
V00913,2024-04-14,C0065,Empresa,Cable eléctrico 10m,Electricidad,Cusco,Tienda,2,42,0.08,77.28,13.96,Yape
V00914,2024-10-02,C0301,Profesional,Foco LED,Electricidad,Cusco,Tienda,5,15,0.03,72.75,10.86,Transferencia
V00915,2024-08-18,C0104,Hogar,Taladro inalámbrico,Herramientas,Lima,Tienda,4,260,0.08,956.8,148.72,Plin
V00916,2024-11-29,C0325,Hogar,Martillo profesional,Herramientas,Cusco,App,6,65,0.1,351.0,58.24,Tarjeta
V00917,2025-11-11,C0079,Hogar,Foco LED,Electricidad,Junín,Marketplace,4,15,0.1,54.0,12.83,Yape
V00918,2025-05-22,C0335,Profesional,Cable eléctrico 10m,Electricidad,Junín,Tienda,5,42,0.03,203.7,48.1,Tarjeta
V00919,2025-11-08,C0069,Hogar,Cemento 42.5kg,Construcción,Arequipa,Tienda,1,32,0.03,31.04,6.91,Plin
V00920,2024-03-29,C0254,Hogar,Cable eléctrico 10m,Electricidad,La Libertad,Web,7,42,0.05,279.3,57.39,Efectivo
V00921,2025-08-08,C0407,Hogar,Brocha 3 pulgadas,Pinturas,Lima,App,4,18,0.1,64.8,19.72,Tarjeta
V00922,2024-03-23,C0148,Hogar,Foco LED,Electricidad,La Libertad,Tienda,4,15,0.05,57.0,16.38,Plin
V00923,2024-03-13,C0362,Profesional,Cemento 42.5kg,Construcción,Lima,Tienda,5,32,0.05,152.0,34.02,Transferencia
V00924,2024-01-31,C0278,Empresa,Martillo profesional,Herramientas,Cusco,App,6,65,0.05,370.5,66.19,Yape
V00925,2024-02-15,C0304,Empresa,Cable eléctrico 10m,Electricidad,Piura,Tienda,7,42,0.08,270.48,56.35,Plin
V00926,2024-12-19,C0124,Hogar,Taladro inalámbrico,Herramientas,Piura,Web,1,260,0.08,239.2,51.0,Transferencia
V00927,2025-06-21,C0445,Hogar,Casco de seguridad,Seguridad,Lima,Tienda,7,35,0.05,232.75,77.8,Transferencia
V00928,2024-08-30,C0425,Hogar,Cemento 42.5kg,Construcción,Junín,Tienda,7,32,0.03,217.28,57.85,Efectivo
V00929,2024-06-19,C0294,Empresa,Cable eléctrico 10m,Electricidad,Lima,Web,4,42,0.05,159.6,32.29,Yape
V00930,2025-10-19,C0472,Hogar,Foco LED,Electricidad,Piura,Web,7,15,0.08,96.6,12.46,Plin
V00931,2024-05-30,C0377,Hogar,Alicate,Herramientas,Lima,App,6,38,0.0,228.0,36.36,Plin
V00932,2024-02-17,C0485,Hogar,Guantes de trabajo,Seguridad,Cusco,Tienda,5,22,0.0,110.0,20.56,Tarjeta
V00933,2024-07-17,C0014,Profesional,Martillo profesional,Herramientas,Junín,Tienda,3,65,0.1,175.5,32.75,Tarjeta
V00934,2025-01-01,C0225,Hogar,Llave de paso,Plomería,Cusco,Web,7,28,0.05,186.2,24.42,Tarjeta
V00935,2024-05-15,C0124,Empresa,Taladro inalámbrico,Herramientas,Piura,Tienda,4,260,0.05,988.0,312.51,Plin
V00936,2024-02-01,C0361,Hogar,Taladro inalámbrico,Herramientas,Junín,Tienda,6,260,0.0,1560.0,379.22,Efectivo
V00937,2024-04-11,C0191,Empresa,Martillo profesional,Herramientas,Piura,Marketplace,6,65,0.0,390.0,60.52,Tarjeta
V00938,2024-03-20,C0060,Empresa,Cable eléctrico 10m,Electricidad,Arequipa,App,2,42,0.05,79.8,15.77,Plin
V00939,2025-07-04,C0450,Profesional,Brocha 3 pulgadas,Pinturas,Lima,Web,5,18,0.05,85.5,21.86,Plin
V00940,2024-05-24,C0222,Profesional,Cemento 42.5kg,Construcción,Cusco,Marketplace,5,32,0.03,155.2,39.96,Efectivo
V00941,2024-06-24,C0090,Profesional,Tubo PVC 1/2,Plomería,Piura,Tienda,6,8,0.05,45.6,12.99,Yape
V00942,2025-05-08,C0128,Profesional,Taladro inalámbrico,Herramientas,Cusco,App,7,260,0.08,1674.4,390.16,Plin
V00943,2025-10-17,C0134,Hogar,Casco de seguridad,Seguridad,Lima,Tienda,7,35,0.03,237.65,41.3,Yape
V00944,2025-08-25,C0367,Hogar,Guantes de trabajo,Seguridad,Arequipa,Tienda,1,22,0.03,21.34,3.31,Efectivo
V00945,2024-10-28,C0129,Profesional,Foco LED,Electricidad,Lima,Marketplace,1,15,0.0,15.0,4.16,Tarjeta
V00946,2025-11-18,C0123,Hogar,Brocha 3 pulgadas,Pinturas,Arequipa,Tienda,1,18,0.03,17.46,5.37,Efectivo
V00947,2024-05-26,C0455,Profesional,Pintura látex 4L,Pinturas,Arequipa,Tienda,1,95,0.03,92.15,11.31,Plin
V00948,2025-04-02,C0441,Profesional,Tubo PVC 1/2,Plomería,Junín,Tienda,5,8,0.05,38.0,5.07,Transferencia
V00949,2024-02-09,C0194,Hogar,Llave de paso,Plomería,Piura,Tienda,1,28,0.05,26.6,7.84,Efectivo
V00950,2024-01-12,C0036,Hogar,Brocha 3 pulgadas,Pinturas,La Libertad,Tienda,3,18,0.05,51.3,7.28,Efectivo
V00951,2025-01-02,C0263,Profesional,Brocha 3 pulgadas,Pinturas,La Libertad,Web,5,18,0.1,81.0,21.65,Yape
V00952,2024-11-02,C0167,Empresa,Alicate,Herramientas,Junín,App,7,38,0.08,244.72,52.21,Tarjeta
V00953,2025-11-27,C0239,Hogar,Casco de seguridad,Seguridad,La Libertad,Tienda,2,35,0.05,66.5,19.78,Efectivo
V00954,2025-04-14,C0342,Hogar,Pintura látex 4L,Pinturas,Cusco,Marketplace,3,95,0.05,270.75,58.41,Plin
V00955,2024-04-13,C0444,Profesional,Cable eléctrico 10m,Electricidad,Lima,Tienda,1,42,0.05,39.9,10.59,Efectivo
V00956,2024-09-15,C0279,Profesional,Cemento 42.5kg,Construcción,Arequipa,Tienda,3,32,0.1,86.4,27.21,Plin
V00957,2024-01-19,C0140,Hogar,Pintura látex 4L,Pinturas,Cusco,App,7,95,0.08,611.8,134.83,Tarjeta
V00958,2024-12-17,C0490,Hogar,Foco LED,Electricidad,Cusco,Web,4,15,0.0,60.0,15.42,Plin
V00959,2024-11-10,C0079,Hogar,Llave de paso,Plomería,Arequipa,Tienda,2,28,0.05,53.2,13.48,Efectivo
V00960,2025-04-02,C0370,Profesional,Taladro inalámbrico,Herramientas,Arequipa,Web,5,260,0.05,1235.0,376.2,Transferencia
V00961,2024-02-21,C0065,Hogar,Guantes de trabajo,Seguridad,Lima,Tienda,3,22,0.03,64.02,13.58,Yape
V00962,2025-05-01,C0404,Profesional,Cemento 42.5kg,Construcción,Piura,App,2,32,0.08,58.88,14.55,Efectivo
V00963,2025-10-31,C0299,Profesional,Llave de paso,Plomería,Cusco,Web,1,28,0.1,25.2,3.11,Yape
V00964,2025-12-02,C0048,Hogar,Martillo profesional,Herramientas,Cusco,Web,3,65,0.0,195.0,23.76,Transferencia
V00965,2024-11-15,C0136,Profesional,Alicate,Herramientas,Arequipa,Web,4,38,0.05,144.4,17.86,Efectivo
V00966,2024-07-26,C0207,Hogar,Guantes de trabajo,Seguridad,La Libertad,Web,1,22,0.08,20.24,6.37,Tarjeta
V00967,2025-08-11,C0322,Profesional,Cable eléctrico 10m,Electricidad,Cusco,App,7,42,0.05,279.3,53.01,Plin
V00968,2025-10-14,C0233,Empresa,Cemento 42.5kg,Construcción,Lima,Tienda,3,32,0.03,93.12,23.12,Plin
V00969,2025-01-01,C0362,Hogar,Alicate,Herramientas,Lima,Web,3,38,0.05,108.3,21.45,Yape
V00970,2024-03-10,C0227,Profesional,Cemento 42.5kg,Construcción,Piura,App,1,32,0.05,30.4,7.03,Transferencia
V00971,2025-04-28,C0291,Profesional,Tubo PVC 1/2,Plomería,Junín,App,3,8,0.03,23.28,6.45,Plin
V00972,2024-12-22,C0204,Profesional,Casco de seguridad,Seguridad,Junín,Tienda,2,35,0.05,66.5,10.29,Plin
V00973,2024-03-05,C0476,Hogar,Taladro inalámbrico,Herramientas,La Libertad,Tienda,7,260,0.08,1674.4,394.8,Transferencia
V00974,2025-06-15,C0251,Hogar,Cable eléctrico 10m,Electricidad,Piura,Tienda,3,42,0.03,122.22,17.51,Transferencia
V00975,2025-12-19,C0469,Profesional,Martillo profesional,Herramientas,Cusco,Web,1,65,0.1,58.5,15.49,Tarjeta
V00976,2025-06-15,C0310,Profesional,Tubo PVC 1/2,Plomería,Piura,Web,4,8,0.0,32.0,9.9,Plin
V00977,2025-10-31,C0082,Hogar,Martillo profesional,Herramientas,Junín,Marketplace,2,65,0.1,117.0,24.35,Transferencia
V00978,2024-03-10,C0362,Hogar,Guantes de trabajo,Seguridad,Junín,Tienda,7,22,0.05,146.3,49.44,Transferencia
V00979,2024-10-11,C0477,Empresa,Cable eléctrico 10m,Electricidad,La Libertad,App,2,42,0.03,81.48,13.4,Yape
V00980,2025-08-04,C0117,Hogar,Llave de paso,Plomería,Arequipa,Tienda,3,28,0.0,84.0,16.31,Yape
V00981,2024-03-04,C0163,Profesional,Cemento 42.5kg,Construcción,Junín,Web,2,32,0.1,57.6,7.99,Yape
V00982,2025-01-18,C0341,Profesional,Brocha 3 pulgadas,Pinturas,Junín,Tienda,1,18,0.05,17.1,4.17,Plin
V00983,2025-10-18,C0165,Profesional,Martillo profesional,Herramientas,La Libertad,Tienda,2,65,0.05,123.5,15.53,Tarjeta
V00984,2025-06-16,C0469,Empresa,Guantes de trabajo,Seguridad,La Libertad,Tienda,5,22,0.03,106.7,31.63,Plin
V00985,2024-12-13,C0161,Hogar,Alicate,Herramientas,Piura,Tienda,5,38,0.05,180.5,46.37,Yape
V00986,2025-09-23,C0301,Empresa,Martillo profesional,Herramientas,Cusco,Web,1,65,0.1,58.5,7.2,Yape
V00987,2025-04-18,C0409,Profesional,Brocha 3 pulgadas,Pinturas,Piura,Marketplace,5,18,0.03,87.3,19.65,Efectivo
V00988,2025-02-22,C0334,Profesional,Cable eléctrico 10m,Electricidad,Lima,Marketplace,3,42,0.05,119.7,30.24,Transferencia
V00989,2025-05-28,C0298,Profesional,Casco de seguridad,Seguridad,Lima,Web,3,35,0.05,99.75,18.12,Transferencia
V00990,2024-09-06,C0131,Empresa,Llave de paso,Plomería,Lima,Marketplace,4,28,0.03,108.64,17.08,Yape
V00991,2024-07-17,C0349,Profesional,Brocha 3 pulgadas,Pinturas,Lima,Marketplace,2,18,0.05,34.2,8.42,Transferencia
V00992,2024-07-10,C0355,Profesional,Guantes de trabajo,Seguridad,Arequipa,Web,4,22,0.0,88.0,15.8,Plin
V00993,2025-11-04,C0358,Profesional,Casco de seguridad,Seguridad,La Libertad,Web,3,35,0.08,96.6,26.97,Efectivo
V00994,2024-11-09,C0359,Profesional,Brocha 3 pulgadas,Pinturas,Junín,Web,7,18,0.0,126.0,32.64,Yape
V00995,2024-09-01,C0088,Profesional,Martillo profesional,Herramientas,Cusco,Tienda,3,65,0.1,175.5,34.84,Yape
V00996,2025-01-17,C0299,Profesional,Casco de seguridad,Seguridad,Piura,Tienda,4,35,0.05,133.0,21.03,Transferencia
V00997,2025-08-24,C0014,Profesional,Brocha 3 pulgadas,Pinturas,La Libertad,App,2,18,0.1,32.4,7.89,Tarjeta
V00998,2025-02-21,C0138,Profesional,Taladro inalámbrico,Herramientas,La Libertad,Web,5,260,0.1,1170.0,388.94,Yape
V00999,2025-02-20,C0029,Hogar,Pintura látex 4L,Pinturas,Lima,Marketplace,5,95,0.0,475.0,57.54,Yape
V01000,2025-09-25,C0368,Hogar,Cemento 42.5kg,Construcción,La Libertad,App,4,32,0.08,117.76,35.85,Efectivo
V01001,2024-05-18,C0265,Empresa,Tubo PVC 1/2,Plomería,Piura,App,6,8,0.1,43.2,10.87,Plin
V01002,2025-01-28,C0037,Empresa,Martillo profesional,Herramientas,Arequipa,App,1,65,0.0,65.0,15.35,Tarjeta
V01003,2025-01-19,C0014,Hogar,Brocha 3 pulgadas,Pinturas,Lima,Marketplace,2,18,0.1,32.4,6.61,Plin
V01004,2025-03-10,C0051,Profesional,Foco LED,Electricidad,Junín,Tienda,7,15,0.03,101.85,23.04,Plin
V01005,2025-03-16,C0115,Hogar,Cable eléctrico 10m,Electricidad,Cusco,Tienda,5,42,0.08,193.2,23.22,Tarjeta
V01006,2024-07-10,C0444,Empresa,Foco LED,Electricidad,Lima,Tienda,5,15,0.0,75.0,21.19,Transferencia
V01007,2025-12-18,C0482,Hogar,Tubo PVC 1/2,Plomería,Junín,Web,1,8,0.0,8.0,2.65,Yape
V01008,2025-01-24,C0185,Hogar,Llave de paso,Plomería,Lima,Tienda,3,28,0.1,75.6,12.75,Tarjeta
V01009,2024-08-12,C0204,Hogar,Cemento 42.5kg,Construcción,La Libertad,Tienda,6,32,0.0,192.0,47.71,Tarjeta
V01010,2025-10-07,C0360,Empresa,Martillo profesional,Herramientas,Cusco,App,1,65,0.03,63.05,18.8,Plin
V01011,2024-10-18,C0265,Profesional,Martillo profesional,Herramientas,Cusco,Tienda,5,65,0.0,325.0,60.71,Plin
V01012,2025-07-08,C0405,Profesional,Llave de paso,Plomería,Cusco,Tienda,7,28,0.0,196.0,64.74,Transferencia
V01013,2024-06-04,C0136,Hogar,Casco de seguridad,Seguridad,La Libertad,Web,5,35,0.08,161.0,45.73,Yape
V01014,2025-10-27,C0339,Hogar,Brocha 3 pulgadas,Pinturas,Arequipa,Tienda,5,18,0.08,82.8,23.94,Plin
V01015,2025-08-13,C0129,Profesional,Taladro inalámbrico,Herramientas,La Libertad,Tienda,2,260,0.0,520.0,101.23,Tarjeta
V01016,2024-04-25,C0169,Hogar,Tubo PVC 1/2,Plomería,La Libertad,Web,1,8,0.05,7.6,1.86,Efectivo
V01017,2025-03-11,C0449,Hogar,Brocha 3 pulgadas,Pinturas,Cusco,Tienda,5,18,0.05,85.5,25.43,Transferencia
V01018,2024-08-01,C0478,Empresa,Cemento 42.5kg,Construcción,Junín,Marketplace,5,32,0.03,155.2,18.86,Yape
V01019,2024-11-13,C0153,Profesional,Guantes de trabajo,Seguridad,Cusco,Tienda,3,22,0.05,62.7,19.27,Transferencia
V01020,2025-02-18,C0068,Hogar,Casco de seguridad,Seguridad,Junín,Tienda,3,35,0.03,101.85,27.39,Transferencia
V01021,2024-10-19,C0048,Empresa,Cable eléctrico 10m,Electricidad,Arequipa,Tienda,3,42,0.05,119.7,34.52,Transferencia
V01022,2024-06-02,C0280,Profesional,Tubo PVC 1/2,Plomería,Lima,Web,6,8,0.05,45.6,11.5,Efectivo
V01023,2025-09-23,C0478,Hogar,Guantes de trabajo,Seguridad,Lima,Web,6,22,0.05,125.4,38.66,Tarjeta
V01024,2024-01-16,C0466,Hogar,Tubo PVC 1/2,Plomería,Cusco,Tienda,4,8,0.05,30.4,8.99,Transferencia
V01025,2024-07-09,C0273,Profesional,Llave de paso,Plomería,Junín,Tienda,4,28,0.0,112.0,25.85,Transferencia
V01026,2025-12-17,C0462,Hogar,Martillo profesional,Herramientas,Cusco,Web,1,65,0.0,65.0,21.71,Yape
V01027,2024-01-28,C0202,Hogar,Tubo PVC 1/2,Plomería,Arequipa,Tienda,5,8,0.03,38.8,5.23,Yape
V01028,2025-05-20,C0277,Profesional,Foco LED,Electricidad,Cusco,Marketplace,5,15,0.05,71.25,12.8,Transferencia
V01029,2025-07-26,C0347,Hogar,Cable eléctrico 10m,Electricidad,Cusco,Tienda,1,42,0.08,38.64,10.63,Yape
V01030,2025-03-22,C0272,Hogar,Foco LED,Electricidad,La Libertad,Web,7,15,0.05,99.75,20.8,Tarjeta
V01031,2025-12-16,C0301,Profesional,Foco LED,Electricidad,La Libertad,App,4,15,0.08,55.2,14.62,Tarjeta
V01032,2024-07-03,C0107,Hogar,Guantes de trabajo,Seguridad,Lima,Tienda,6,22,0.03,128.04,20.88,Plin
V01033,2024-06-22,C0160,Hogar,Foco LED,Electricidad,Piura,Tienda,5,15,0.0,75.0,9.44,Efectivo
V01034,2025-07-14,C0303,Profesional,Martillo profesional,Herramientas,La Libertad,Web,2,65,0.0,130.0,26.29,Yape
V01035,2024-03-16,C0145,Profesional,Alicate,Herramientas,Piura,Web,4,38,0.08,139.84,34.29,Efectivo
V01036,2025-09-11,C0394,Profesional,Brocha 3 pulgadas,Pinturas,Arequipa,Web,7,18,0.08,115.92,18.93,Plin
V01037,2025-03-22,C0025,Hogar,Cemento 42.5kg,Construcción,Cusco,App,6,32,0.05,182.4,43.47,Efectivo
V01038,2025-11-11,C0274,Hogar,Tubo PVC 1/2,Plomería,Piura,Tienda,1,8,0.08,7.36,2.22,Plin
V01039,2025-05-12,C0179,Empresa,Casco de seguridad,Seguridad,Arequipa,Tienda,3,35,0.05,99.75,32.0,Efectivo
V01040,2024-02-29,C0197,Profesional,Guantes de trabajo,Seguridad,Arequipa,App,2,22,0.05,41.8,11.98,Transferencia
V01041,2025-07-16,C0067,Empresa,Martillo profesional,Herramientas,Junín,App,6,65,0.0,390.0,60.38,Efectivo
V01042,2024-05-16,C0185,Hogar,Casco de seguridad,Seguridad,Lima,Tienda,1,35,0.05,33.25,5.36,Efectivo
V01043,2024-01-25,C0040,Empresa,Foco LED,Electricidad,Cusco,Web,5,15,0.1,67.5,18.3,Transferencia
V01044,2024-09-06,C0266,Profesional,Alicate,Herramientas,Lima,App,5,38,0.08,174.8,39.32,Tarjeta
V01045,2025-02-12,C0141,Hogar,Alicate,Herramientas,Piura,Tienda,1,38,0.03,36.86,7.56,Transferencia
V01046,2024-01-18,C0230,Hogar,Cable eléctrico 10m,Electricidad,Junín,Tienda,2,42,0.08,77.28,25.78,Tarjeta
V01047,2025-01-31,C0175,Empresa,Llave de paso,Plomería,Cusco,Tienda,3,28,0.1,75.6,21.23,Plin
V01048,2024-11-11,C0181,Profesional,Cable eléctrico 10m,Electricidad,Arequipa,Marketplace,3,42,0.0,126.0,39.67,Yape
V01049,2025-05-03,C0451,Profesional,Pintura látex 4L,Pinturas,Cusco,Marketplace,5,95,0.05,451.25,67.27,Yape
V01050,2024-01-14,C0170,Profesional,Pintura látex 4L,Pinturas,Arequipa,Tienda,1,95,0.03,92.15,21.94,Yape
V01051,2025-05-24,C0288,Profesional,Taladro inalámbrico,Herramientas,La Libertad,App,1,260,0.0,260.0,85.71,Yape
V01052,2025-02-22,C0240,Profesional,Cemento 42.5kg,Construcción,Piura,App,1,32,0.03,31.04,8.2,Efectivo
V01053,2025-09-02,C0392,Empresa,Llave de paso,Plomería,La Libertad,Tienda,2,28,0.0,56.0,8.81,Efectivo
V01054,2024-08-06,C0275,Hogar,Taladro inalámbrico,Herramientas,Lima,Marketplace,6,260,0.05,1482.0,446.1,Tarjeta
V01055,2025-03-26,C0190,Empresa,Llave de paso,Plomería,Junín,Tienda,3,28,0.03,81.48,16.16,Tarjeta
V01056,2024-12-15,C0018,Hogar,Pintura látex 4L,Pinturas,La Libertad,Tienda,6,95,0.05,541.5,80.29,Yape
V01057,2025-11-30,C0450,Hogar,Martillo profesional,Herramientas,Arequipa,Marketplace,2,65,0.05,123.5,38.06,Yape
V01058,2024-05-02,C0161,Profesional,Pintura látex 4L,Pinturas,Junín,Tienda,6,95,0.05,541.5,95.33,Plin
V01059,2025-01-15,C0106,Profesional,Taladro inalámbrico,Herramientas,Junín,Tienda,7,260,0.05,1729.0,431.58,Transferencia
V01060,2024-11-21,C0104,Empresa,Martillo profesional,Herramientas,Piura,Tienda,5,65,0.05,308.75,93.81,Plin
V01061,2025-05-26,C0249,Profesional,Martillo profesional,Herramientas,Cusco,Marketplace,1,65,0.0,65.0,11.84,Tarjeta
V01062,2025-11-13,C0417,Profesional,Foco LED,Electricidad,Piura,Tienda,2,15,0.05,28.5,9.24,Transferencia
V01063,2024-12-13,C0179,Hogar,Guantes de trabajo,Seguridad,Cusco,Marketplace,1,22,0.03,21.34,2.98,Efectivo
V01064,2025-06-08,C0025,Profesional,Brocha 3 pulgadas,Pinturas,Piura,Tienda,6,18,0.05,102.6,15.79,Transferencia
V01065,2025-04-11,C0158,Hogar,Cable eléctrico 10m,Electricidad,Lima,Marketplace,4,42,0.05,159.6,27.58,Transferencia
V01066,2025-09-13,C0057,Profesional,Cemento 42.5kg,Construcción,Arequipa,Web,4,32,0.05,121.6,36.18,Plin
V01067,2024-09-14,C0002,Hogar,Brocha 3 pulgadas,Pinturas,Lima,App,1,18,0.1,16.2,5.34,Tarjeta
V01068,2024-09-22,C0177,Profesional,Cemento 42.5kg,Construcción,Cusco,Web,5,32,0.0,160.0,47.85,Yape
V01069,2024-09-24,C0455,Profesional,Taladro inalámbrico,Herramientas,Junín,Web,4,260,0.03,1008.8,215.28,Efectivo
V01070,2024-10-16,C0133,Hogar,Pintura látex 4L,Pinturas,Cusco,Tienda,6,95,0.03,552.9,162.49,Tarjeta
V01071,2024-03-06,C0055,Empresa,Pintura látex 4L,Pinturas,Piura,Tienda,7,95,0.1,598.5,172.18,Transferencia
V01072,2024-02-24,C0251,Profesional,Brocha 3 pulgadas,Pinturas,Arequipa,Web,4,18,0.05,68.4,8.57,Tarjeta
V01073,2025-05-08,C0425,Profesional,Casco de seguridad,Seguridad,Lima,Web,4,35,0.05,133.0,44.18,Plin
V01074,2024-12-15,C0359,Profesional,Brocha 3 pulgadas,Pinturas,Lima,App,4,18,0.0,72.0,19.7,Efectivo
V01075,2025-01-30,C0176,Profesional,Guantes de trabajo,Seguridad,La Libertad,Tienda,3,22,0.0,66.0,8.78,Tarjeta
V01076,2025-06-07,C0192,Hogar,Martillo profesional,Herramientas,Piura,Tienda,2,65,0.08,119.6,34.65,Tarjeta
V01077,2025-06-18,C0481,Profesional,Pintura látex 4L,Pinturas,Cusco,Tienda,3,95,0.0,285.0,55.12,Efectivo
V01078,2024-06-03,C0325,Empresa,Pintura látex 4L,Pinturas,Cusco,Tienda,2,95,0.1,171.0,34.95,Plin
V01079,2025-05-08,C0004,Empresa,Llave de paso,Plomería,Arequipa,Tienda,4,28,0.0,112.0,16.21,Transferencia
V01080,2024-01-18,C0150,Hogar,Cable eléctrico 10m,Electricidad,Arequipa,Marketplace,2,42,0.05,79.8,25.72,Efectivo
V01081,2024-02-08,C0220,Hogar,Guantes de trabajo,Seguridad,La Libertad,Tienda,7,22,0.03,149.38,21.88,Efectivo
V01082,2024-03-24,C0326,Empresa,Cable eléctrico 10m,Electricidad,Arequipa,Tienda,5,42,0.1,189.0,63.29,Tarjeta
V01083,2025-04-23,C0015,Hogar,Taladro inalámbrico,Herramientas,Piura,Tienda,1,260,0.1,234.0,74.55,Yape
V01084,2024-10-26,C0278,Hogar,Brocha 3 pulgadas,Pinturas,Lima,Marketplace,6,18,0.0,108.0,31.75,Tarjeta
V01085,2025-03-31,C0453,Profesional,Brocha 3 pulgadas,Pinturas,Lima,Web,5,18,0.03,87.3,17.6,Efectivo
V01086,2025-01-10,C0203,Profesional,Casco de seguridad,Seguridad,Lima,Marketplace,7,35,0.03,237.65,65.31,Efectivo
V01087,2024-01-13,C0493,Profesional,Taladro inalámbrico,Herramientas,Lima,Tienda,4,260,0.05,988.0,313.6,Tarjeta
V01088,2024-03-13,C0334,Hogar,Alicate,Herramientas,Junín,App,7,38,0.08,244.72,69.33,Plin
V01089,2025-11-24,C0423,Hogar,Tubo PVC 1/2,Plomería,Junín,Tienda,3,8,0.05,22.8,6.38,Transferencia
V01090,2024-05-02,C0474,Empresa,Brocha 3 pulgadas,Pinturas,La Libertad,App,1,18,0.03,17.46,2.31,Tarjeta
V01091,2025-04-01,C0289,Hogar,Llave de paso,Plomería,Piura,Web,4,28,0.05,106.4,33.53,Tarjeta
V01092,2024-03-05,C0016,Empresa,Alicate,Herramientas,Lima,App,7,38,0.05,252.7,51.06,Yape
V01093,2024-09-07,C0193,Hogar,Brocha 3 pulgadas,Pinturas,La Libertad,App,5,18,0.03,87.3,11.7,Transferencia
V01094,2024-12-14,C0108,Profesional,Guantes de trabajo,Seguridad,Junín,App,2,22,0.05,41.8,5.39,Transferencia
V01095,2024-05-02,C0496,Profesional,Pintura látex 4L,Pinturas,Piura,Tienda,1,95,0.05,90.25,19.22,Efectivo
V01096,2024-11-04,C0317,Profesional,Cable eléctrico 10m,Electricidad,Arequipa,Tienda,4,42,0.08,154.56,31.06,Efectivo
V01097,2024-02-08,C0265,Hogar,Alicate,Herramientas,Arequipa,Marketplace,7,38,0.03,258.02,57.53,Efectivo
V01098,2025-02-15,C0226,Empresa,Foco LED,Electricidad,Piura,App,7,15,0.1,94.5,25.27,Tarjeta
V01099,2024-10-24,C0185,Hogar,Brocha 3 pulgadas,Pinturas,Lima,Tienda,4,18,0.05,68.4,13.84,Plin
V01100,2024-08-14,C0159,Profesional,Casco de seguridad,Seguridad,Junín,Web,2,35,0.0,70.0,17.4,Tarjeta
V01101,2025-11-06,C0322,Hogar,Casco de seguridad,Seguridad,Piura,Tienda,2,35,0.05,66.5,16.06,Plin
V01102,2024-01-06,C0218,Profesional,Cable eléctrico 10m,Electricidad,Piura,Tienda,4,42,0.03,162.96,43.44,Plin
V01103,2024-06-12,C0416,Profesional,Pintura látex 4L,Pinturas,Cusco,Tienda,2,95,0.0,190.0,45.37,Plin
V01104,2025-08-05,C0429,Hogar,Foco LED,Electricidad,La Libertad,Tienda,7,15,0.0,105.0,21.82,Tarjeta
V01105,2025-09-15,C0220,Hogar,Casco de seguridad,Seguridad,Arequipa,App,5,35,0.0,175.0,46.22,Yape
V01106,2024-07-04,C0046,Hogar,Foco LED,Electricidad,Arequipa,Web,3,15,0.05,42.75,9.27,Plin
V01107,2025-05-24,C0292,Profesional,Cable eléctrico 10m,Electricidad,La Libertad,Tienda,6,42,0.1,226.8,66.47,Transferencia
V01108,2024-05-22,C0452,Profesional,Foco LED,Electricidad,La Libertad,Marketplace,6,15,0.08,82.8,14.8,Plin
V01109,2024-11-28,C0283,Hogar,Cable eléctrico 10m,Electricidad,Piura,Tienda,1,42,0.0,42.0,8.25,Efectivo
V01110,2025-09-03,C0364,Hogar,Brocha 3 pulgadas,Pinturas,Junín,App,2,18,0.05,34.2,4.13,Efectivo
V01111,2025-05-10,C0477,Profesional,Llave de paso,Plomería,La Libertad,Tienda,1,28,0.0,28.0,3.9,Plin
V01112,2024-02-26,C0382,Hogar,Llave de paso,Plomería,Cusco,Tienda,7,28,0.0,196.0,53.99,Plin
V01113,2025-11-01,C0424,Profesional,Cemento 42.5kg,Construcción,La Libertad,App,3,32,0.1,86.4,23.54,Yape
V01114,2025-09-21,C0318,Profesional,Taladro inalámbrico,Herramientas,Lima,Marketplace,4,260,0.0,1040.0,219.16,Yape
V01115,2025-04-13,C0403,Hogar,Taladro inalámbrico,Herramientas,Piura,Tienda,3,260,0.03,756.6,123.27,Plin
V01116,2024-08-02,C0473,Hogar,Brocha 3 pulgadas,Pinturas,Piura,Web,5,18,0.08,82.8,16.12,Tarjeta
V01117,2025-02-02,C0160,Profesional,Brocha 3 pulgadas,Pinturas,Cusco,Marketplace,5,18,0.03,87.3,21.12,Transferencia
V01118,2025-11-12,C0159,Hogar,Brocha 3 pulgadas,Pinturas,Arequipa,Tienda,4,18,0.05,68.4,16.91,Efectivo
V01119,2025-02-25,C0093,Empresa,Casco de seguridad,Seguridad,Cusco,Tienda,6,35,0.0,210.0,62.36,Transferencia
V01120,2024-07-05,C0131,Profesional,Tubo PVC 1/2,Plomería,Cusco,Tienda,5,8,0.05,38.0,7.38,Transferencia
V01121,2024-11-29,C0300,Hogar,Casco de seguridad,Seguridad,Lima,Web,7,35,0.03,237.65,32.17,Yape
V01122,2024-07-06,C0274,Profesional,Casco de seguridad,Seguridad,Junín,Web,3,35,0.0,105.0,28.84,Plin
V01123,2024-08-01,C0122,Profesional,Taladro inalámbrico,Herramientas,Lima,Web,2,260,0.08,478.4,78.13,Transferencia
V01124,2024-03-07,C0374,Profesional,Guantes de trabajo,Seguridad,Junín,Tienda,1,22,0.0,22.0,5.06,Tarjeta
V01125,2025-12-25,C0022,Hogar,Guantes de trabajo,Seguridad,La Libertad,Web,5,22,0.05,104.5,13.31,Tarjeta
V01126,2024-01-29,C0486,Empresa,Casco de seguridad,Seguridad,Lima,Tienda,1,35,0.05,33.25,9.68,Yape
V01127,2025-04-24,C0180,Hogar,Martillo profesional,Herramientas,Cusco,App,3,65,0.05,185.25,24.67,Yape
V01128,2024-11-05,C0052,Hogar,Llave de paso,Plomería,La Libertad,Web,5,28,0.05,133.0,42.61,Yape
V01129,2025-09-22,C0153,Hogar,Llave de paso,Plomería,Piura,Marketplace,5,28,0.0,140.0,46.32,Transferencia
V01130,2024-10-03,C0310,Profesional,Tubo PVC 1/2,Plomería,Lima,Tienda,5,8,0.1,36.0,5.81,Plin
V01131,2024-11-12,C0437,Empresa,Casco de seguridad,Seguridad,Piura,Marketplace,7,35,0.0,245.0,51.55,Efectivo
V01132,2025-02-22,C0326,Hogar,Foco LED,Electricidad,La Libertad,Web,1,15,0.1,13.5,2.89,Efectivo
V01133,2025-06-13,C0221,Hogar,Taladro inalámbrico,Herramientas,Junín,Tienda,6,260,0.0,1560.0,250.69,Transferencia
V01134,2024-07-07,C0312,Hogar,Taladro inalámbrico,Herramientas,Lima,Tienda,4,260,0.0,1040.0,163.84,Yape
V01135,2025-06-16,C0182,Profesional,Taladro inalámbrico,Herramientas,Junín,Web,2,260,0.05,494.0,77.5,Plin
V01136,2025-10-06,C0144,Empresa,Martillo profesional,Herramientas,La Libertad,Web,2,65,0.1,117.0,24.69,Transferencia
V01137,2025-08-18,C0339,Hogar,Cemento 42.5kg,Construcción,Cusco,Tienda,7,32,0.0,224.0,68.16,Yape
V01138,2024-07-24,C0346,Profesional,Cemento 42.5kg,Construcción,Cusco,App,7,32,0.0,224.0,39.67,Tarjeta
V01139,2024-10-15,C0022,Profesional,Brocha 3 pulgadas,Pinturas,Junín,Web,4,18,0.08,66.24,9.22,Tarjeta
V01140,2025-08-18,C0420,Empresa,Brocha 3 pulgadas,Pinturas,Cusco,Web,1,18,0.08,16.56,5.26,Efectivo
V01141,2024-10-18,C0487,Profesional,Brocha 3 pulgadas,Pinturas,Piura,Marketplace,3,18,0.08,49.68,16.09,Yape
V01142,2024-05-15,C0281,Empresa,Cable eléctrico 10m,Electricidad,Junín,Marketplace,7,42,0.05,279.3,86.19,Tarjeta
V01143,2024-12-27,C0240,Hogar,Foco LED,Electricidad,Arequipa,Web,1,15,0.03,14.55,2.18,Efectivo
V01144,2025-08-08,C0388,Profesional,Taladro inalámbrico,Herramientas,Cusco,App,7,260,0.03,1765.4,221.94,Plin
V01145,2025-02-11,C0360,Profesional,Tubo PVC 1/2,Plomería,Lima,Tienda,6,8,0.05,45.6,15.16,Yape
V01146,2024-08-05,C0166,Profesional,Cable eléctrico 10m,Electricidad,Arequipa,Tienda,2,42,0.08,77.28,21.34,Tarjeta
V01147,2025-07-28,C0244,Hogar,Cemento 42.5kg,Construcción,La Libertad,Marketplace,7,32,0.03,217.28,37.78,Transferencia
V01148,2024-04-15,C0283,Hogar,Guantes de trabajo,Seguridad,Cusco,Marketplace,5,22,0.05,104.5,20.93,Tarjeta
V01149,2024-06-05,C0419,Hogar,Alicate,Herramientas,Lima,App,4,38,0.05,144.4,19.98,Plin
V01150,2025-05-13,C0358,Empresa,Guantes de trabajo,Seguridad,Junín,App,4,22,0.1,79.2,13.15,Plin
V01151,2025-07-04,C0352,Empresa,Guantes de trabajo,Seguridad,Lima,Web,3,22,0.08,60.72,19.43,Plin
V01152,2024-03-12,C0324,Hogar,Tubo PVC 1/2,Plomería,Junín,App,3,8,0.05,22.8,7.16,Plin
V01153,2024-11-21,C0207,Hogar,Llave de paso,Plomería,Junín,Web,7,28,0.0,196.0,29.02,Efectivo
V01154,2025-08-06,C0493,Profesional,Pintura látex 4L,Pinturas,Piura,Tienda,4,95,0.0,380.0,83.15,Tarjeta
V01155,2025-05-21,C0308,Hogar,Foco LED,Electricidad,Arequipa,Tienda,7,15,0.1,94.5,15.72,Plin
V01156,2025-02-25,C0232,Hogar,Foco LED,Electricidad,Lima,Tienda,6,15,0.1,81.0,12.8,Yape
V01157,2024-01-09,C0430,Hogar,Martillo profesional,Herramientas,La Libertad,Web,2,65,0.1,117.0,15.19,Plin
V01158,2024-11-27,C0375,Profesional,Pintura látex 4L,Pinturas,Junín,Tienda,7,95,0.0,665.0,106.09,Transferencia
V01159,2024-09-21,C0302,Hogar,Alicate,Herramientas,Arequipa,Marketplace,2,38,0.08,69.92,17.63,Yape
V01160,2024-06-13,C0292,Hogar,Martillo profesional,Herramientas,Junín,App,6,65,0.0,390.0,127.26,Yape
V01161,2025-10-09,C0098,Empresa,Tubo PVC 1/2,Plomería,Lima,Tienda,3,8,0.05,22.8,6.3,Yape
V01162,2025-11-09,C0325,Empresa,Alicate,Herramientas,Lima,App,5,38,0.05,180.5,39.14,Efectivo
V01163,2024-02-29,C0023,Profesional,Alicate,Herramientas,Junín,Tienda,2,38,0.03,73.72,17.83,Yape
V01164,2025-07-05,C0303,Profesional,Cemento 42.5kg,Construcción,La Libertad,Tienda,2,32,0.03,62.08,12.07,Yape
V01165,2024-06-09,C0261,Profesional,Martillo profesional,Herramientas,Arequipa,Web,6,65,0.0,390.0,90.8,Efectivo
V01166,2025-07-08,C0121,Hogar,Cemento 42.5kg,Construcción,Piura,Web,7,32,0.08,206.08,34.47,Yape
V01167,2024-10-22,C0337,Profesional,Pintura látex 4L,Pinturas,Arequipa,Tienda,2,95,0.0,190.0,38.74,Efectivo
V01168,2024-06-19,C0297,Profesional,Martillo profesional,Herramientas,Junín,Marketplace,3,65,0.1,175.5,47.7,Tarjeta
V01169,2024-07-25,C0196,Hogar,Brocha 3 pulgadas,Pinturas,La Libertad,Web,5,18,0.05,85.5,20.41,Transferencia
V01170,2025-12-10,C0187,Hogar,Pintura látex 4L,Pinturas,Cusco,App,1,95,0.03,92.15,29.88,Transferencia
V01171,2025-04-04,C0463,Empresa,Pintura látex 4L,Pinturas,Lima,Web,5,95,0.08,437.0,63.4,Plin
V01172,2024-08-26,C0011,Empresa,Alicate,Herramientas,La Libertad,Web,2,38,0.03,73.72,12.13,Yape
V01173,2025-05-05,C0168,Profesional,Guantes de trabajo,Seguridad,Junín,Web,3,22,0.03,64.02,13.28,Efectivo
V01174,2024-06-18,C0119,Hogar,Martillo profesional,Herramientas,Piura,Web,7,65,0.05,432.25,109.61,Efectivo
V01175,2025-11-24,C0392,Hogar,Martillo profesional,Herramientas,Lima,Tienda,3,65,0.08,179.4,33.79,Efectivo
V01176,2024-01-17,C0475,Profesional,Tubo PVC 1/2,Plomería,Lima,Tienda,1,8,0.05,7.6,1.18,Yape
V01177,2024-01-06,C0056,Empresa,Cable eléctrico 10m,Electricidad,Junín,Web,7,42,0.05,279.3,88.43,Plin
V01178,2024-05-09,C0498,Hogar,Alicate,Herramientas,Lima,Tienda,3,38,0.0,114.0,37.71,Efectivo
V01179,2024-01-28,C0027,Hogar,Llave de paso,Plomería,Lima,App,2,28,0.0,56.0,11.54,Tarjeta
V01180,2025-01-27,C0384,Hogar,Cable eléctrico 10m,Electricidad,Arequipa,Web,6,42,0.05,239.4,39.29,Transferencia
V01181,2024-11-02,C0470,Profesional,Foco LED,Electricidad,Arequipa,Marketplace,3,15,0.0,45.0,13.59,Efectivo
V01182,2025-09-21,C0244,Hogar,Casco de seguridad,Seguridad,Junín,App,2,35,0.05,66.5,13.09,Efectivo
V01183,2025-09-16,C0374,Empresa,Guantes de trabajo,Seguridad,Piura,Web,2,22,0.03,42.68,9.09,Yape
V01184,2025-02-27,C0053,Hogar,Taladro inalámbrico,Herramientas,Lima,Marketplace,5,260,0.03,1261.0,291.19,Plin
V01185,2025-11-22,C0475,Profesional,Taladro inalámbrico,Herramientas,Piura,App,3,260,0.0,780.0,221.08,Tarjeta
V01186,2025-11-16,C0002,Hogar,Alicate,Herramientas,La Libertad,Tienda,3,38,0.05,108.3,19.61,Transferencia
V01187,2025-09-01,C0060,Profesional,Casco de seguridad,Seguridad,Cusco,Tienda,2,35,0.05,66.5,18.99,Transferencia
V01188,2024-08-24,C0016,Hogar,Martillo profesional,Herramientas,La Libertad,Web,7,65,0.08,418.6,79.35,Yape
V01189,2025-07-15,C0215,Hogar,Tubo PVC 1/2,Plomería,Lima,Tienda,7,8,0.08,51.52,9.65,Plin
V01190,2025-09-16,C0350,Profesional,Alicate,Herramientas,Arequipa,Web,7,38,0.08,244.72,40.9,Efectivo
V01191,2025-05-28,C0293,Hogar,Cemento 42.5kg,Construcción,Junín,App,2,32,0.05,60.8,8.37,Transferencia
V01192,2024-12-15,C0082,Profesional,Tubo PVC 1/2,Plomería,Cusco,Tienda,1,8,0.03,7.76,2.18,Transferencia
V01193,2025-06-27,C0071,Hogar,Foco LED,Electricidad,Lima,Marketplace,6,15,0.05,85.5,22.05,Tarjeta
V01194,2025-01-17,C0263,Profesional,Tubo PVC 1/2,Plomería,Lima,Tienda,7,8,0.08,51.52,8.44,Transferencia
V01195,2025-05-28,C0451,Profesional,Tubo PVC 1/2,Plomería,Cusco,Web,7,8,0.0,56.0,8.84,Yape
V01196,2025-02-02,C0168,Hogar,Guantes de trabajo,Seguridad,Junín,Web,7,22,0.0,154.0,44.13,Plin
V01197,2025-01-31,C0289,Profesional,Cemento 42.5kg,Construcción,Junín,Tienda,2,32,0.03,62.08,16.13,Efectivo
V01198,2024-07-14,C0055,Hogar,Tubo PVC 1/2,Plomería,Arequipa,Tienda,3,8,0.05,22.8,5.58,Tarjeta
V01199,2025-03-04,C0283,Profesional,Martillo profesional,Herramientas,Lima,Web,7,65,0.05,432.25,92.7,Plin
V01200,2025-05-02,C0274,Profesional,Taladro inalámbrico,Herramientas,La Libertad,App,5,260,0.0,1300.0,310.46,Efectivo
V01201,2025-01-15,C0418,Empresa,Llave de paso,Plomería,La Libertad,Tienda,4,28,0.0,112.0,27.93,Efectivo
V01202,2025-11-26,C0343,Profesional,Cemento 42.5kg,Construcción,Cusco,Tienda,5,32,0.08,147.2,39.72,Transferencia
V01203,2025-11-08,C0429,Hogar,Cemento 42.5kg,Construcción,Lima,Tienda,1,32,0.08,29.44,9.64,Tarjeta
V01204,2024-04-17,C0172,Profesional,Taladro inalámbrico,Herramientas,Arequipa,Tienda,6,260,0.05,1482.0,493.02,Transferencia
V01205,2024-06-02,C0013,Empresa,Foco LED,Electricidad,Cusco,App,7,15,0.05,99.75,12.14,Transferencia
V01206,2024-10-25,C0469,Hogar,Cable eléctrico 10m,Electricidad,Piura,Tienda,6,42,0.03,244.44,72.28,Transferencia
V01207,2025-07-20,C0012,Hogar,Taladro inalámbrico,Herramientas,Arequipa,Tienda,3,260,0.03,756.6,234.56,Transferencia
V01208,2025-12-08,C0077,Empresa,Cemento 42.5kg,Construcción,Arequipa,Tienda,6,32,0.1,172.8,24.19,Tarjeta
V01209,2025-05-28,C0276,Empresa,Cemento 42.5kg,Construcción,Cusco,Web,7,32,0.08,206.08,54.46,Transferencia
V01210,2024-01-17,C0195,Profesional,Tubo PVC 1/2,Plomería,Piura,Tienda,6,8,0.05,45.6,10.52,Plin
V01211,2025-08-02,C0013,Hogar,Cemento 42.5kg,Construcción,Cusco,App,4,32,0.08,117.76,24.92,Yape
V01212,2024-03-17,C0010,Hogar,Llave de paso,Plomería,Arequipa,Web,4,28,0.03,108.64,32.41,Efectivo
V01213,2025-07-16,C0032,Profesional,Tubo PVC 1/2,Plomería,Lima,Tienda,6,8,0.08,44.16,14.45,Transferencia
V01214,2025-10-17,C0303,Profesional,Foco LED,Electricidad,Lima,Marketplace,7,15,0.03,101.85,32.11,Tarjeta
V01215,2025-09-17,C0389,Hogar,Taladro inalámbrico,Herramientas,La Libertad,App,4,260,0.0,1040.0,128.98,Plin
V01216,2024-06-28,C0474,Empresa,Tubo PVC 1/2,Plomería,Junín,Web,2,8,0.05,15.2,2.63,Yape
V01217,2024-01-08,C0282,Empresa,Alicate,Herramientas,Junín,Web,4,38,0.1,136.8,28.27,Tarjeta
V01218,2025-06-22,C0484,Hogar,Taladro inalámbrico,Herramientas,Cusco,App,1,260,0.05,247.0,49.51,Tarjeta
V01219,2025-06-17,C0133,Profesional,Taladro inalámbrico,Herramientas,Cusco,Tienda,6,260,0.05,1482.0,421.98,Tarjeta
V01220,2025-08-17,C0056,Empresa,Casco de seguridad,Seguridad,Piura,Tienda,7,35,0.05,232.75,39.74,Tarjeta
V01221,2025-12-10,C0488,Hogar,Taladro inalámbrico,Herramientas,Arequipa,App,2,260,0.0,520.0,98.34,Plin
V01222,2024-09-02,C0305,Profesional,Guantes de trabajo,Seguridad,Junín,App,4,22,0.05,83.6,22.2,Transferencia
V01223,2025-09-30,C0369,Hogar,Pintura látex 4L,Pinturas,La Libertad,Tienda,6,95,0.0,570.0,153.38,Efectivo
V01224,2025-02-07,C0208,Hogar,Llave de paso,Plomería,Piura,Web,2,28,0.08,51.52,8.98,Efectivo
V01225,2025-06-10,C0472,Profesional,Alicate,Herramientas,Arequipa,Marketplace,5,38,0.08,174.8,45.12,Plin
V01226,2024-07-24,C0311,Hogar,Pintura látex 4L,Pinturas,Cusco,Tienda,4,95,0.0,380.0,67.34,Plin
V01227,2025-03-03,C0181,Hogar,Cemento 42.5kg,Construcción,Junín,Web,4,32,0.0,128.0,39.25,Plin
V01228,2024-10-08,C0436,Profesional,Casco de seguridad,Seguridad,Junín,App,5,35,0.05,166.25,21.54,Tarjeta
V01229,2024-02-14,C0206,Profesional,Casco de seguridad,Seguridad,Piura,Tienda,5,35,0.05,166.25,35.56,Tarjeta
V01230,2025-12-07,C0112,Profesional,Tubo PVC 1/2,Plomería,Arequipa,Tienda,7,8,0.05,53.2,11.29,Yape
V01231,2025-09-21,C0035,Hogar,Cemento 42.5kg,Construcción,La Libertad,Web,2,32,0.05,60.8,15.89,Transferencia
V01232,2024-03-03,C0469,Profesional,Tubo PVC 1/2,Plomería,Lima,App,5,8,0.0,40.0,11.19,Tarjeta
V01233,2025-03-29,C0453,Hogar,Brocha 3 pulgadas,Pinturas,Piura,Web,3,18,0.0,54.0,10.07,Efectivo
V01234,2024-12-03,C0054,Profesional,Cemento 42.5kg,Construcción,Arequipa,Tienda,4,32,0.0,128.0,33.3,Yape
V01235,2025-01-11,C0495,Hogar,Taladro inalámbrico,Herramientas,Junín,Tienda,4,260,0.0,1040.0,189.91,Yape
V01236,2024-10-30,C0231,Profesional,Casco de seguridad,Seguridad,Junín,Marketplace,3,35,0.05,99.75,17.41,Yape
V01237,2024-08-07,C0104,Hogar,Guantes de trabajo,Seguridad,Arequipa,Web,7,22,0.0,154.0,30.13,Plin
V01238,2025-11-06,C0497,Empresa,Guantes de trabajo,Seguridad,La Libertad,Web,3,22,0.03,64.02,11.61,Tarjeta
V01239,2024-06-26,C0445,Hogar,Llave de paso,Plomería,Lima,Marketplace,4,28,0.05,106.4,26.74,Yape
V01240,2024-01-26,C0389,Profesional,Llave de paso,Plomería,Piura,App,2,28,0.0,56.0,15.7,Transferencia
V01241,2024-08-13,C0433,Hogar,Pintura látex 4L,Pinturas,Piura,App,1,95,0.05,90.25,26.25,Tarjeta
V01242,2025-07-26,C0253,Hogar,Alicate,Herramientas,Junín,Tienda,2,38,0.0,76.0,22.92,Tarjeta
V01243,2024-12-07,C0180,Hogar,Martillo profesional,Herramientas,Junín,Tienda,6,65,0.05,370.5,56.66,Tarjeta
V01244,2024-09-06,C0239,Hogar,Pintura látex 4L,Pinturas,Arequipa,Tienda,4,95,0.0,380.0,74.33,Tarjeta
V01245,2024-12-08,C0066,Profesional,Cable eléctrico 10m,Electricidad,Lima,Tienda,1,42,0.03,40.74,11.33,Transferencia
V01246,2024-03-07,C0266,Hogar,Brocha 3 pulgadas,Pinturas,Cusco,Web,1,18,0.0,18.0,2.38,Efectivo
V01247,2024-11-18,C0463,Empresa,Guantes de trabajo,Seguridad,Piura,Tienda,6,22,0.08,121.44,28.11,Yape
V01248,2025-03-07,C0190,Profesional,Casco de seguridad,Seguridad,La Libertad,Tienda,3,35,0.0,105.0,24.87,Transferencia
V01249,2025-07-27,C0320,Hogar,Alicate,Herramientas,Piura,Tienda,4,38,0.03,147.44,43.15,Transferencia
V01250,2025-05-24,C0348,Empresa,Brocha 3 pulgadas,Pinturas,Lima,Web,6,18,0.05,102.6,21.37,Transferencia
V01251,2024-05-31,C0415,Hogar,Foco LED,Electricidad,La Libertad,Tienda,6,15,0.03,87.3,25.63,Yape
V01252,2025-10-28,C0298,Hogar,Llave de paso,Plomería,Piura,Web,2,28,0.03,54.32,8.83,Yape
V01253,2025-11-02,C0493,Profesional,Guantes de trabajo,Seguridad,Arequipa,Tienda,3,22,0.03,64.02,18.92,Tarjeta
V01254,2024-02-29,C0338,Hogar,Cemento 42.5kg,Construcción,Arequipa,App,7,32,0.05,212.8,60.76,Plin
V01255,2024-10-20,C0079,Empresa,Cemento 42.5kg,Construcción,Lima,App,7,32,0.0,224.0,56.25,Yape
V01256,2024-11-07,C0165,Profesional,Martillo profesional,Herramientas,Piura,Marketplace,2,65,0.05,123.5,32.73,Efectivo
V01257,2024-10-02,C0297,Profesional,Pintura látex 4L,Pinturas,Arequipa,Tienda,3,95,0.05,270.75,65.82,Transferencia
V01258,2025-06-24,C0064,Hogar,Cemento 42.5kg,Construcción,Cusco,Web,3,32,0.0,96.0,17.44,Transferencia
V01259,2025-11-08,C0441,Profesional,Alicate,Herramientas,Cusco,Web,1,38,0.08,34.96,11.19,Efectivo
V01260,2025-01-16,C0432,Profesional,Taladro inalámbrico,Herramientas,Junín,Marketplace,7,260,0.1,1638.0,309.44,Transferencia
V01261,2025-07-04,C0369,Empresa,Taladro inalámbrico,Herramientas,Arequipa,App,3,260,0.03,756.6,197.33,Efectivo
V01262,2024-01-12,C0033,Profesional,Foco LED,Electricidad,Arequipa,Web,7,15,0.0,105.0,34.55,Tarjeta
V01263,2024-07-24,C0366,Hogar,Guantes de trabajo,Seguridad,Arequipa,Tienda,3,22,0.0,66.0,17.33,Transferencia
V01264,2024-08-28,C0390,Profesional,Tubo PVC 1/2,Plomería,Piura,Web,1,8,0.0,8.0,2.01,Efectivo
V01265,2024-05-20,C0075,Hogar,Alicate,Herramientas,Piura,Web,6,38,0.1,205.2,42.27,Plin
V01266,2025-12-05,C0127,Hogar,Cable eléctrico 10m,Electricidad,Arequipa,Tienda,2,42,0.08,77.28,25.54,Yape
V01267,2025-01-04,C0237,Hogar,Casco de seguridad,Seguridad,La Libertad,Tienda,6,35,0.05,199.5,26.9,Plin
V01268,2024-07-27,C0009,Profesional,Llave de paso,Plomería,Cusco,Tienda,5,28,0.05,133.0,41.56,Tarjeta
V01269,2024-09-07,C0246,Profesional,Casco de seguridad,Seguridad,Junín,Web,7,35,0.05,232.75,36.74,Efectivo
V01270,2025-06-01,C0024,Profesional,Martillo profesional,Herramientas,Piura,Tienda,1,65,0.05,61.75,9.49,Transferencia
V01271,2024-06-07,C0123,Hogar,Cemento 42.5kg,Construcción,Arequipa,Tienda,6,32,0.05,182.4,52.06,Tarjeta
V01272,2024-03-03,C0095,Empresa,Foco LED,Electricidad,Junín,Tienda,3,15,0.03,43.65,6.92,Transferencia
V01273,2024-02-28,C0407,Hogar,Tubo PVC 1/2,Plomería,Piura,Tienda,7,8,0.0,56.0,11.73,Yape
V01274,2025-07-26,C0216,Hogar,Cemento 42.5kg,Construcción,Piura,Tienda,4,32,0.05,121.6,25.44,Plin
V01275,2025-05-02,C0374,Hogar,Pintura látex 4L,Pinturas,Lima,Web,7,95,0.05,631.75,132.83,Yape
V01276,2025-08-26,C0190,Hogar,Cable eléctrico 10m,Electricidad,La Libertad,Tienda,4,42,0.05,159.6,52.96,Transferencia
V01277,2024-12-09,C0480,Hogar,Taladro inalámbrico,Herramientas,La Libertad,Web,1,260,0.1,234.0,69.75,Tarjeta
V01278,2024-08-10,C0035,Profesional,Cemento 42.5kg,Construcción,La Libertad,App,7,32,0.0,224.0,32.65,Transferencia
V01279,2024-11-16,C0079,Hogar,Casco de seguridad,Seguridad,Lima,Tienda,1,35,0.05,33.25,7.27,Plin
V01280,2024-06-06,C0337,Profesional,Pintura látex 4L,Pinturas,Arequipa,Web,7,95,0.05,631.75,127.53,Tarjeta
V01281,2024-12-18,C0279,Hogar,Tubo PVC 1/2,Plomería,Lima,Web,2,8,0.03,15.52,4.27,Tarjeta
V01282,2024-12-13,C0433,Hogar,Llave de paso,Plomería,La Libertad,Tienda,3,28,0.1,75.6,17.96,Efectivo
V01283,2024-05-20,C0460,Profesional,Martillo profesional,Herramientas,Junín,Web,3,65,0.0,195.0,24.76,Transferencia
V01284,2024-12-30,C0299,Profesional,Guantes de trabajo,Seguridad,Arequipa,Marketplace,4,22,0.05,83.6,25.23,Yape
V01285,2025-10-30,C0091,Hogar,Taladro inalámbrico,Herramientas,Piura,Web,1,260,0.03,252.2,79.2,Yape
V01286,2024-03-20,C0487,Profesional,Alicate,Herramientas,Piura,Tienda,7,38,0.08,244.72,54.35,Efectivo
V01287,2025-08-02,C0353,Hogar,Taladro inalámbrico,Herramientas,La Libertad,App,4,260,0.0,1040.0,126.83,Plin
V01288,2024-02-24,C0445,Hogar,Cable eléctrico 10m,Electricidad,Junín,App,1,42,0.03,40.74,11.02,Efectivo
V01289,2025-09-29,C0409,Hogar,Pintura látex 4L,Pinturas,Junín,Marketplace,5,95,0.03,460.75,127.37,Efectivo
V01290,2024-06-05,C0381,Profesional,Llave de paso,Plomería,La Libertad,Tienda,4,28,0.05,106.4,25.03,Tarjeta
V01291,2024-03-08,C0444,Profesional,Tubo PVC 1/2,Plomería,Lima,Marketplace,3,8,0.1,21.6,4.48,Yape
V01292,2025-10-25,C0056,Hogar,Cemento 42.5kg,Construcción,Piura,Web,4,32,0.03,124.16,16.11,Yape
V01293,2024-03-06,C0205,Empresa,Taladro inalámbrico,Herramientas,Arequipa,Tienda,3,260,0.0,780.0,139.04,Yape
V01294,2024-07-20,C0419,Empresa,Tubo PVC 1/2,Plomería,Arequipa,Marketplace,5,8,0.1,36.0,10.55,Transferencia
V01295,2025-02-08,C0459,Profesional,Pintura látex 4L,Pinturas,Junín,Tienda,1,95,0.08,87.4,26.97,Transferencia
V01296,2025-06-05,C0338,Hogar,Tubo PVC 1/2,Plomería,Arequipa,Tienda,5,8,0.03,38.8,9.74,Yape
V01297,2025-02-18,C0064,Profesional,Brocha 3 pulgadas,Pinturas,Cusco,Tienda,5,18,0.05,85.5,24.2,Transferencia
V01298,2025-09-15,C0059,Hogar,Casco de seguridad,Seguridad,La Libertad,Tienda,3,35,0.05,99.75,19.88,Tarjeta
V01299,2025-06-24,C0213,Profesional,Foco LED,Electricidad,Lima,Tienda,2,15,0.08,27.6,6.51,Plin
V01300,2025-08-22,C0231,Hogar,Casco de seguridad,Seguridad,Junín,Marketplace,2,35,0.0,70.0,17.64,Plin
V01301,2024-07-05,C0359,Profesional,Tubo PVC 1/2,Plomería,La Libertad,Tienda,3,8,0.05,22.8,5.15,Transferencia
V01302,2025-05-12,C0493,Hogar,Foco LED,Electricidad,Piura,Web,4,15,0.08,55.2,11.26,Plin
V01303,2024-04-13,C0284,Profesional,Taladro inalámbrico,Herramientas,Piura,Web,4,260,0.08,956.8,147.5,Efectivo
V01304,2024-04-15,C0430,Empresa,Pintura látex 4L,Pinturas,Piura,Web,7,95,0.08,611.8,120.36,Yape
V01305,2024-02-01,C0368,Hogar,Tubo PVC 1/2,Plomería,Lima,Tienda,2,8,0.05,15.2,2.14,Plin
V01306,2025-07-02,C0158,Hogar,Tubo PVC 1/2,Plomería,Arequipa,Marketplace,5,8,0.05,38.0,9.79,Plin
V01307,2025-12-21,C0360,Hogar,Brocha 3 pulgadas,Pinturas,Junín,Tienda,2,18,0.05,34.2,4.48,Plin
V01308,2025-05-19,C0262,Empresa,Pintura látex 4L,Pinturas,Piura,Marketplace,1,95,0.03,92.15,18.16,Plin
V01309,2024-06-02,C0204,Hogar,Brocha 3 pulgadas,Pinturas,La Libertad,App,4,18,0.0,72.0,12.29,Efectivo
V01310,2025-11-15,C0307,Hogar,Casco de seguridad,Seguridad,La Libertad,Tienda,5,35,0.05,166.25,34.48,Tarjeta
V01311,2024-07-11,C0081,Empresa,Cemento 42.5kg,Construcción,La Libertad,Web,2,32,0.05,60.8,7.63,Efectivo
V01312,2024-11-27,C0214,Hogar,Taladro inalámbrico,Herramientas,Arequipa,Marketplace,4,260,0.08,956.8,122.43,Plin
V01313,2025-07-22,C0305,Profesional,Pintura látex 4L,Pinturas,Cusco,Web,6,95,0.1,513.0,145.76,Transferencia
V01314,2025-05-30,C0244,Hogar,Martillo profesional,Herramientas,Cusco,Tienda,3,65,0.05,185.25,32.76,Plin
V01315,2025-02-02,C0482,Hogar,Cemento 42.5kg,Construcción,Junín,Tienda,3,32,0.05,91.2,14.2,Yape
V01316,2024-07-04,C0123,Profesional,Alicate,Herramientas,Lima,Tienda,6,38,0.05,216.6,45.83,Efectivo
V01317,2025-08-04,C0372,Empresa,Brocha 3 pulgadas,Pinturas,La Libertad,App,1,18,0.0,18.0,2.19,Efectivo
V01318,2024-02-24,C0167,Profesional,Brocha 3 pulgadas,Pinturas,Cusco,App,2,18,0.1,32.4,6.22,Tarjeta
V01319,2024-07-12,C0196,Hogar,Guantes de trabajo,Seguridad,Arequipa,Web,7,22,0.08,141.68,41.37,Transferencia
V01320,2024-09-07,C0181,Profesional,Alicate,Herramientas,Lima,Marketplace,7,38,0.0,266.0,49.78,Transferencia
V01321,2025-07-11,C0127,Hogar,Taladro inalámbrico,Herramientas,Junín,Web,3,260,0.05,741.0,93.64,Plin
V01322,2024-06-17,C0121,Hogar,Casco de seguridad,Seguridad,Arequipa,App,3,35,0.05,99.75,30.15,Transferencia
V01323,2024-05-28,C0451,Hogar,Cemento 42.5kg,Construcción,Arequipa,Marketplace,6,32,0.0,192.0,45.82,Plin
V01324,2024-10-13,C0076,Profesional,Llave de paso,Plomería,Junín,Marketplace,1,28,0.05,26.6,8.17,Plin
V01325,2025-06-14,C0379,Empresa,Llave de paso,Plomería,Lima,Web,7,28,0.08,180.32,24.19,Transferencia
V01326,2024-10-22,C0157,Empresa,Taladro inalámbrico,Herramientas,Arequipa,Marketplace,1,260,0.08,239.2,31.15,Efectivo
V01327,2024-05-18,C0052,Empresa,Llave de paso,Plomería,Lima,Tienda,4,28,0.0,112.0,25.46,Plin
V01328,2025-08-09,C0352,Hogar,Pintura látex 4L,Pinturas,Junín,Tienda,1,95,0.03,92.15,28.62,Tarjeta
V01329,2025-01-07,C0048,Profesional,Alicate,Herramientas,La Libertad,Tienda,1,38,0.1,34.2,9.01,Yape
V01330,2025-02-02,C0422,Empresa,Guantes de trabajo,Seguridad,Arequipa,Web,4,22,0.0,88.0,19.57,Yape
V01331,2025-10-28,C0286,Hogar,Alicate,Herramientas,Junín,Marketplace,2,38,0.05,72.2,12.7,Efectivo
V01332,2024-04-02,C0371,Hogar,Alicate,Herramientas,Cusco,App,3,38,0.08,104.88,14.79,Tarjeta
V01333,2025-12-01,C0030,Hogar,Casco de seguridad,Seguridad,La Libertad,Web,4,35,0.05,133.0,31.19,Transferencia
V01334,2024-10-01,C0329,Profesional,Llave de paso,Plomería,Cusco,Web,1,28,0.03,27.16,6.92,Plin
V01335,2025-09-10,C0003,Profesional,Taladro inalámbrico,Herramientas,Cusco,Web,5,260,0.03,1261.0,166.25,Yape
V01336,2025-12-15,C0350,Hogar,Taladro inalámbrico,Herramientas,Lima,Web,5,260,0.03,1261.0,382.55,Transferencia
V01337,2024-05-03,C0156,Empresa,Brocha 3 pulgadas,Pinturas,Lima,Web,3,18,0.05,51.3,13.9,Transferencia
V01338,2024-01-20,C0316,Profesional,Alicate,Herramientas,Lima,Tienda,1,38,0.03,36.86,8.05,Transferencia
V01339,2024-01-29,C0386,Empresa,Tubo PVC 1/2,Plomería,La Libertad,App,5,8,0.08,36.8,10.61,Tarjeta
V01340,2025-02-10,C0500,Hogar,Martillo profesional,Herramientas,Lima,Tienda,7,65,0.05,432.25,72.54,Yape
V01341,2024-12-08,C0464,Profesional,Guantes de trabajo,Seguridad,Piura,Marketplace,4,22,0.03,85.36,19.47,Plin
V01342,2024-09-15,C0315,Profesional,Tubo PVC 1/2,Plomería,Junín,Tienda,6,8,0.0,48.0,5.9,Plin
V01343,2025-09-30,C0432,Profesional,Pintura látex 4L,Pinturas,La Libertad,Web,6,95,0.05,541.5,132.29,Transferencia
V01344,2025-07-19,C0355,Profesional,Cable eléctrico 10m,Electricidad,Piura,Tienda,5,42,0.05,199.5,44.3,Plin
V01345,2025-05-27,C0179,Hogar,Tubo PVC 1/2,Plomería,Arequipa,Marketplace,5,8,0.05,38.0,7.42,Efectivo
V01346,2025-04-12,C0264,Empresa,Alicate,Herramientas,Lima,Tienda,4,38,0.03,147.44,41.59,Tarjeta
V01347,2025-11-26,C0391,Hogar,Tubo PVC 1/2,Plomería,Junín,App,4,8,0.0,32.0,8.09,Plin
V01348,2025-07-10,C0293,Profesional,Tubo PVC 1/2,Plomería,La Libertad,Web,6,8,0.05,45.6,7.54,Transferencia
V01349,2025-02-08,C0089,Profesional,Guantes de trabajo,Seguridad,Junín,App,2,22,0.08,40.48,9.47,Efectivo
V01350,2024-04-15,C0272,Profesional,Tubo PVC 1/2,Plomería,Junín,Tienda,3,8,0.05,22.8,4.15,Yape
V01351,2024-12-05,C0334,Profesional,Pintura látex 4L,Pinturas,Lima,Tienda,7,95,0.03,645.05,191.08,Tarjeta
V01352,2024-10-08,C0439,Hogar,Taladro inalámbrico,Herramientas,Lima,Tienda,2,260,0.05,494.0,165.07,Yape
V01353,2025-08-29,C0311,Profesional,Tubo PVC 1/2,Plomería,Arequipa,App,7,8,0.0,56.0,9.2,Yape
V01354,2025-10-31,C0183,Empresa,Casco de seguridad,Seguridad,Piura,App,1,35,0.0,35.0,4.83,Plin
V01355,2025-02-05,C0179,Empresa,Cable eléctrico 10m,Electricidad,Lima,App,3,42,0.05,119.7,39.81,Transferencia
V01356,2024-04-07,C0479,Empresa,Casco de seguridad,Seguridad,Arequipa,Marketplace,2,35,0.05,66.5,15.46,Yape
V01357,2024-04-18,C0081,Hogar,Martillo profesional,Herramientas,Arequipa,Marketplace,7,65,0.05,432.25,59.68,Tarjeta
V01358,2025-03-01,C0316,Hogar,Tubo PVC 1/2,Plomería,La Libertad,Web,2,8,0.05,15.2,3.95,Plin
V01359,2024-03-04,C0037,Profesional,Llave de paso,Plomería,Junín,Tienda,4,28,0.0,112.0,31.26,Plin
V01360,2025-08-25,C0443,Hogar,Taladro inalámbrico,Herramientas,Junín,Tienda,6,260,0.0,1560.0,507.4,Yape
V01361,2025-08-20,C0256,Hogar,Guantes de trabajo,Seguridad,La Libertad,Web,7,22,0.05,146.3,18.58,Plin
V01362,2024-10-13,C0271,Profesional,Taladro inalámbrico,Herramientas,Cusco,Web,1,260,0.08,239.2,42.51,Efectivo
V01363,2024-08-03,C0118,Profesional,Taladro inalámbrico,Herramientas,Junín,Marketplace,7,260,0.03,1765.4,544.87,Tarjeta
V01364,2024-01-20,C0299,Hogar,Guantes de trabajo,Seguridad,Junín,App,7,22,0.03,149.38,35.14,Transferencia
V01365,2024-06-24,C0058,Profesional,Llave de paso,Plomería,Lima,Tienda,4,28,0.0,112.0,36.09,Tarjeta
V01366,2024-05-04,C0261,Profesional,Taladro inalámbrico,Herramientas,Arequipa,Tienda,1,260,0.03,252.2,65.75,Transferencia
V01367,2025-12-28,C0279,Hogar,Foco LED,Electricidad,Piura,Tienda,1,15,0.05,14.25,3.76,Efectivo
V01368,2024-10-17,C0209,Profesional,Taladro inalámbrico,Herramientas,Piura,Web,5,260,0.0,1300.0,343.17,Tarjeta
V01369,2025-03-21,C0037,Profesional,Cable eléctrico 10m,Electricidad,Junín,Tienda,2,42,0.05,79.8,11.68,Tarjeta
V01370,2024-01-10,C0164,Profesional,Foco LED,Electricidad,La Libertad,Tienda,6,15,0.08,82.8,25.49,Transferencia
V01371,2024-08-03,C0319,Profesional,Alicate,Herramientas,Junín,Tienda,6,38,0.0,228.0,73.17,Plin
V01372,2024-05-11,C0265,Hogar,Alicate,Herramientas,Junín,Tienda,3,38,0.05,108.3,25.88,Transferencia
V01373,2024-04-23,C0265,Empresa,Alicate,Herramientas,Junín,Marketplace,2,38,0.1,68.4,15.83,Yape
V01374,2024-07-29,C0026,Hogar,Pintura látex 4L,Pinturas,Lima,Tienda,5,95,0.05,451.25,77.42,Tarjeta
V01375,2025-06-25,C0367,Empresa,Martillo profesional,Herramientas,La Libertad,App,5,65,0.05,308.75,48.46,Transferencia
V01376,2024-07-16,C0475,Profesional,Martillo profesional,Herramientas,La Libertad,Marketplace,5,65,0.0,325.0,64.8,Transferencia
V01377,2024-08-18,C0013,Profesional,Brocha 3 pulgadas,Pinturas,Piura,Web,2,18,0.03,34.92,9.14,Efectivo
V01378,2025-10-05,C0448,Hogar,Alicate,Herramientas,La Libertad,Web,3,38,0.05,108.3,16.48,Efectivo
V01379,2024-02-10,C0229,Profesional,Foco LED,Electricidad,La Libertad,Tienda,4,15,0.05,57.0,9.35,Efectivo
V01380,2024-02-26,C0213,Hogar,Foco LED,Electricidad,Piura,Tienda,5,15,0.08,69.0,20.72,Efectivo
V01381,2024-10-24,C0418,Hogar,Cable eléctrico 10m,Electricidad,La Libertad,Marketplace,3,42,0.08,115.92,20.64,Transferencia
V01382,2025-02-03,C0140,Empresa,Casco de seguridad,Seguridad,Arequipa,Web,7,35,0.1,220.5,68.7,Efectivo
V01383,2024-06-30,C0351,Hogar,Taladro inalámbrico,Herramientas,Lima,Web,3,260,0.0,780.0,194.95,Plin
V01384,2025-03-16,C0071,Hogar,Cemento 42.5kg,Construcción,Cusco,Marketplace,1,32,0.1,28.8,5.29,Efectivo
V01385,2024-02-06,C0093,Profesional,Llave de paso,Plomería,Piura,Web,1,28,0.0,28.0,6.12,Tarjeta
V01386,2024-02-20,C0077,Hogar,Tubo PVC 1/2,Plomería,Cusco,Tienda,3,8,0.05,22.8,4.87,Tarjeta
V01387,2024-08-22,C0064,Profesional,Pintura látex 4L,Pinturas,Arequipa,App,7,95,0.03,645.05,120.98,Efectivo
V01388,2024-02-21,C0430,Profesional,Llave de paso,Plomería,Piura,Web,5,28,0.08,128.8,26.91,Tarjeta
V01389,2024-03-04,C0004,Profesional,Pintura látex 4L,Pinturas,La Libertad,Web,2,95,0.0,190.0,58.17,Efectivo
V01390,2024-02-16,C0121,Hogar,Taladro inalámbrico,Herramientas,Cusco,Marketplace,3,260,0.05,741.0,220.1,Transferencia
V01391,2024-10-13,C0089,Hogar,Brocha 3 pulgadas,Pinturas,Arequipa,Tienda,3,18,0.03,52.38,17.73,Plin
V01392,2024-07-30,C0256,Hogar,Llave de paso,Plomería,Lima,Web,2,28,0.05,53.2,14.1,Plin
V01393,2025-12-20,C0448,Profesional,Brocha 3 pulgadas,Pinturas,Arequipa,Marketplace,6,18,0.08,99.36,26.46,Tarjeta
V01394,2025-10-18,C0302,Hogar,Guantes de trabajo,Seguridad,La Libertad,Web,7,22,0.03,149.38,18.59,Transferencia
V01395,2024-12-25,C0019,Profesional,Guantes de trabajo,Seguridad,La Libertad,Web,1,22,0.0,22.0,6.91,Yape
V01396,2024-10-16,C0347,Hogar,Taladro inalámbrico,Herramientas,La Libertad,App,4,260,0.03,1008.8,265.75,Yape
V01397,2024-05-17,C0054,Hogar,Taladro inalámbrico,Herramientas,Junín,App,6,260,0.05,1482.0,431.39,Transferencia
V01398,2024-09-27,C0331,Hogar,Cemento 42.5kg,Construcción,Lima,Web,6,32,0.0,192.0,44.87,Plin
V01399,2025-05-09,C0452,Hogar,Llave de paso,Plomería,La Libertad,Tienda,2,28,0.03,54.32,9.1,Tarjeta
V01400,2025-08-10,C0009,Hogar,Guantes de trabajo,Seguridad,La Libertad,Tienda,1,22,0.0,22.0,5.58,Tarjeta
V01401,2024-02-11,C0366,Hogar,Cemento 42.5kg,Construcción,Junín,App,1,32,0.05,30.4,8.25,Efectivo
V01402,2025-07-30,C0156,Hogar,Pintura látex 4L,Pinturas,Piura,Tienda,1,95,0.03,92.15,26.62,Transferencia
V01403,2025-07-24,C0003,Hogar,Tubo PVC 1/2,Plomería,Lima,App,7,8,0.0,56.0,7.05,Efectivo
V01404,2024-05-12,C0193,Hogar,Casco de seguridad,Seguridad,La Libertad,Web,7,35,0.05,232.75,50.91,Efectivo
V01405,2024-05-20,C0113,Profesional,Guantes de trabajo,Seguridad,La Libertad,App,4,22,0.05,83.6,24.64,Transferencia
V01406,2024-02-24,C0426,Empresa,Tubo PVC 1/2,Plomería,Cusco,Tienda,1,8,0.0,8.0,1.79,Plin
V01407,2025-02-20,C0277,Profesional,Guantes de trabajo,Seguridad,Cusco,Tienda,2,22,0.05,41.8,6.95,Yape
V01408,2025-03-20,C0181,Hogar,Taladro inalámbrico,Herramientas,Cusco,Tienda,1,260,0.03,252.2,69.0,Tarjeta
V01409,2024-05-02,C0251,Hogar,Casco de seguridad,Seguridad,Arequipa,Tienda,5,35,0.05,166.25,38.91,Plin
V01410,2025-02-24,C0001,Profesional,Llave de paso,Plomería,Junín,Marketplace,7,28,0.0,196.0,41.78,Tarjeta
V01411,2024-07-07,C0125,Hogar,Alicate,Herramientas,Cusco,App,1,38,0.08,34.96,9.25,Yape
V01412,2025-11-19,C0119,Hogar,Brocha 3 pulgadas,Pinturas,La Libertad,Tienda,7,18,0.0,126.0,24.92,Transferencia
V01413,2025-02-17,C0387,Hogar,Tubo PVC 1/2,Plomería,Lima,Web,2,8,0.08,14.72,4.19,Efectivo
V01414,2024-09-08,C0272,Profesional,Alicate,Herramientas,Arequipa,App,4,38,0.0,152.0,48.26,Transferencia
V01415,2024-09-09,C0102,Profesional,Tubo PVC 1/2,Plomería,La Libertad,Web,5,8,0.1,36.0,6.11,Plin
V01416,2025-01-05,C0160,Empresa,Taladro inalámbrico,Herramientas,Cusco,Web,5,260,0.05,1235.0,362.22,Tarjeta
V01417,2024-12-01,C0153,Profesional,Casco de seguridad,Seguridad,Junín,Tienda,7,35,0.03,237.65,45.61,Plin
V01418,2025-02-06,C0298,Hogar,Alicate,Herramientas,Lima,Marketplace,7,38,0.0,266.0,63.17,Tarjeta
V01419,2024-12-04,C0255,Hogar,Brocha 3 pulgadas,Pinturas,Piura,Web,5,18,0.0,90.0,26.53,Transferencia
V01420,2024-04-06,C0143,Hogar,Taladro inalámbrico,Herramientas,Piura,App,2,260,0.08,478.4,88.08,Transferencia
V01421,2024-08-11,C0287,Hogar,Cable eléctrico 10m,Electricidad,Junín,App,7,42,0.0,294.0,86.14,Tarjeta
V01422,2025-12-10,C0003,Empresa,Cable eléctrico 10m,Electricidad,Cusco,Web,2,42,0.05,79.8,19.21,Efectivo
V01423,2024-06-03,C0068,Hogar,Cemento 42.5kg,Construcción,Lima,Web,5,32,0.05,152.0,43.14,Yape
V01424,2025-03-29,C0008,Hogar,Alicate,Herramientas,Lima,Web,4,38,0.0,152.0,50.89,Yape
V01425,2025-05-04,C0048,Empresa,Alicate,Herramientas,Arequipa,Web,2,38,0.05,72.2,20.14,Yape
V01426,2024-02-17,C0053,Hogar,Casco de seguridad,Seguridad,Cusco,Tienda,1,35,0.05,33.25,10.14,Yape
V01427,2025-07-05,C0480,Profesional,Tubo PVC 1/2,Plomería,Arequipa,Tienda,7,8,0.05,53.2,13.5,Efectivo
V01428,2025-04-02,C0185,Hogar,Foco LED,Electricidad,Cusco,Web,3,15,0.03,43.65,8.57,Yape
V01429,2024-09-17,C0241,Profesional,Taladro inalámbrico,Herramientas,Junín,Tienda,3,260,0.0,780.0,157.68,Transferencia
V01430,2024-09-23,C0198,Empresa,Llave de paso,Plomería,Junín,Tienda,1,28,0.03,27.16,4.2,Tarjeta
V01431,2024-03-08,C0081,Empresa,Llave de paso,Plomería,La Libertad,Web,6,28,0.05,159.6,20.69,Tarjeta
V01432,2025-05-14,C0085,Hogar,Foco LED,Electricidad,Piura,Marketplace,6,15,0.03,87.3,24.4,Yape
V01433,2024-05-09,C0081,Empresa,Cable eléctrico 10m,Electricidad,Junín,Web,2,42,0.0,84.0,27.19,Transferencia
V01434,2025-04-25,C0500,Empresa,Cemento 42.5kg,Construcción,Cusco,Web,6,32,0.05,182.4,26.32,Efectivo
V01435,2024-05-29,C0250,Profesional,Brocha 3 pulgadas,Pinturas,Cusco,Tienda,4,18,0.05,68.4,8.43,Transferencia
V01436,2025-12-06,C0482,Profesional,Brocha 3 pulgadas,Pinturas,Cusco,Tienda,4,18,0.05,68.4,14.65,Tarjeta
V01437,2024-11-23,C0087,Hogar,Cemento 42.5kg,Construcción,La Libertad,App,5,32,0.03,155.2,47.29,Yape
V01438,2025-11-26,C0407,Hogar,Llave de paso,Plomería,Junín,Marketplace,7,28,0.08,180.32,40.84,Plin
V01439,2024-08-05,C0053,Profesional,Martillo profesional,Herramientas,Arequipa,Tienda,3,65,0.1,175.5,29.58,Efectivo
V01440,2024-07-01,C0279,Hogar,Tubo PVC 1/2,Plomería,Lima,App,6,8,0.0,48.0,13.63,Transferencia
V01441,2024-02-18,C0479,Profesional,Tubo PVC 1/2,Plomería,Arequipa,App,4,8,0.0,32.0,4.77,Efectivo
V01442,2025-04-26,C0334,Hogar,Guantes de trabajo,Seguridad,Junín,Web,6,22,0.0,132.0,30.27,Tarjeta
V01443,2025-09-24,C0486,Hogar,Martillo profesional,Herramientas,Cusco,Marketplace,7,65,0.05,432.25,55.31,Yape
V01444,2025-08-18,C0326,Hogar,Alicate,Herramientas,Piura,Marketplace,6,38,0.1,205.2,61.04,Yape
V01445,2024-11-15,C0149,Hogar,Llave de paso,Plomería,Cusco,Tienda,7,28,0.03,190.12,38.43,Efectivo
V01446,2024-07-30,C0226,Hogar,Taladro inalámbrico,Herramientas,Lima,Tienda,4,260,0.1,936.0,224.06,Tarjeta
V01447,2024-06-18,C0152,Hogar,Cemento 42.5kg,Construcción,Lima,Tienda,1,32,0.0,32.0,4.99,Efectivo
V01448,2024-12-24,C0242,Profesional,Cemento 42.5kg,Construcción,Junín,Tienda,3,32,0.08,88.32,12.67,Plin
V01449,2025-11-29,C0024,Hogar,Cemento 42.5kg,Construcción,Cusco,Tienda,6,32,0.05,182.4,36.42,Efectivo
V01450,2025-07-13,C0005,Hogar,Guantes de trabajo,Seguridad,Cusco,App,1,22,0.05,20.9,6.74,Plin
V01451,2024-04-21,C0171,Hogar,Taladro inalámbrico,Herramientas,Lima,Web,4,260,0.08,956.8,124.1,Yape
V01452,2024-04-10,C0074,Profesional,Taladro inalámbrico,Herramientas,Cusco,Web,6,260,0.03,1513.2,429.43,Yape
V01453,2024-12-04,C0414,Empresa,Taladro inalámbrico,Herramientas,Lima,Web,1,260,0.1,234.0,74.73,Tarjeta
V01454,2024-06-25,C0110,Profesional,Casco de seguridad,Seguridad,Cusco,App,3,35,0.08,96.6,15.62,Tarjeta
V01455,2024-08-17,C0305,Hogar,Llave de paso,Plomería,Junín,Tienda,2,28,0.05,53.2,16.6,Tarjeta
V01456,2024-09-09,C0122,Hogar,Brocha 3 pulgadas,Pinturas,Lima,Tienda,1,18,0.05,17.1,3.36,Efectivo
V01457,2024-09-16,C0461,Hogar,Cable eléctrico 10m,Electricidad,Cusco,Web,3,42,0.05,119.7,14.38,Transferencia
V01458,2024-06-18,C0211,Profesional,Taladro inalámbrico,Herramientas,Arequipa,Web,6,260,0.05,1482.0,428.69,Transferencia
V01459,2024-02-11,C0180,Hogar,Taladro inalámbrico,Herramientas,Cusco,Tienda,4,260,0.0,1040.0,183.86,Plin
V01460,2024-01-28,C0347,Hogar,Taladro inalámbrico,Herramientas,Junín,App,4,260,0.05,988.0,240.75,Tarjeta
V01461,2025-08-28,C0354,Profesional,Llave de paso,Plomería,Cusco,App,6,28,0.05,159.6,42.43,Transferencia
V01462,2024-12-05,C0264,Profesional,Cable eléctrico 10m,Electricidad,Cusco,Tienda,1,42,0.0,42.0,8.38,Yape
V01463,2024-02-22,C0089,Hogar,Guantes de trabajo,Seguridad,Piura,Tienda,6,22,0.0,132.0,39.68,Plin
V01464,2024-05-28,C0157,Profesional,Tubo PVC 1/2,Plomería,La Libertad,Tienda,1,8,0.0,8.0,1.55,Tarjeta
V01465,2024-03-24,C0492,Empresa,Alicate,Herramientas,La Libertad,App,1,38,0.1,34.2,10.05,Yape
V01466,2024-11-26,C0188,Empresa,Pintura látex 4L,Pinturas,Arequipa,Marketplace,3,95,0.08,262.2,55.16,Efectivo
V01467,2025-08-01,C0213,Profesional,Martillo profesional,Herramientas,Junín,App,1,65,0.0,65.0,12.1,Yape
V01468,2025-09-08,C0302,Hogar,Cable eléctrico 10m,Electricidad,Cusco,Tienda,2,42,0.05,79.8,24.53,Tarjeta
V01469,2025-08-30,C0492,Profesional,Martillo profesional,Herramientas,Junín,Web,6,65,0.05,370.5,48.24,Efectivo
V01470,2024-08-30,C0446,Empresa,Brocha 3 pulgadas,Pinturas,Junín,Tienda,7,18,0.0,126.0,20.25,Plin
V01471,2025-09-22,C0174,Hogar,Pintura látex 4L,Pinturas,Cusco,App,3,95,0.08,262.2,80.26,Transferencia
V01472,2025-08-19,C0123,Profesional,Guantes de trabajo,Seguridad,Cusco,Web,3,22,0.05,62.7,21.14,Transferencia
V01473,2024-11-07,C0062,Profesional,Tubo PVC 1/2,Plomería,Junín,Tienda,7,8,0.05,53.2,12.33,Tarjeta
V01474,2024-07-01,C0357,Profesional,Llave de paso,Plomería,Cusco,Web,4,28,0.05,106.4,36.15,Yape
V01475,2025-07-12,C0263,Hogar,Tubo PVC 1/2,Plomería,Piura,Tienda,7,8,0.03,54.32,16.17,Plin
V01476,2024-12-06,C0186,Empresa,Foco LED,Electricidad,Piura,App,1,15,0.0,15.0,2.44,Yape
V01477,2025-04-21,C0466,Profesional,Brocha 3 pulgadas,Pinturas,Piura,Tienda,4,18,0.0,72.0,11.63,Efectivo
V01478,2025-07-14,C0010,Empresa,Cemento 42.5kg,Construcción,Lima,App,6,32,0.08,176.64,59.11,Yape
V01479,2024-08-12,C0415,Hogar,Llave de paso,Plomería,Cusco,Web,4,28,0.05,106.4,21.18,Plin
V01480,2025-07-06,C0243,Profesional,Guantes de trabajo,Seguridad,Lima,App,6,22,0.05,125.4,33.82,Transferencia
V01481,2025-07-24,C0340,Hogar,Llave de paso,Plomería,Piura,App,6,28,0.05,159.6,25.94,Yape
V01482,2025-04-12,C0118,Hogar,Tubo PVC 1/2,Plomería,Arequipa,Tienda,4,8,0.05,30.4,10.25,Tarjeta
V01483,2024-09-28,C0128,Profesional,Cemento 42.5kg,Construcción,Arequipa,App,6,32,0.08,176.64,43.17,Tarjeta
V01484,2024-11-02,C0382,Hogar,Llave de paso,Plomería,Lima,Web,5,28,0.0,140.0,41.96,Transferencia
V01485,2025-09-18,C0467,Profesional,Brocha 3 pulgadas,Pinturas,Cusco,Web,2,18,0.0,36.0,9.73,Plin
V01486,2025-03-20,C0451,Profesional,Cable eléctrico 10m,Electricidad,Arequipa,Tienda,4,42,0.0,168.0,34.81,Efectivo
V01487,2024-04-04,C0101,Profesional,Cable eléctrico 10m,Electricidad,Cusco,Web,4,42,0.05,159.6,26.52,Transferencia
V01488,2024-04-29,C0065,Profesional,Llave de paso,Plomería,Junín,Marketplace,2,28,0.05,53.2,6.65,Yape
V01489,2024-09-07,C0363,Hogar,Casco de seguridad,Seguridad,Arequipa,Web,4,35,0.0,140.0,17.35,Tarjeta
V01490,2024-12-05,C0056,Profesional,Foco LED,Electricidad,Cusco,Web,2,15,0.05,28.5,6.47,Plin
V01491,2024-05-16,C0248,Hogar,Cemento 42.5kg,Construcción,Arequipa,Tienda,1,32,0.05,30.4,5.54,Efectivo
V01492,2024-02-10,C0153,Hogar,Pintura látex 4L,Pinturas,Lima,Web,7,95,0.1,598.5,127.25,Efectivo
V01493,2025-11-02,C0042,Hogar,Casco de seguridad,Seguridad,La Libertad,Web,4,35,0.0,140.0,42.91,Yape
V01494,2024-03-18,C0187,Profesional,Brocha 3 pulgadas,Pinturas,La Libertad,Tienda,7,18,0.08,115.92,18.95,Plin
V01495,2025-05-31,C0331,Hogar,Guantes de trabajo,Seguridad,Arequipa,Tienda,3,22,0.05,62.7,20.95,Transferencia
V01496,2024-08-19,C0234,Hogar,Foco LED,Electricidad,Piura,Web,7,15,0.03,101.85,16.69,Yape
V01497,2025-10-18,C0034,Profesional,Taladro inalámbrico,Herramientas,Cusco,Tienda,6,260,0.08,1435.2,297.79,Plin
V01498,2024-10-17,C0398,Profesional,Guantes de trabajo,Seguridad,Piura,Web,7,22,0.1,138.6,18.21,Yape
V01499,2024-06-24,C0319,Hogar,Martillo profesional,Herramientas,Piura,Marketplace,1,65,0.0,65.0,22.01,Plin
V01500,2024-08-23,C0173,Profesional,Cable eléctrico 10m,Electricidad,Piura,App,4,42,0.1,151.2,47.04,Transferencia
V01501,2025-07-29,C0309,Profesional,Pintura látex 4L,Pinturas,Arequipa,Web,3,95,0.0,285.0,44.92,Transferencia
V01502,2024-01-29,C0275,Profesional,Guantes de trabajo,Seguridad,Junín,Tienda,1,22,0.0,22.0,6.43,Tarjeta
V01503,2024-09-09,C0327,Profesional,Llave de paso,Plomería,Cusco,Marketplace,7,28,0.0,196.0,26.17,Efectivo
V01504,2024-08-13,C0449,Hogar,Cable eléctrico 10m,Electricidad,Piura,Web,6,42,0.0,252.0,56.87,Efectivo
V01505,2025-11-19,C0033,Hogar,Martillo profesional,Herramientas,Cusco,Tienda,1,65,0.05,61.75,16.86,Transferencia
V01506,2024-02-21,C0260,Empresa,Casco de seguridad,Seguridad,Arequipa,Web,3,35,0.05,99.75,28.99,Efectivo
V01507,2025-08-20,C0422,Profesional,Alicate,Herramientas,Lima,Web,2,38,0.08,69.92,12.13,Yape
V01508,2024-06-06,C0465,Hogar,Foco LED,Electricidad,Lima,Marketplace,4,15,0.1,54.0,9.03,Transferencia
V01509,2024-04-15,C0422,Hogar,Pintura látex 4L,Pinturas,La Libertad,App,3,95,0.0,285.0,84.65,Plin
V01510,2025-09-05,C0088,Profesional,Brocha 3 pulgadas,Pinturas,La Libertad,Marketplace,2,18,0.05,34.2,7.34,Yape
V01511,2024-10-13,C0201,Profesional,Llave de paso,Plomería,Arequipa,App,4,28,0.05,106.4,22.68,Transferencia
V01512,2024-06-12,C0389,Hogar,Tubo PVC 1/2,Plomería,Cusco,Web,3,8,0.03,23.28,3.24,Plin
V01513,2024-04-04,C0487,Hogar,Pintura látex 4L,Pinturas,La Libertad,Tienda,4,95,0.05,361.0,91.67,Plin
V01514,2024-10-05,C0402,Profesional,Pintura látex 4L,Pinturas,La Libertad,Web,6,95,0.05,541.5,116.01,Yape
V01515,2024-11-07,C0381,Empresa,Taladro inalámbrico,Herramientas,Cusco,Web,1,260,0.08,239.2,67.17,Transferencia
V01516,2025-07-26,C0475,Profesional,Brocha 3 pulgadas,Pinturas,Arequipa,Tienda,1,18,0.03,17.46,5.68,Yape
V01517,2024-02-03,C0190,Hogar,Pintura látex 4L,Pinturas,Junín,Marketplace,7,95,0.0,665.0,165.26,Transferencia
V01518,2025-03-10,C0454,Profesional,Taladro inalámbrico,Herramientas,La Libertad,App,6,260,0.05,1482.0,321.53,Plin
V01519,2025-03-27,C0304,Hogar,Brocha 3 pulgadas,Pinturas,La Libertad,Marketplace,2,18,0.0,36.0,11.09,Yape
V01520,2025-05-06,C0485,Empresa,Pintura látex 4L,Pinturas,La Libertad,Tienda,5,95,0.05,451.25,61.31,Plin
V01521,2025-03-06,C0489,Profesional,Brocha 3 pulgadas,Pinturas,Junín,Web,5,18,0.08,82.8,24.26,Yape
V01522,2025-01-09,C0363,Hogar,Foco LED,Electricidad,Junín,Tienda,6,15,0.03,87.3,14.92,Efectivo
V01523,2024-04-08,C0380,Profesional,Cable eléctrico 10m,Electricidad,Lima,Tienda,3,42,0.03,122.22,33.43,Plin
V01524,2024-11-07,C0112,Profesional,Tubo PVC 1/2,Plomería,Arequipa,Tienda,5,8,0.1,36.0,10.48,Yape
V01525,2025-05-09,C0398,Hogar,Martillo profesional,Herramientas,Lima,Marketplace,2,65,0.0,130.0,21.2,Transferencia
V01526,2025-03-18,C0049,Hogar,Pintura látex 4L,Pinturas,Piura,App,5,95,0.05,451.25,128.62,Plin
V01527,2025-02-14,C0266,Profesional,Foco LED,Electricidad,Piura,Web,6,15,0.08,82.8,22.65,Efectivo
V01528,2024-01-26,C0035,Hogar,Cemento 42.5kg,Construcción,Lima,Tienda,7,32,0.08,206.08,47.87,Transferencia
V01529,2024-03-25,C0424,Profesional,Llave de paso,Plomería,Piura,Tienda,4,28,0.05,106.4,33.33,Plin
V01530,2025-02-28,C0491,Profesional,Tubo PVC 1/2,Plomería,Arequipa,App,5,8,0.0,40.0,9.74,Transferencia
V01531,2025-08-20,C0088,Profesional,Pintura látex 4L,Pinturas,Piura,Web,6,95,0.03,552.9,126.86,Yape
V01532,2024-01-03,C0087,Hogar,Cable eléctrico 10m,Electricidad,Piura,Tienda,6,42,0.0,252.0,61.5,Tarjeta
V01533,2024-02-25,C0306,Profesional,Llave de paso,Plomería,Lima,Web,7,28,0.1,176.4,49.1,Efectivo
V01534,2025-01-26,C0130,Profesional,Foco LED,Electricidad,Cusco,Tienda,1,15,0.05,14.25,4.8,Yape
V01535,2025-11-06,C0395,Hogar,Taladro inalámbrico,Herramientas,Arequipa,App,6,260,0.03,1513.2,494.87,Efectivo
V01536,2025-07-22,C0213,Hogar,Casco de seguridad,Seguridad,Lima,Tienda,4,35,0.05,133.0,40.41,Yape
V01537,2025-01-11,C0233,Profesional,Casco de seguridad,Seguridad,Piura,Marketplace,5,35,0.0,175.0,45.82,Plin
V01538,2024-10-09,C0108,Profesional,Cemento 42.5kg,Construcción,Lima,Tienda,7,32,0.0,224.0,60.69,Transferencia
V01539,2024-04-23,C0399,Hogar,Foco LED,Electricidad,Cusco,Web,2,15,0.03,29.1,8.62,Yape
V01540,2025-07-20,C0443,Profesional,Guantes de trabajo,Seguridad,Cusco,Web,5,22,0.0,110.0,21.31,Transferencia
V01541,2025-12-26,C0125,Empresa,Guantes de trabajo,Seguridad,Arequipa,App,4,22,0.05,83.6,14.8,Efectivo
V01542,2024-01-05,C0469,Profesional,Taladro inalámbrico,Herramientas,La Libertad,Marketplace,1,260,0.0,260.0,41.23,Plin
V01543,2024-05-21,C0154,Empresa,Martillo profesional,Herramientas,Cusco,Tienda,2,65,0.05,123.5,19.8,Efectivo
V01544,2024-10-23,C0276,Profesional,Alicate,Herramientas,Lima,Tienda,2,38,0.05,72.2,9.64,Yape
V01545,2024-11-13,C0293,Hogar,Foco LED,Electricidad,Lima,Tienda,2,15,0.1,27.0,5.55,Transferencia
V01546,2024-03-29,C0133,Hogar,Cable eléctrico 10m,Electricidad,La Libertad,Tienda,1,42,0.05,39.9,11.17,Efectivo
V01547,2024-05-26,C0325,Profesional,Pintura látex 4L,Pinturas,Junín,Web,2,95,0.03,184.3,33.55,Plin
V01548,2024-04-11,C0157,Profesional,Casco de seguridad,Seguridad,Arequipa,Tienda,4,35,0.08,128.8,16.65,Yape
V01549,2025-11-21,C0363,Profesional,Casco de seguridad,Seguridad,Cusco,Tienda,3,35,0.05,99.75,14.65,Transferencia
V01550,2025-05-07,C0354,Hogar,Alicate,Herramientas,Piura,Web,6,38,0.0,228.0,72.8,Transferencia
V01551,2024-06-29,C0363,Empresa,Pintura látex 4L,Pinturas,Junín,Web,4,95,0.03,368.6,93.42,Yape
V01552,2025-01-24,C0196,Profesional,Martillo profesional,Herramientas,La Libertad,Tienda,5,65,0.05,308.75,70.54,Yape
V01553,2024-03-09,C0026,Profesional,Tubo PVC 1/2,Plomería,Piura,Web,4,8,0.03,31.04,3.95,Efectivo
V01554,2025-03-29,C0498,Profesional,Guantes de trabajo,Seguridad,Lima,Web,2,22,0.08,40.48,7.19,Yape
V01555,2024-06-22,C0429,Profesional,Pintura látex 4L,Pinturas,Piura,Marketplace,3,95,0.08,262.2,37.57,Efectivo
V01556,2024-04-14,C0189,Hogar,Guantes de trabajo,Seguridad,Piura,Tienda,2,22,0.05,41.8,12.83,Yape
V01557,2025-07-24,C0482,Hogar,Brocha 3 pulgadas,Pinturas,Junín,Tienda,7,18,0.05,119.7,32.36,Transferencia
V01558,2025-05-17,C0202,Profesional,Casco de seguridad,Seguridad,La Libertad,Tienda,1,35,0.0,35.0,6.61,Yape
V01559,2025-11-21,C0465,Profesional,Brocha 3 pulgadas,Pinturas,Cusco,Web,5,18,0.0,90.0,26.83,Plin
V01560,2025-08-21,C0214,Profesional,Casco de seguridad,Seguridad,Piura,Tienda,5,35,0.1,157.5,52.31,Efectivo
V01561,2024-12-08,C0185,Hogar,Pintura látex 4L,Pinturas,Arequipa,Web,4,95,0.05,361.0,100.28,Tarjeta
V01562,2024-04-12,C0129,Profesional,Cable eléctrico 10m,Electricidad,Arequipa,Web,7,42,0.08,270.48,53.88,Transferencia
V01563,2025-04-02,C0309,Hogar,Guantes de trabajo,Seguridad,Lima,Web,3,22,0.0,66.0,19.32,Efectivo
V01564,2024-11-06,C0469,Empresa,Cemento 42.5kg,Construcción,Arequipa,App,7,32,0.05,212.8,46.82,Efectivo
V01565,2025-12-23,C0470,Hogar,Llave de paso,Plomería,Arequipa,Marketplace,4,28,0.0,112.0,22.89,Transferencia
V01566,2024-05-11,C0246,Empresa,Guantes de trabajo,Seguridad,Cusco,Tienda,7,22,0.1,138.6,33.56,Yape
V01567,2025-05-24,C0067,Profesional,Guantes de trabajo,Seguridad,Arequipa,Web,7,22,0.05,146.3,34.82,Efectivo
V01568,2025-07-19,C0457,Hogar,Tubo PVC 1/2,Plomería,Cusco,Tienda,3,8,0.05,22.8,7.18,Transferencia
V01569,2025-10-25,C0290,Hogar,Brocha 3 pulgadas,Pinturas,La Libertad,Tienda,4,18,0.0,72.0,17.06,Yape
V01570,2024-08-30,C0059,Empresa,Brocha 3 pulgadas,Pinturas,Junín,Marketplace,1,18,0.05,17.1,2.89,Yape
V01571,2025-01-24,C0091,Profesional,Foco LED,Electricidad,Lima,Tienda,5,15,0.05,71.25,17.34,Efectivo
V01572,2024-05-13,C0402,Hogar,Martillo profesional,Herramientas,Piura,Marketplace,6,65,0.05,370.5,118.56,Efectivo
V01573,2025-03-04,C0324,Hogar,Alicate,Herramientas,Lima,Web,6,38,0.0,228.0,67.86,Efectivo
V01574,2025-06-04,C0488,Profesional,Foco LED,Electricidad,Piura,Tienda,6,15,0.05,85.5,15.69,Plin
V01575,2024-10-26,C0468,Empresa,Pintura látex 4L,Pinturas,Piura,Tienda,1,95,0.05,90.25,19.38,Transferencia
V01576,2024-09-14,C0247,Empresa,Cable eléctrico 10m,Electricidad,Junín,Tienda,6,42,0.0,252.0,76.06,Yape
V01577,2024-07-06,C0456,Profesional,Cable eléctrico 10m,Electricidad,Cusco,Web,7,42,0.05,279.3,86.56,Plin
V01578,2024-01-27,C0370,Hogar,Tubo PVC 1/2,Plomería,La Libertad,App,6,8,0.1,43.2,8.3,Transferencia
V01579,2025-05-30,C0127,Hogar,Alicate,Herramientas,Lima,Marketplace,7,38,0.03,258.02,51.95,Yape
V01580,2024-04-26,C0108,Hogar,Tubo PVC 1/2,Plomería,Arequipa,Tienda,3,8,0.03,23.28,6.58,Efectivo
V01581,2025-02-10,C0141,Hogar,Taladro inalámbrico,Herramientas,Lima,Marketplace,3,260,0.05,741.0,126.46,Yape
V01582,2025-07-06,C0483,Hogar,Guantes de trabajo,Seguridad,Lima,Tienda,4,22,0.03,85.36,17.5,Efectivo
V01583,2025-09-09,C0261,Hogar,Cable eléctrico 10m,Electricidad,Piura,Web,7,42,0.03,285.18,39.42,Transferencia
V01584,2024-03-21,C0156,Empresa,Casco de seguridad,Seguridad,Junín,Web,5,35,0.0,175.0,48.28,Transferencia
V01585,2025-10-05,C0119,Profesional,Foco LED,Electricidad,La Libertad,Tienda,7,15,0.05,99.75,24.1,Yape
V01586,2025-01-20,C0079,Hogar,Casco de seguridad,Seguridad,Piura,Tienda,6,35,0.0,210.0,56.26,Efectivo
V01587,2024-06-06,C0087,Profesional,Guantes de trabajo,Seguridad,Junín,Web,5,22,0.05,104.5,32.48,Plin
V01588,2025-05-08,C0054,Hogar,Taladro inalámbrico,Herramientas,Junín,Web,3,260,0.03,756.6,177.34,Transferencia
V01589,2025-12-07,C0335,Empresa,Llave de paso,Plomería,Lima,App,2,28,0.03,54.32,11.81,Plin
V01590,2024-04-21,C0178,Hogar,Guantes de trabajo,Seguridad,Junín,App,1,22,0.1,19.8,3.75,Tarjeta
V01591,2024-06-21,C0488,Profesional,Casco de seguridad,Seguridad,Junín,Marketplace,2,35,0.03,67.9,10.86,Efectivo
V01592,2025-07-17,C0164,Hogar,Foco LED,Electricidad,Cusco,Tienda,7,15,0.05,99.75,15.71,Transferencia
V01593,2025-06-11,C0025,Hogar,Brocha 3 pulgadas,Pinturas,Arequipa,Tienda,1,18,0.05,17.1,2.52,Transferencia
V01594,2025-08-21,C0101,Hogar,Tubo PVC 1/2,Plomería,La Libertad,Marketplace,2,8,0.0,16.0,4.56,Efectivo
V01595,2024-05-13,C0360,Hogar,Foco LED,Electricidad,Piura,App,2,15,0.03,29.1,4.7,Efectivo
V01596,2024-04-12,C0364,Profesional,Guantes de trabajo,Seguridad,Arequipa,App,5,22,0.0,110.0,34.58,Tarjeta
V01597,2024-09-02,C0255,Hogar,Casco de seguridad,Seguridad,Piura,Marketplace,6,35,0.1,189.0,46.82,Transferencia
V01598,2024-12-19,C0310,Empresa,Guantes de trabajo,Seguridad,Arequipa,Tienda,5,22,0.0,110.0,13.63,Tarjeta
V01599,2025-02-19,C0177,Hogar,Pintura látex 4L,Pinturas,Arequipa,Web,7,95,0.05,631.75,106.48,Tarjeta
V01600,2024-02-10,C0009,Hogar,Cemento 42.5kg,Construcción,Cusco,Tienda,5,32,0.05,152.0,38.66,Tarjeta
V01601,2025-10-09,C0090,Hogar,Guantes de trabajo,Seguridad,Cusco,Web,6,22,0.0,132.0,35.24,Tarjeta
V01602,2024-07-02,C0309,Profesional,Casco de seguridad,Seguridad,Piura,Tienda,5,35,0.08,161.0,23.87,Yape
V01603,2025-11-29,C0189,Profesional,Cemento 42.5kg,Construcción,Piura,Tienda,2,32,0.0,64.0,20.17,Transferencia
V01604,2024-04-16,C0049,Hogar,Tubo PVC 1/2,Plomería,Lima,App,5,8,0.0,40.0,9.03,Yape
V01605,2024-08-16,C0497,Hogar,Pintura látex 4L,Pinturas,La Libertad,App,5,95,0.05,451.25,60.28,Efectivo
V01606,2025-06-17,C0370,Hogar,Pintura látex 4L,Pinturas,Lima,Tienda,5,95,0.03,460.75,132.04,Transferencia
V01607,2024-04-21,C0232,Hogar,Foco LED,Electricidad,La Libertad,Tienda,4,15,0.05,57.0,17.14,Plin
V01608,2024-08-28,C0121,Hogar,Casco de seguridad,Seguridad,Piura,Tienda,4,35,0.05,133.0,38.8,Plin
V01609,2024-02-10,C0135,Profesional,Alicate,Herramientas,Piura,Web,2,38,0.03,73.72,16.75,Efectivo
V01610,2025-09-18,C0281,Profesional,Taladro inalámbrico,Herramientas,Junín,Tienda,3,260,0.0,780.0,117.05,Tarjeta
V01611,2024-02-05,C0102,Hogar,Cemento 42.5kg,Construcción,La Libertad,Tienda,3,32,0.03,93.12,30.81,Yape
V01612,2025-07-05,C0046,Profesional,Foco LED,Electricidad,Cusco,Tienda,1,15,0.03,14.55,2.73,Plin
V01613,2025-07-31,C0466,Hogar,Brocha 3 pulgadas,Pinturas,Lima,App,7,18,0.03,122.22,40.52,Yape
V01614,2025-12-20,C0245,Empresa,Cemento 42.5kg,Construcción,La Libertad,Marketplace,3,32,0.0,96.0,23.17,Transferencia
V01615,2024-11-20,C0494,Empresa,Casco de seguridad,Seguridad,Piura,App,6,35,0.05,199.5,45.89,Efectivo
V01616,2025-02-23,C0006,Hogar,Cemento 42.5kg,Construcción,La Libertad,Web,5,32,0.03,155.2,48.51,Plin
V01617,2025-11-13,C0112,Hogar,Casco de seguridad,Seguridad,Lima,App,4,35,0.0,140.0,20.03,Tarjeta
V01618,2025-10-13,C0256,Empresa,Alicate,Herramientas,Arequipa,Tienda,2,38,0.03,73.72,14.28,Tarjeta
V01619,2025-10-25,C0481,Profesional,Martillo profesional,Herramientas,La Libertad,Tienda,5,65,0.0,325.0,98.34,Efectivo
V01620,2024-03-27,C0123,Profesional,Casco de seguridad,Seguridad,Arequipa,Tienda,3,35,0.0,105.0,13.42,Plin
V01621,2024-07-04,C0098,Profesional,Llave de paso,Plomería,Piura,App,5,28,0.0,140.0,26.85,Plin
V01622,2024-03-07,C0027,Hogar,Martillo profesional,Herramientas,Piura,Tienda,1,65,0.03,63.05,20.98,Tarjeta
V01623,2024-12-17,C0462,Hogar,Taladro inalámbrico,Herramientas,Piura,App,4,260,0.0,1040.0,243.49,Tarjeta
V01624,2024-12-10,C0314,Empresa,Casco de seguridad,Seguridad,Cusco,App,4,35,0.08,128.8,24.13,Tarjeta
V01625,2025-06-20,C0218,Hogar,Llave de paso,Plomería,Junín,Tienda,5,28,0.08,128.8,20.29,Efectivo
V01626,2024-04-08,C0299,Hogar,Alicate,Herramientas,Junín,Tienda,1,38,0.08,34.96,6.51,Transferencia
V01627,2025-07-26,C0126,Hogar,Llave de paso,Plomería,Piura,Tienda,4,28,0.05,106.4,20.58,Transferencia
V01628,2025-07-10,C0352,Hogar,Llave de paso,Plomería,Piura,App,3,28,0.03,81.48,17.92,Efectivo
V01629,2024-09-28,C0489,Profesional,Guantes de trabajo,Seguridad,La Libertad,Tienda,6,22,0.05,125.4,19.15,Plin
V01630,2024-10-21,C0338,Hogar,Cemento 42.5kg,Construcción,Junín,Tienda,2,32,0.05,60.8,12.86,Plin
V01631,2024-05-13,C0278,Empresa,Taladro inalámbrico,Herramientas,Junín,App,2,260,0.0,520.0,156.17,Transferencia
V01632,2025-12-22,C0361,Hogar,Cable eléctrico 10m,Electricidad,Arequipa,Tienda,4,42,0.08,154.56,50.58,Transferencia
V01633,2025-11-11,C0080,Hogar,Alicate,Herramientas,Piura,Tienda,1,38,0.05,36.1,10.96,Efectivo
V01634,2024-07-03,C0258,Profesional,Pintura látex 4L,Pinturas,Cusco,Tienda,1,95,0.05,90.25,27.66,Yape
V01635,2024-02-12,C0137,Hogar,Cemento 42.5kg,Construcción,Piura,Tienda,6,32,0.08,176.64,33.68,Tarjeta
V01636,2024-11-09,C0346,Profesional,Llave de paso,Plomería,Cusco,Marketplace,1,28,0.08,25.76,4.54,Efectivo
V01637,2024-09-15,C0011,Hogar,Alicate,Herramientas,Arequipa,Marketplace,3,38,0.0,114.0,32.48,Tarjeta
V01638,2025-09-29,C0327,Hogar,Brocha 3 pulgadas,Pinturas,Piura,App,1,18,0.05,17.1,3.65,Efectivo
V01639,2024-08-15,C0379,Hogar,Guantes de trabajo,Seguridad,Piura,Tienda,4,22,0.03,85.36,25.56,Yape
V01640,2025-07-06,C0077,Empresa,Taladro inalámbrico,Herramientas,Piura,App,1,260,0.0,260.0,32.6,Transferencia
V01641,2025-11-11,C0350,Hogar,Foco LED,Electricidad,Piura,Marketplace,5,15,0.05,71.25,10.49,Plin
V01642,2025-10-13,C0053,Hogar,Casco de seguridad,Seguridad,Piura,Tienda,7,35,0.0,245.0,69.11,Tarjeta
V01643,2024-12-10,C0495,Profesional,Tubo PVC 1/2,Plomería,Cusco,Web,5,8,0.03,38.8,4.79,Yape
V01644,2025-08-08,C0443,Hogar,Brocha 3 pulgadas,Pinturas,Junín,Tienda,4,18,0.05,68.4,17.43,Plin
V01645,2024-08-11,C0499,Profesional,Guantes de trabajo,Seguridad,Junín,Tienda,7,22,0.03,149.38,26.84,Tarjeta
V01646,2024-10-30,C0116,Profesional,Brocha 3 pulgadas,Pinturas,Lima,Tienda,3,18,0.1,48.6,10.44,Plin
V01647,2024-01-17,C0396,Hogar,Casco de seguridad,Seguridad,Junín,App,7,35,0.0,245.0,77.83,Transferencia
V01648,2024-06-02,C0030,Profesional,Foco LED,Electricidad,Lima,Tienda,5,15,0.05,71.25,9.33,Tarjeta
V01649,2025-04-13,C0404,Profesional,Foco LED,Electricidad,Arequipa,Web,4,15,0.0,60.0,17.63,Tarjeta
V01650,2025-08-06,C0295,Hogar,Brocha 3 pulgadas,Pinturas,Cusco,Web,6,18,0.03,104.76,28.61,Yape
V01651,2025-10-23,C0056,Profesional,Tubo PVC 1/2,Plomería,Arequipa,Tienda,1,8,0.08,7.36,1.82,Plin
V01652,2024-08-05,C0425,Profesional,Cemento 42.5kg,Construcción,Lima,Tienda,7,32,0.05,212.8,53.3,Plin
V01653,2025-06-05,C0367,Hogar,Tubo PVC 1/2,Plomería,Piura,App,2,8,0.03,15.52,3.42,Plin
V01654,2025-01-17,C0404,Hogar,Pintura látex 4L,Pinturas,Piura,Tienda,7,95,0.03,645.05,205.4,Yape
V01655,2025-12-05,C0382,Hogar,Taladro inalámbrico,Herramientas,La Libertad,Marketplace,5,260,0.05,1235.0,282.65,Yape
V01656,2025-12-20,C0057,Hogar,Martillo profesional,Herramientas,Piura,Tienda,7,65,0.08,418.6,70.22,Plin
V01657,2025-10-20,C0137,Hogar,Cemento 42.5kg,Construcción,Cusco,App,7,32,0.05,212.8,45.05,Plin
V01658,2025-10-22,C0132,Empresa,Alicate,Herramientas,Arequipa,Tienda,1,38,0.08,34.96,5.18,Tarjeta
V01659,2024-09-25,C0002,Hogar,Tubo PVC 1/2,Plomería,Junín,Tienda,5,8,0.03,38.8,5.44,Plin
V01660,2025-10-24,C0169,Hogar,Guantes de trabajo,Seguridad,La Libertad,Tienda,6,22,0.08,121.44,18.44,Yape
V01661,2025-11-18,C0337,Profesional,Guantes de trabajo,Seguridad,Junín,Tienda,6,22,0.03,128.04,29.32,Yape
V01662,2025-03-12,C0339,Profesional,Casco de seguridad,Seguridad,Junín,Tienda,7,35,0.03,237.65,63.6,Yape
V01663,2024-10-06,C0355,Empresa,Taladro inalámbrico,Herramientas,Junín,App,4,260,0.05,988.0,286.66,Efectivo
V01664,2024-04-10,C0296,Hogar,Foco LED,Electricidad,Cusco,Tienda,1,15,0.03,14.55,3.69,Plin
V01665,2025-07-01,C0264,Profesional,Tubo PVC 1/2,Plomería,Junín,Tienda,3,8,0.08,22.08,4.7,Plin
V01666,2025-04-30,C0073,Empresa,Pintura látex 4L,Pinturas,La Libertad,Tienda,5,95,0.03,460.75,121.69,Transferencia
V01667,2025-07-08,C0328,Profesional,Taladro inalámbrico,Herramientas,Arequipa,Web,3,260,0.03,756.6,210.84,Efectivo
V01668,2024-03-31,C0238,Profesional,Foco LED,Electricidad,Cusco,Tienda,5,15,0.03,72.75,18.94,Tarjeta
V01669,2025-08-28,C0183,Hogar,Tubo PVC 1/2,Plomería,La Libertad,Marketplace,3,8,0.1,21.6,5.0,Plin
V01670,2025-12-05,C0100,Hogar,Guantes de trabajo,Seguridad,Junín,Web,7,22,0.08,141.68,43.24,Plin
V01671,2025-03-15,C0132,Hogar,Brocha 3 pulgadas,Pinturas,Arequipa,App,2,18,0.05,34.2,5.61,Efectivo
V01672,2025-12-30,C0195,Profesional,Guantes de trabajo,Seguridad,Piura,Web,4,22,0.08,80.96,24.19,Yape
V01673,2025-03-14,C0040,Profesional,Taladro inalámbrico,Herramientas,Piura,Web,1,260,0.03,252.2,59.14,Transferencia
V01674,2025-06-18,C0422,Empresa,Guantes de trabajo,Seguridad,Piura,App,1,22,0.0,22.0,4.34,Yape
V01675,2024-01-23,C0274,Profesional,Pintura látex 4L,Pinturas,Junín,Tienda,5,95,0.1,427.5,60.2,Yape
V01676,2024-12-13,C0351,Hogar,Alicate,Herramientas,Cusco,Tienda,1,38,0.05,36.1,9.83,Efectivo
V01677,2025-10-18,C0455,Profesional,Cemento 42.5kg,Construcción,Lima,Tienda,7,32,0.0,224.0,68.1,Efectivo
V01678,2025-08-26,C0497,Hogar,Pintura látex 4L,Pinturas,La Libertad,Marketplace,5,95,0.05,451.25,96.29,Plin
V01679,2025-03-31,C0380,Empresa,Casco de seguridad,Seguridad,Lima,Web,3,35,0.0,105.0,19.76,Tarjeta
V01680,2024-09-27,C0480,Hogar,Casco de seguridad,Seguridad,Junín,Web,4,35,0.05,133.0,35.6,Yape
V01681,2025-10-22,C0075,Empresa,Brocha 3 pulgadas,Pinturas,Arequipa,Web,4,18,0.05,68.4,9.25,Tarjeta
V01682,2025-06-20,C0189,Profesional,Taladro inalámbrico,Herramientas,Cusco,Web,6,260,0.0,1560.0,263.65,Yape
V01683,2025-05-25,C0173,Hogar,Llave de paso,Plomería,Lima,Tienda,2,28,0.0,56.0,6.74,Efectivo
V01684,2024-11-08,C0320,Hogar,Taladro inalámbrico,Herramientas,Lima,Tienda,4,260,0.05,988.0,270.55,Transferencia
V01685,2025-12-28,C0313,Profesional,Taladro inalámbrico,Herramientas,La Libertad,Web,6,260,0.0,1560.0,433.0,Tarjeta
V01686,2025-05-14,C0084,Hogar,Casco de seguridad,Seguridad,Cusco,Tienda,6,35,0.05,199.5,38.88,Transferencia
V01687,2024-08-20,C0337,Profesional,Alicate,Herramientas,Lima,Tienda,5,38,0.05,180.5,48.43,Plin
V01688,2025-10-08,C0467,Empresa,Alicate,Herramientas,Lima,App,6,38,0.1,205.2,45.68,Plin
V01689,2025-12-04,C0227,Profesional,Cemento 42.5kg,Construcción,Lima,App,5,32,0.0,160.0,20.86,Yape
V01690,2025-10-06,C0236,Hogar,Tubo PVC 1/2,Plomería,La Libertad,Tienda,5,8,0.05,38.0,6.95,Yape
V01691,2024-03-05,C0221,Hogar,Taladro inalámbrico,Herramientas,Arequipa,Web,1,260,0.0,260.0,64.39,Efectivo
V01692,2025-03-17,C0457,Empresa,Guantes de trabajo,Seguridad,La Libertad,Web,7,22,0.05,146.3,18.06,Transferencia
V01693,2024-09-11,C0257,Hogar,Tubo PVC 1/2,Plomería,Cusco,Tienda,4,8,0.05,30.4,8.79,Tarjeta
V01694,2024-05-17,C0120,Hogar,Cemento 42.5kg,Construcción,Piura,Web,2,32,0.03,62.08,19.64,Yape
V01695,2025-12-18,C0498,Profesional,Tubo PVC 1/2,Plomería,La Libertad,Tienda,5,8,0.05,38.0,12.52,Efectivo
V01696,2025-09-01,C0086,Hogar,Brocha 3 pulgadas,Pinturas,La Libertad,Web,5,18,0.03,87.3,25.54,Tarjeta
V01697,2025-01-06,C0189,Profesional,Foco LED,Electricidad,Junín,Tienda,5,15,0.0,75.0,17.43,Tarjeta
V01698,2024-11-13,C0297,Empresa,Brocha 3 pulgadas,Pinturas,Piura,Tienda,5,18,0.05,85.5,25.89,Yape
V01699,2024-03-31,C0006,Profesional,Alicate,Herramientas,Lima,Web,7,38,0.0,266.0,78.5,Tarjeta
V01700,2024-09-20,C0172,Hogar,Foco LED,Electricidad,La Libertad,Marketplace,6,15,0.0,90.0,14.04,Yape
V01701,2024-08-07,C0141,Hogar,Foco LED,Electricidad,Cusco,Web,1,15,0.03,14.55,3.21,Transferencia
V01702,2024-08-25,C0447,Empresa,Guantes de trabajo,Seguridad,Cusco,Tienda,6,22,0.03,128.04,32.46,Efectivo
V01703,2025-04-03,C0334,Empresa,Tubo PVC 1/2,Plomería,Arequipa,App,7,8,0.08,51.52,15.19,Plin
V01704,2025-10-08,C0096,Hogar,Casco de seguridad,Seguridad,Piura,App,5,35,0.05,166.25,47.43,Yape
V01705,2024-07-27,C0299,Hogar,Foco LED,Electricidad,Cusco,Marketplace,6,15,0.08,82.8,24.3,Transferencia
V01706,2024-12-21,C0180,Profesional,Tubo PVC 1/2,Plomería,Junín,Web,5,8,0.08,36.8,12.5,Plin
V01707,2024-10-02,C0316,Hogar,Tubo PVC 1/2,Plomería,Piura,Web,2,8,0.0,16.0,2.57,Plin
V01708,2024-09-06,C0042,Empresa,Foco LED,Electricidad,Junín,Web,4,15,0.08,55.2,12.01,Efectivo
V01709,2024-11-11,C0104,Profesional,Foco LED,Electricidad,Cusco,App,6,15,0.0,90.0,25.97,Tarjeta
V01710,2025-11-22,C0361,Hogar,Alicate,Herramientas,La Libertad,Tienda,2,38,0.03,73.72,10.62,Plin
V01711,2024-02-05,C0161,Hogar,Alicate,Herramientas,La Libertad,Tienda,6,38,0.0,228.0,74.55,Yape
V01712,2025-05-05,C0259,Hogar,Casco de seguridad,Seguridad,Arequipa,Tienda,4,35,0.03,135.8,42.77,Plin
V01713,2025-01-02,C0095,Empresa,Llave de paso,Plomería,La Libertad,Marketplace,2,28,0.03,54.32,7.81,Transferencia
V01714,2024-05-03,C0073,Profesional,Brocha 3 pulgadas,Pinturas,Arequipa,Tienda,2,18,0.08,33.12,6.61,Tarjeta
V01715,2025-03-24,C0177,Hogar,Tubo PVC 1/2,Plomería,Junín,Tienda,6,8,0.05,45.6,10.67,Efectivo
V01716,2024-03-01,C0382,Profesional,Tubo PVC 1/2,Plomería,Piura,Tienda,2,8,0.0,16.0,5.12,Efectivo
V01717,2024-11-26,C0028,Empresa,Alicate,Herramientas,Lima,Web,7,38,0.0,266.0,54.81,Efectivo
V01718,2025-03-15,C0162,Hogar,Casco de seguridad,Seguridad,Arequipa,Web,2,35,0.03,67.9,14.86,Transferencia
V01719,2025-12-12,C0256,Hogar,Brocha 3 pulgadas,Pinturas,Cusco,App,7,18,0.05,119.7,23.44,Transferencia
V01720,2024-12-11,C0253,Profesional,Martillo profesional,Herramientas,Piura,Web,2,65,0.03,126.1,39.21,Transferencia
V01721,2024-08-19,C0027,Hogar,Tubo PVC 1/2,Plomería,Lima,Web,1,8,0.08,7.36,2.38,Transferencia
V01722,2024-10-05,C0253,Hogar,Brocha 3 pulgadas,Pinturas,Junín,Web,3,18,0.05,51.3,14.09,Tarjeta
V01723,2025-07-14,C0455,Hogar,Casco de seguridad,Seguridad,Cusco,Tienda,7,35,0.05,232.75,46.27,Plin
V01724,2024-03-25,C0163,Hogar,Taladro inalámbrico,Herramientas,Arequipa,Marketplace,6,260,0.05,1482.0,436.8,Tarjeta
V01725,2025-06-08,C0079,Hogar,Taladro inalámbrico,Herramientas,La Libertad,Web,1,260,0.05,247.0,67.96,Tarjeta
V01726,2024-05-13,C0064,Hogar,Casco de seguridad,Seguridad,Cusco,Marketplace,7,35,0.03,237.65,80.28,Efectivo
V01727,2024-05-02,C0384,Profesional,Pintura látex 4L,Pinturas,Piura,Tienda,3,95,0.05,270.75,85.27,Tarjeta
V01728,2025-03-18,C0147,Hogar,Brocha 3 pulgadas,Pinturas,Cusco,Tienda,5,18,0.05,85.5,14.74,Plin
V01729,2024-12-03,C0305,Hogar,Cable eléctrico 10m,Electricidad,La Libertad,Tienda,3,42,0.0,126.0,39.11,Plin
V01730,2024-02-21,C0349,Hogar,Tubo PVC 1/2,Plomería,Junín,Tienda,5,8,0.05,38.0,9.95,Yape
V01731,2024-07-29,C0084,Profesional,Alicate,Herramientas,La Libertad,Tienda,4,38,0.03,147.44,41.51,Yape
V01732,2025-03-25,C0196,Profesional,Cemento 42.5kg,Construcción,Junín,Marketplace,6,32,0.0,192.0,37.52,Tarjeta
V01733,2024-04-18,C0332,Hogar,Llave de paso,Plomería,Arequipa,Web,7,28,0.08,180.32,33.53,Efectivo
V01734,2024-05-28,C0436,Profesional,Taladro inalámbrico,Herramientas,Piura,App,2,260,0.03,504.4,149.38,Plin
V01735,2025-02-22,C0321,Empresa,Taladro inalámbrico,Herramientas,Lima,Tienda,6,260,0.08,1435.2,293.6,Tarjeta
V01736,2025-10-16,C0099,Profesional,Foco LED,Electricidad,Arequipa,Marketplace,1,15,0.03,14.55,4.22,Tarjeta
V01737,2025-04-11,C0052,Profesional,Martillo profesional,Herramientas,Lima,Tienda,6,65,0.05,370.5,101.99,Transferencia
V01738,2025-11-08,C0086,Profesional,Martillo profesional,Herramientas,Junín,Tienda,7,65,0.0,455.0,117.51,Tarjeta
V01739,2024-08-27,C0307,Profesional,Martillo profesional,Herramientas,Piura,Tienda,4,65,0.1,234.0,42.32,Efectivo
V01740,2024-10-24,C0220,Empresa,Cemento 42.5kg,Construcción,Piura,Tienda,4,32,0.1,115.2,22.25,Yape
V01741,2024-01-05,C0316,Profesional,Pintura látex 4L,Pinturas,La Libertad,Tienda,3,95,0.08,262.2,85.13,Yape
V01742,2024-12-21,C0328,Hogar,Llave de paso,Plomería,Arequipa,Tienda,2,28,0.0,56.0,8.15,Tarjeta
V01743,2025-05-12,C0129,Profesional,Tubo PVC 1/2,Plomería,Arequipa,Marketplace,2,8,0.0,16.0,2.43,Transferencia
V01744,2024-07-17,C0260,Profesional,Cemento 42.5kg,Construcción,Lima,Tienda,6,32,0.05,182.4,58.31,Plin
V01745,2024-11-28,C0028,Profesional,Llave de paso,Plomería,La Libertad,Web,3,28,0.0,84.0,24.8,Efectivo
V01746,2024-08-16,C0493,Profesional,Martillo profesional,Herramientas,Cusco,Web,1,65,0.03,63.05,12.33,Transferencia
V01747,2025-01-04,C0112,Hogar,Martillo profesional,Herramientas,Piura,Marketplace,5,65,0.05,308.75,41.56,Plin
V01748,2025-03-17,C0087,Hogar,Cable eléctrico 10m,Electricidad,Junín,Marketplace,5,42,0.05,199.5,64.58,Efectivo
V01749,2024-03-21,C0383,Profesional,Tubo PVC 1/2,Plomería,Arequipa,Web,5,8,0.0,40.0,13.33,Yape
V01750,2024-08-25,C0262,Profesional,Guantes de trabajo,Seguridad,Cusco,Tienda,6,22,0.08,121.44,29.57,Plin
V01751,2025-11-23,C0013,Hogar,Foco LED,Electricidad,Cusco,App,1,15,0.0,15.0,4.31,Efectivo
V01752,2025-05-16,C0209,Profesional,Guantes de trabajo,Seguridad,Arequipa,Tienda,1,22,0.03,21.34,6.14,Plin
V01753,2025-05-28,C0085,Hogar,Tubo PVC 1/2,Plomería,Lima,Marketplace,6,8,0.0,48.0,11.12,Tarjeta
V01754,2024-09-15,C0368,Hogar,Llave de paso,Plomería,Cusco,Web,2,28,0.03,54.32,8.17,Efectivo
V01755,2025-09-20,C0476,Empresa,Llave de paso,Plomería,Arequipa,Web,4,28,0.05,106.4,13.71,Yape
V01756,2024-03-21,C0470,Hogar,Martillo profesional,Herramientas,Cusco,App,2,65,0.05,123.5,35.76,Transferencia
V01757,2024-10-27,C0383,Empresa,Foco LED,Electricidad,La Libertad,Tienda,2,15,0.05,28.5,7.53,Tarjeta
V01758,2025-12-26,C0440,Hogar,Llave de paso,Plomería,Piura,Tienda,2,28,0.0,56.0,12.32,Transferencia
V01759,2025-04-09,C0176,Empresa,Casco de seguridad,Seguridad,La Libertad,Tienda,3,35,0.08,96.6,25.52,Plin
V01760,2024-05-01,C0422,Profesional,Taladro inalámbrico,Herramientas,Lima,Marketplace,4,260,0.05,988.0,198.36,Plin
V01761,2025-07-06,C0182,Hogar,Foco LED,Electricidad,La Libertad,Web,4,15,0.03,58.2,8.31,Tarjeta
V01762,2025-04-23,C0135,Profesional,Alicate,Herramientas,Cusco,Tienda,2,38,0.0,76.0,18.5,Transferencia
V01763,2025-10-03,C0258,Profesional,Martillo profesional,Herramientas,Lima,Web,1,65,0.05,61.75,8.67,Transferencia
V01764,2025-02-27,C0401,Hogar,Guantes de trabajo,Seguridad,La Libertad,Tienda,7,22,0.0,154.0,48.29,Tarjeta
V01765,2025-09-01,C0252,Profesional,Cable eléctrico 10m,Electricidad,Piura,Tienda,7,42,0.0,294.0,91.82,Transferencia
V01766,2025-11-03,C0461,Empresa,Cable eléctrico 10m,Electricidad,Junín,Web,3,42,0.1,113.4,19.55,Tarjeta
V01767,2024-06-15,C0449,Empresa,Taladro inalámbrico,Herramientas,Piura,Web,2,260,0.05,494.0,166.82,Yape
V01768,2025-06-14,C0077,Hogar,Foco LED,Electricidad,Arequipa,Tienda,2,15,0.08,27.6,4.47,Tarjeta
V01769,2025-02-01,C0128,Profesional,Pintura látex 4L,Pinturas,Lima,App,1,95,0.08,87.4,25.49,Plin
V01770,2024-09-24,C0094,Profesional,Casco de seguridad,Seguridad,Piura,App,3,35,0.05,99.75,20.34,Transferencia
V01771,2024-05-15,C0028,Hogar,Cable eléctrico 10m,Electricidad,Junín,Tienda,3,42,0.05,119.7,34.48,Yape
V01772,2025-04-15,C0336,Profesional,Foco LED,Electricidad,Junín,Tienda,3,15,0.0,45.0,11.26,Transferencia
V01773,2025-12-06,C0104,Profesional,Brocha 3 pulgadas,Pinturas,Arequipa,App,7,18,0.05,119.7,28.26,Plin
V01774,2024-02-01,C0316,Empresa,Martillo profesional,Herramientas,Arequipa,Tienda,6,65,0.1,351.0,115.41,Efectivo
V01775,2024-11-01,C0149,Profesional,Guantes de trabajo,Seguridad,Lima,Tienda,5,22,0.0,110.0,20.34,Tarjeta
V01776,2024-08-05,C0499,Hogar,Alicate,Herramientas,Lima,Marketplace,1,38,0.05,36.1,11.39,Yape
V01777,2024-02-23,C0252,Hogar,Martillo profesional,Herramientas,Piura,Web,1,65,0.1,58.5,16.22,Tarjeta
V01778,2024-12-02,C0216,Hogar,Guantes de trabajo,Seguridad,Lima,Tienda,3,22,0.08,60.72,15.87,Plin
V01779,2025-10-01,C0225,Hogar,Tubo PVC 1/2,Plomería,Cusco,App,5,8,0.05,38.0,11.33,Efectivo
V01780,2024-04-25,C0114,Hogar,Llave de paso,Plomería,Junín,Tienda,5,28,0.05,133.0,41.59,Transferencia
V01781,2025-09-27,C0040,Profesional,Martillo profesional,Herramientas,Arequipa,Tienda,6,65,0.03,378.3,55.84,Transferencia
V01782,2024-05-01,C0367,Hogar,Cemento 42.5kg,Construcción,Piura,Tienda,1,32,0.0,32.0,5.34,Yape
V01783,2024-06-12,C0285,Empresa,Cable eléctrico 10m,Electricidad,Cusco,Marketplace,5,42,0.05,199.5,52.62,Plin
V01784,2025-06-06,C0293,Profesional,Casco de seguridad,Seguridad,La Libertad,Web,5,35,0.0,175.0,52.19,Tarjeta
V01785,2025-12-17,C0129,Profesional,Guantes de trabajo,Seguridad,La Libertad,Web,7,22,0.0,154.0,18.48,Efectivo
V01786,2025-12-15,C0116,Hogar,Martillo profesional,Herramientas,La Libertad,Tienda,7,65,0.05,432.25,89.03,Transferencia
V01787,2024-09-10,C0024,Profesional,Martillo profesional,Herramientas,La Libertad,Marketplace,2,65,0.08,119.6,29.53,Plin
V01788,2024-12-18,C0129,Profesional,Pintura látex 4L,Pinturas,Cusco,App,5,95,0.0,475.0,78.5,Plin
V01789,2024-06-16,C0102,Hogar,Casco de seguridad,Seguridad,La Libertad,Marketplace,4,35,0.03,135.8,19.39,Plin
V01790,2024-02-24,C0357,Hogar,Brocha 3 pulgadas,Pinturas,Piura,Tienda,2,18,0.05,34.2,5.25,Transferencia
V01791,2024-02-08,C0236,Hogar,Guantes de trabajo,Seguridad,Arequipa,Tienda,2,22,0.05,41.8,8.47,Efectivo
V01792,2024-05-18,C0162,Profesional,Martillo profesional,Herramientas,Lima,Web,4,65,0.08,239.2,63.66,Tarjeta
V01793,2024-06-07,C0100,Hogar,Cemento 42.5kg,Construcción,Piura,Web,4,32,0.08,117.76,36.1,Yape
V01794,2024-12-08,C0469,Hogar,Taladro inalámbrico,Herramientas,La Libertad,Tienda,3,260,0.05,741.0,171.35,Tarjeta
V01795,2024-12-29,C0170,Profesional,Brocha 3 pulgadas,Pinturas,Junín,Tienda,5,18,0.03,87.3,15.64,Efectivo
V01796,2024-10-07,C0496,Profesional,Foco LED,Electricidad,Lima,Marketplace,2,15,0.03,29.1,5.74,Transferencia
V01797,2024-11-14,C0201,Hogar,Casco de seguridad,Seguridad,Lima,Tienda,5,35,0.0,175.0,44.39,Efectivo
V01798,2024-03-09,C0302,Profesional,Taladro inalámbrico,Herramientas,Cusco,Tienda,4,260,0.0,1040.0,165.65,Transferencia
V01799,2025-08-05,C0386,Profesional,Tubo PVC 1/2,Plomería,La Libertad,App,1,8,0.05,7.6,1.76,Efectivo
V01800,2025-07-25,C0479,Hogar,Alicate,Herramientas,Arequipa,Tienda,3,38,0.05,108.3,30.8,Transferencia
V01801,2025-07-30,C0079,Hogar,Cemento 42.5kg,Construcción,La Libertad,Web,6,32,0.1,172.8,55.68,Transferencia
V01802,2025-01-29,C0342,Hogar,Tubo PVC 1/2,Plomería,La Libertad,App,7,8,0.03,54.32,16.65,Tarjeta
V01803,2025-08-20,C0239,Hogar,Alicate,Herramientas,Arequipa,App,2,38,0.08,69.92,16.96,Efectivo
V01804,2024-08-09,C0470,Profesional,Alicate,Herramientas,Cusco,Tienda,6,38,0.08,209.76,52.12,Plin
V01805,2025-04-19,C0365,Empresa,Alicate,Herramientas,La Libertad,Tienda,2,38,0.05,72.2,13.98,Plin
V01806,2025-06-11,C0263,Profesional,Foco LED,Electricidad,Arequipa,Web,5,15,0.0,75.0,21.99,Plin
V01807,2025-06-06,C0448,Hogar,Foco LED,Electricidad,Piura,Tienda,3,15,0.03,43.65,9.23,Yape
V01808,2024-09-15,C0052,Profesional,Casco de seguridad,Seguridad,Lima,Web,3,35,0.0,105.0,30.17,Yape
V01809,2024-10-15,C0111,Empresa,Pintura látex 4L,Pinturas,Arequipa,Web,2,95,0.05,180.5,59.32,Yape
V01810,2024-06-11,C0034,Profesional,Martillo profesional,Herramientas,Junín,Marketplace,5,65,0.0,325.0,70.8,Plin
V01811,2024-08-06,C0304,Hogar,Alicate,Herramientas,Lima,Tienda,2,38,0.1,68.4,10.33,Tarjeta
V01812,2025-05-03,C0490,Hogar,Taladro inalámbrico,Herramientas,La Libertad,Tienda,5,260,0.0,1300.0,319.82,Tarjeta
V01813,2024-01-12,C0149,Hogar,Martillo profesional,Herramientas,Piura,Tienda,1,65,0.05,61.75,17.53,Transferencia
V01814,2025-05-21,C0257,Profesional,Casco de seguridad,Seguridad,Junín,App,5,35,0.1,157.5,29.0,Transferencia
V01815,2024-12-03,C0360,Profesional,Guantes de trabajo,Seguridad,Cusco,Tienda,6,22,0.05,125.4,29.84,Transferencia
V01816,2025-11-01,C0173,Hogar,Pintura látex 4L,Pinturas,Junín,Tienda,6,95,0.0,570.0,87.93,Transferencia
V01817,2025-08-13,C0130,Profesional,Guantes de trabajo,Seguridad,La Libertad,Tienda,5,22,0.05,104.5,16.04,Transferencia
V01818,2025-05-21,C0013,Empresa,Cable eléctrico 10m,Electricidad,Lima,Tienda,2,42,0.03,81.48,11.48,Tarjeta
V01819,2025-11-11,C0325,Empresa,Tubo PVC 1/2,Plomería,Arequipa,Tienda,7,8,0.05,53.2,11.49,Tarjeta
V01820,2025-04-28,C0157,Empresa,Cable eléctrico 10m,Electricidad,Cusco,App,7,42,0.08,270.48,91.62,Yape
V01821,2025-04-03,C0291,Profesional,Alicate,Herramientas,Piura,Marketplace,7,38,0.0,266.0,43.95,Tarjeta
V01822,2024-07-02,C0456,Hogar,Casco de seguridad,Seguridad,Arequipa,Tienda,3,35,0.03,101.85,19.84,Plin
V01823,2025-10-18,C0149,Hogar,Llave de paso,Plomería,Arequipa,App,7,28,0.08,180.32,30.91,Plin
V01824,2025-10-08,C0229,Hogar,Foco LED,Electricidad,Lima,Tienda,4,15,0.03,58.2,16.2,Tarjeta
V01825,2024-04-12,C0135,Profesional,Cemento 42.5kg,Construcción,Junín,Web,5,32,0.0,160.0,38.56,Tarjeta
V01826,2024-07-21,C0235,Profesional,Alicate,Herramientas,Arequipa,App,1,38,0.03,36.86,4.55,Tarjeta
V01827,2025-03-12,C0168,Profesional,Cable eléctrico 10m,Electricidad,La Libertad,App,5,42,0.05,199.5,50.25,Transferencia
V01828,2024-05-21,C0248,Hogar,Taladro inalámbrico,Herramientas,La Libertad,Web,2,260,0.05,494.0,75.38,Tarjeta
V01829,2024-07-09,C0319,Empresa,Brocha 3 pulgadas,Pinturas,Junín,Tienda,7,18,0.0,126.0,30.6,Transferencia
V01830,2024-08-04,C0465,Empresa,Cable eléctrico 10m,Electricidad,Arequipa,Tienda,2,42,0.05,79.8,13.36,Efectivo
V01831,2025-09-25,C0133,Hogar,Foco LED,Electricidad,Arequipa,Marketplace,6,15,0.05,85.5,10.93,Yape
V01832,2024-09-08,C0097,Hogar,Alicate,Herramientas,Arequipa,Web,6,38,0.03,221.16,52.33,Tarjeta
V01833,2025-11-28,C0081,Profesional,Foco LED,Electricidad,Arequipa,Tienda,5,15,0.08,69.0,21.51,Tarjeta
V01834,2025-10-02,C0136,Hogar,Brocha 3 pulgadas,Pinturas,Cusco,Tienda,4,18,0.0,72.0,11.12,Efectivo
V01835,2024-01-25,C0206,Empresa,Brocha 3 pulgadas,Pinturas,Piura,Tienda,4,18,0.1,64.8,15.85,Yape
V01836,2025-01-04,C0022,Profesional,Llave de paso,Plomería,Piura,Marketplace,4,28,0.03,108.64,32.09,Transferencia
V01837,2024-07-12,C0316,Hogar,Casco de seguridad,Seguridad,Junín,App,2,35,0.0,70.0,22.76,Tarjeta
V01838,2025-08-31,C0121,Hogar,Pintura látex 4L,Pinturas,Lima,Marketplace,4,95,0.05,361.0,113.2,Transferencia
V01839,2024-12-19,C0086,Empresa,Martillo profesional,Herramientas,Junín,Tienda,2,65,0.05,123.5,18.96,Tarjeta
V01840,2025-09-05,C0400,Hogar,Casco de seguridad,Seguridad,Arequipa,Tienda,6,35,0.03,203.7,42.22,Transferencia
V01841,2024-12-03,C0434,Empresa,Llave de paso,Plomería,Lima,Tienda,1,28,0.05,26.6,5.06,Efectivo
V01842,2025-07-10,C0354,Profesional,Llave de paso,Plomería,Junín,Tienda,2,28,0.08,51.52,11.32,Yape
V01843,2024-03-15,C0293,Profesional,Pintura látex 4L,Pinturas,Cusco,Tienda,5,95,0.05,451.25,80.97,Yape
V01844,2025-07-26,C0074,Empresa,Taladro inalámbrico,Herramientas,Junín,App,6,260,0.08,1435.2,473.54,Transferencia
V01845,2024-05-29,C0143,Hogar,Cemento 42.5kg,Construcción,La Libertad,Tienda,3,32,0.0,96.0,22.24,Efectivo
V01846,2025-10-16,C0142,Profesional,Pintura látex 4L,Pinturas,La Libertad,Marketplace,7,95,0.05,631.75,192.32,Plin
V01847,2024-11-18,C0049,Profesional,Foco LED,Electricidad,Arequipa,Tienda,2,15,0.0,30.0,9.86,Tarjeta
V01848,2024-09-22,C0237,Profesional,Cable eléctrico 10m,Electricidad,Lima,Tienda,5,42,0.05,199.5,49.09,Efectivo
V01849,2025-08-27,C0175,Profesional,Tubo PVC 1/2,Plomería,Lima,Web,3,8,0.03,23.28,6.7,Plin
V01850,2024-11-23,C0134,Profesional,Taladro inalámbrico,Herramientas,Junín,App,6,260,0.05,1482.0,332.77,Yape
V01851,2025-08-22,C0268,Empresa,Casco de seguridad,Seguridad,Piura,Tienda,3,35,0.0,105.0,18.14,Yape
V01852,2024-04-01,C0075,Profesional,Tubo PVC 1/2,Plomería,Junín,App,3,8,0.1,21.6,6.61,Transferencia
V01853,2024-08-02,C0101,Hogar,Guantes de trabajo,Seguridad,Piura,Tienda,4,22,0.05,83.6,20.77,Yape
V01854,2025-08-09,C0018,Hogar,Cemento 42.5kg,Construcción,La Libertad,Web,3,32,0.08,88.32,27.0,Transferencia
V01855,2024-04-01,C0040,Profesional,Martillo profesional,Herramientas,La Libertad,Tienda,2,65,0.08,119.6,20.05,Transferencia
V01856,2024-05-16,C0314,Hogar,Cemento 42.5kg,Construcción,Piura,Web,5,32,0.1,144.0,18.36,Plin
V01857,2024-11-05,C0190,Empresa,Llave de paso,Plomería,Junín,App,3,28,0.0,84.0,24.91,Yape
V01858,2025-11-02,C0394,Profesional,Brocha 3 pulgadas,Pinturas,La Libertad,Web,4,18,0.03,69.84,19.2,Plin
V01859,2025-03-23,C0200,Profesional,Llave de paso,Plomería,La Libertad,Marketplace,5,28,0.03,135.8,38.93,Transferencia
V01860,2025-09-27,C0345,Hogar,Cemento 42.5kg,Construcción,Arequipa,Tienda,2,32,0.0,64.0,10.17,Yape
V01861,2025-03-13,C0057,Hogar,Martillo profesional,Herramientas,Piura,Tienda,7,65,0.03,441.35,111.97,Tarjeta
V01862,2024-10-22,C0004,Hogar,Martillo profesional,Herramientas,Piura,Tienda,4,65,0.0,260.0,51.2,Tarjeta
V01863,2025-09-01,C0311,Hogar,Cable eléctrico 10m,Electricidad,Arequipa,Marketplace,1,42,0.05,39.9,12.96,Efectivo
V01864,2024-10-19,C0481,Profesional,Foco LED,Electricidad,Cusco,Web,4,15,0.0,60.0,16.71,Transferencia
V01865,2024-08-06,C0416,Hogar,Brocha 3 pulgadas,Pinturas,Lima,Tienda,7,18,0.0,126.0,19.27,Yape
V01866,2025-09-07,C0201,Profesional,Llave de paso,Plomería,Junín,Marketplace,2,28,0.0,56.0,13.7,Yape
V01867,2024-01-19,C0002,Profesional,Cemento 42.5kg,Construcción,Piura,Tienda,5,32,0.1,144.0,28.37,Efectivo
V01868,2025-06-24,C0277,Hogar,Pintura látex 4L,Pinturas,Junín,Marketplace,5,95,0.05,451.25,68.62,Tarjeta
V01869,2025-11-03,C0497,Hogar,Taladro inalámbrico,Herramientas,Cusco,Tienda,4,260,0.08,956.8,266.98,Plin
V01870,2024-11-23,C0179,Hogar,Alicate,Herramientas,Piura,App,5,38,0.05,180.5,50.6,Efectivo
V01871,2024-09-10,C0381,Hogar,Foco LED,Electricidad,Cusco,Tienda,3,15,0.05,42.75,9.76,Plin
V01872,2025-12-16,C0018,Hogar,Cable eléctrico 10m,Electricidad,La Libertad,App,2,42,0.08,77.28,15.76,Plin
V01873,2024-12-18,C0171,Profesional,Martillo profesional,Herramientas,Arequipa,Tienda,3,65,0.05,185.25,57.2,Tarjeta
V01874,2025-01-04,C0053,Profesional,Tubo PVC 1/2,Plomería,Arequipa,Marketplace,1,8,0.0,8.0,1.07,Plin
V01875,2024-12-02,C0271,Hogar,Tubo PVC 1/2,Plomería,Piura,Marketplace,4,8,0.05,30.4,4.88,Efectivo
V01876,2024-04-01,C0282,Hogar,Casco de seguridad,Seguridad,Arequipa,App,2,35,0.05,66.5,17.32,Transferencia
V01877,2025-03-09,C0466,Hogar,Martillo profesional,Herramientas,Cusco,Tienda,3,65,0.05,185.25,26.97,Yape
V01878,2025-09-15,C0092,Profesional,Cable eléctrico 10m,Electricidad,La Libertad,Tienda,6,42,0.05,239.4,29.1,Plin
V01879,2024-11-28,C0125,Profesional,Llave de paso,Plomería,Cusco,Tienda,7,28,0.0,196.0,45.53,Transferencia
V01880,2024-12-09,C0208,Hogar,Pintura látex 4L,Pinturas,Cusco,Tienda,5,95,0.1,427.5,127.93,Efectivo
V01881,2024-04-06,C0077,Hogar,Taladro inalámbrico,Herramientas,Lima,Tienda,1,260,0.0,260.0,78.54,Transferencia
V01882,2025-07-30,C0497,Hogar,Foco LED,Electricidad,Junín,Web,3,15,0.05,42.75,7.28,Efectivo
V01883,2025-11-15,C0177,Hogar,Foco LED,Electricidad,La Libertad,Web,1,15,0.0,15.0,3.45,Efectivo
V01884,2024-03-20,C0299,Hogar,Martillo profesional,Herramientas,Arequipa,Tienda,7,65,0.0,455.0,72.96,Tarjeta
V01885,2024-06-21,C0490,Hogar,Cable eléctrico 10m,Electricidad,Lima,Tienda,1,42,0.08,38.64,7.04,Yape
V01886,2024-11-23,C0005,Hogar,Alicate,Herramientas,La Libertad,Tienda,4,38,0.08,139.84,42.46,Efectivo
V01887,2024-09-01,C0211,Hogar,Foco LED,Electricidad,Arequipa,Web,4,15,0.03,58.2,12.27,Efectivo
V01888,2025-06-29,C0247,Hogar,Brocha 3 pulgadas,Pinturas,Junín,Tienda,7,18,0.05,119.7,23.61,Efectivo
V01889,2025-03-21,C0259,Profesional,Guantes de trabajo,Seguridad,La Libertad,Web,7,22,0.05,146.3,37.25,Transferencia
V01890,2025-12-20,C0319,Profesional,Pintura látex 4L,Pinturas,Lima,App,2,95,0.05,180.5,35.74,Tarjeta
V01891,2024-11-29,C0327,Profesional,Alicate,Herramientas,La Libertad,Tienda,4,38,0.05,144.4,38.7,Yape
V01892,2025-04-02,C0066,Hogar,Tubo PVC 1/2,Plomería,La Libertad,Tienda,5,8,0.0,40.0,5.81,Efectivo
V01893,2024-02-08,C0115,Empresa,Brocha 3 pulgadas,Pinturas,Arequipa,App,3,18,0.1,48.6,16.13,Tarjeta
V01894,2025-11-14,C0353,Hogar,Foco LED,Electricidad,Cusco,App,1,15,0.03,14.55,2.54,Plin
V01895,2025-04-03,C0083,Hogar,Pintura látex 4L,Pinturas,Arequipa,Tienda,1,95,0.08,87.4,17.43,Yape
V01896,2024-04-12,C0214,Profesional,Martillo profesional,Herramientas,Piura,Web,4,65,0.05,247.0,53.19,Yape
V01897,2025-09-25,C0474,Profesional,Cable eléctrico 10m,Electricidad,Piura,Tienda,7,42,0.0,294.0,75.38,Efectivo
V01898,2024-11-24,C0499,Hogar,Tubo PVC 1/2,Plomería,Junín,Web,4,8,0.03,31.04,3.75,Efectivo
V01899,2025-09-26,C0500,Profesional,Pintura látex 4L,Pinturas,Arequipa,Web,7,95,0.1,598.5,146.59,Plin
V01900,2025-08-07,C0218,Hogar,Cemento 42.5kg,Construcción,Piura,Web,2,32,0.0,64.0,11.3,Plin
V01901,2024-03-07,C0446,Profesional,Alicate,Herramientas,Arequipa,Marketplace,5,38,0.08,174.8,58.14,Yape
V01902,2025-07-03,C0287,Profesional,Guantes de trabajo,Seguridad,Cusco,App,2,22,0.0,44.0,8.35,Tarjeta
V01903,2025-11-29,C0167,Profesional,Llave de paso,Plomería,Arequipa,Tienda,2,28,0.03,54.32,10.37,Tarjeta
V01904,2024-06-09,C0330,Profesional,Guantes de trabajo,Seguridad,Lima,Tienda,1,22,0.08,20.24,6.81,Efectivo
V01905,2025-10-06,C0226,Profesional,Casco de seguridad,Seguridad,Junín,Web,1,35,0.05,33.25,5.89,Yape
V01906,2024-01-17,C0351,Hogar,Llave de paso,Plomería,La Libertad,Tienda,3,28,0.0,84.0,26.1,Tarjeta
V01907,2025-10-30,C0424,Profesional,Martillo profesional,Herramientas,Junín,Web,1,65,0.0,65.0,10.05,Transferencia
V01908,2025-06-24,C0367,Profesional,Casco de seguridad,Seguridad,Lima,Web,6,35,0.05,199.5,62.97,Efectivo
V01909,2024-10-21,C0046,Hogar,Tubo PVC 1/2,Plomería,La Libertad,Tienda,2,8,0.0,16.0,3.4,Tarjeta
V01910,2025-10-17,C0202,Hogar,Tubo PVC 1/2,Plomería,Lima,Web,7,8,0.03,54.32,9.4,Transferencia
V01911,2025-07-10,C0339,Empresa,Cable eléctrico 10m,Electricidad,Arequipa,Tienda,1,42,0.05,39.9,5.11,Efectivo
V01912,2024-05-06,C0130,Profesional,Casco de seguridad,Seguridad,Arequipa,Tienda,6,35,0.08,193.2,59.92,Yape
V01913,2025-12-05,C0424,Profesional,Cemento 42.5kg,Construcción,Cusco,App,5,32,0.03,155.2,27.1,Efectivo
V01914,2024-03-13,C0033,Empresa,Pintura látex 4L,Pinturas,Lima,Tienda,7,95,0.08,611.8,87.67,Tarjeta
V01915,2024-05-14,C0234,Hogar,Martillo profesional,Herramientas,Lima,Tienda,5,65,0.0,325.0,55.11,Transferencia
V01916,2024-12-10,C0059,Hogar,Taladro inalámbrico,Herramientas,La Libertad,Tienda,4,260,0.0,1040.0,263.62,Efectivo
V01917,2025-11-01,C0150,Empresa,Martillo profesional,Herramientas,La Libertad,Tienda,6,65,0.03,378.3,64.96,Yape
V01918,2024-03-29,C0496,Profesional,Cemento 42.5kg,Construcción,Cusco,Tienda,4,32,0.03,124.16,36.48,Plin
V01919,2024-10-12,C0485,Empresa,Taladro inalámbrico,Herramientas,Piura,Tienda,7,260,0.05,1729.0,275.19,Plin
V01920,2025-04-30,C0166,Hogar,Foco LED,Electricidad,Junín,Tienda,5,15,0.08,69.0,15.85,Yape
V01921,2024-01-25,C0418,Hogar,Martillo profesional,Herramientas,Junín,Marketplace,6,65,0.0,390.0,80.98,Yape
V01922,2024-04-09,C0207,Profesional,Casco de seguridad,Seguridad,Lima,Web,1,35,0.08,32.2,4.3,Yape
V01923,2024-02-21,C0399,Profesional,Cemento 42.5kg,Construcción,Lima,Tienda,2,32,0.05,60.8,9.1,Plin
V01924,2024-07-28,C0339,Hogar,Martillo profesional,Herramientas,La Libertad,App,4,65,0.05,247.0,44.08,Yape
V01925,2025-08-29,C0365,Hogar,Foco LED,Electricidad,La Libertad,Web,2,15,0.0,30.0,7.9,Tarjeta
V01926,2025-01-14,C0378,Empresa,Cemento 42.5kg,Construcción,Cusco,Tienda,5,32,0.05,152.0,39.88,Yape
V01927,2025-03-19,C0437,Hogar,Alicate,Herramientas,La Libertad,Web,2,38,0.0,76.0,15.71,Tarjeta
V01928,2025-01-15,C0412,Hogar,Taladro inalámbrico,Herramientas,Junín,Web,7,260,0.0,1820.0,529.86,Transferencia
V01929,2025-10-05,C0354,Profesional,Cemento 42.5kg,Construcción,Arequipa,Web,2,32,0.03,62.08,8.75,Yape
V01930,2024-04-17,C0068,Profesional,Casco de seguridad,Seguridad,Cusco,App,2,35,0.0,70.0,18.62,Yape
V01931,2024-08-27,C0256,Hogar,Llave de paso,Plomería,Lima,Tienda,3,28,0.03,81.48,23.23,Efectivo
V01932,2025-02-26,C0305,Profesional,Cable eléctrico 10m,Electricidad,Lima,Tienda,1,42,0.03,40.74,10.03,Plin
V01933,2025-01-03,C0053,Profesional,Casco de seguridad,Seguridad,La Libertad,App,2,35,0.0,70.0,19.73,Plin
V01934,2024-03-18,C0287,Profesional,Llave de paso,Plomería,Lima,Marketplace,1,28,0.0,28.0,8.96,Transferencia
V01935,2025-09-15,C0489,Hogar,Pintura látex 4L,Pinturas,Lima,Tienda,2,95,0.1,171.0,24.61,Yape
V01936,2024-03-22,C0163,Hogar,Cable eléctrico 10m,Electricidad,La Libertad,App,6,42,0.1,226.8,42.03,Tarjeta
V01937,2025-09-23,C0060,Profesional,Taladro inalámbrico,Herramientas,Lima,Marketplace,1,260,0.1,234.0,75.82,Efectivo
V01938,2024-07-20,C0398,Hogar,Cemento 42.5kg,Construcción,Junín,App,6,32,0.0,192.0,25.93,Transferencia
V01939,2025-12-24,C0436,Hogar,Tubo PVC 1/2,Plomería,Lima,Marketplace,3,8,0.0,24.0,4.92,Tarjeta
V01940,2025-08-28,C0206,Empresa,Pintura látex 4L,Pinturas,La Libertad,Tienda,5,95,0.05,451.25,136.46,Efectivo
V01941,2024-06-12,C0320,Profesional,Pintura látex 4L,Pinturas,La Libertad,Web,3,95,0.03,276.45,73.27,Efectivo
V01942,2025-08-03,C0022,Profesional,Pintura látex 4L,Pinturas,Arequipa,Tienda,6,95,0.05,541.5,126.71,Transferencia
V01943,2024-11-18,C0412,Hogar,Foco LED,Electricidad,Arequipa,Web,6,15,0.05,85.5,16.36,Transferencia
V01944,2024-03-18,C0100,Profesional,Pintura látex 4L,Pinturas,Arequipa,Marketplace,1,95,0.03,92.15,15.57,Tarjeta
V01945,2024-06-12,C0244,Profesional,Casco de seguridad,Seguridad,Junín,Marketplace,3,35,0.03,101.85,32.84,Transferencia
V01946,2024-11-23,C0005,Profesional,Pintura látex 4L,Pinturas,Junín,Web,1,95,0.0,95.0,32.17,Transferencia
V01947,2024-08-05,C0308,Profesional,Casco de seguridad,Seguridad,Arequipa,Marketplace,6,35,0.1,189.0,24.63,Yape
V01948,2024-07-26,C0472,Hogar,Foco LED,Electricidad,Cusco,Tienda,4,15,0.0,60.0,18.48,Transferencia
V01949,2025-01-06,C0071,Hogar,Taladro inalámbrico,Herramientas,Junín,Tienda,1,260,0.03,252.2,77.7,Transferencia
V01950,2025-11-01,C0312,Profesional,Llave de paso,Plomería,La Libertad,Web,2,28,0.0,56.0,16.51,Tarjeta
V01951,2024-03-02,C0191,Hogar,Foco LED,Electricidad,Arequipa,Marketplace,6,15,0.03,87.3,13.73,Tarjeta
V01952,2025-11-16,C0306,Profesional,Cemento 42.5kg,Construcción,La Libertad,Tienda,4,32,0.05,121.6,17.83,Efectivo
V01953,2025-01-18,C0464,Profesional,Casco de seguridad,Seguridad,Lima,Marketplace,6,35,0.03,203.7,50.39,Transferencia
V01954,2024-08-08,C0276,Empresa,Cemento 42.5kg,Construcción,Piura,Tienda,7,32,0.0,224.0,36.53,Plin
V01955,2024-06-02,C0075,Hogar,Pintura látex 4L,Pinturas,Cusco,Tienda,4,95,0.0,380.0,60.41,Transferencia
V01956,2024-08-25,C0197,Hogar,Casco de seguridad,Seguridad,La Libertad,App,2,35,0.05,66.5,12.71,Tarjeta
V01957,2024-04-05,C0166,Hogar,Martillo profesional,Herramientas,Arequipa,Tienda,1,65,0.0,65.0,10.52,Yape
V01958,2025-02-27,C0048,Profesional,Martillo profesional,Herramientas,Piura,App,1,65,0.08,59.8,11.2,Tarjeta
V01959,2025-01-28,C0080,Hogar,Tubo PVC 1/2,Plomería,La Libertad,Marketplace,1,8,0.05,7.6,2.49,Transferencia
V01960,2024-03-27,C0321,Hogar,Foco LED,Electricidad,Junín,Tienda,3,15,0.05,42.75,6.56,Transferencia
V01961,2025-05-01,C0374,Profesional,Cable eléctrico 10m,Electricidad,Junín,Web,4,42,0.0,168.0,45.36,Efectivo
V01962,2025-07-25,C0308,Hogar,Alicate,Herramientas,Cusco,App,5,38,0.0,190.0,60.63,Plin
V01963,2024-10-01,C0186,Empresa,Tubo PVC 1/2,Plomería,Lima,Web,6,8,0.08,44.16,10.26,Transferencia
V01964,2025-09-13,C0277,Empresa,Cable eléctrico 10m,Electricidad,Junín,Web,5,42,0.05,199.5,55.24,Efectivo
V01965,2025-01-19,C0262,Empresa,Alicate,Herramientas,Piura,Tienda,2,38,0.05,72.2,18.52,Tarjeta
V01966,2025-07-22,C0097,Hogar,Martillo profesional,Herramientas,Arequipa,Web,7,65,0.1,409.5,87.51,Plin
V01967,2024-09-30,C0311,Profesional,Casco de seguridad,Seguridad,Lima,Tienda,2,35,0.03,67.9,17.94,Yape
V01968,2024-08-20,C0304,Profesional,Brocha 3 pulgadas,Pinturas,Piura,Tienda,3,18,0.1,48.6,10.06,Efectivo
V01969,2024-08-18,C0298,Hogar,Pintura látex 4L,Pinturas,Junín,App,4,95,0.08,349.6,54.33,Efectivo
V01970,2025-07-10,C0281,Hogar,Foco LED,Electricidad,Junín,Web,1,15,0.08,13.8,3.79,Tarjeta
V01971,2024-07-24,C0319,Hogar,Casco de seguridad,Seguridad,Arequipa,Tienda,4,35,0.08,128.8,22.89,Transferencia
V01972,2024-03-31,C0159,Profesional,Alicate,Herramientas,Cusco,Web,3,38,0.0,114.0,28.88,Tarjeta
V01973,2024-12-03,C0155,Profesional,Brocha 3 pulgadas,Pinturas,Cusco,Tienda,5,18,0.0,90.0,11.51,Efectivo
V01974,2025-08-06,C0259,Empresa,Brocha 3 pulgadas,Pinturas,Piura,App,5,18,0.05,85.5,22.85,Plin
V01975,2024-01-27,C0456,Hogar,Guantes de trabajo,Seguridad,Lima,Tienda,2,22,0.08,40.48,13.73,Efectivo
V01976,2024-09-21,C0207,Hogar,Alicate,Herramientas,La Libertad,Tienda,5,38,0.03,184.3,48.82,Yape
V01977,2024-09-01,C0395,Profesional,Casco de seguridad,Seguridad,Piura,Web,3,35,0.08,96.6,27.28,Yape
V01978,2024-02-04,C0361,Profesional,Martillo profesional,Herramientas,Arequipa,Tienda,4,65,0.0,260.0,65.41,Transferencia
V01979,2024-08-16,C0123,Profesional,Tubo PVC 1/2,Plomería,Arequipa,Tienda,6,8,0.0,48.0,15.02,Plin
V01980,2024-04-11,C0457,Hogar,Brocha 3 pulgadas,Pinturas,Junín,Marketplace,3,18,0.0,54.0,13.25,Plin
V01981,2025-09-01,C0221,Hogar,Martillo profesional,Herramientas,Arequipa,Web,4,65,0.08,239.2,52.19,Tarjeta
V01982,2024-05-27,C0180,Hogar,Tubo PVC 1/2,Plomería,Cusco,Marketplace,6,8,0.0,48.0,15.37,Efectivo
V01983,2025-12-02,C0136,Profesional,Tubo PVC 1/2,Plomería,Lima,App,4,8,0.03,31.04,4.9,Yape
V01984,2025-01-17,C0252,Profesional,Guantes de trabajo,Seguridad,Arequipa,Marketplace,2,22,0.05,41.8,8.25,Efectivo
V01985,2025-02-10,C0447,Empresa,Tubo PVC 1/2,Plomería,Arequipa,Tienda,5,8,0.0,40.0,12.89,Plin
V01986,2025-08-13,C0196,Profesional,Cemento 42.5kg,Construcción,Arequipa,App,6,32,0.03,186.24,36.47,Yape
V01987,2024-03-08,C0469,Hogar,Foco LED,Electricidad,Arequipa,Web,5,15,0.05,71.25,9.4,Plin
V01988,2024-05-06,C0437,Hogar,Alicate,Herramientas,La Libertad,Web,3,38,0.05,108.3,13.33,Efectivo
V01989,2024-01-02,C0477,Profesional,Alicate,Herramientas,Cusco,Web,1,38,0.05,36.1,6.96,Plin
V01990,2025-11-29,C0199,Hogar,Brocha 3 pulgadas,Pinturas,Junín,Web,7,18,0.05,119.7,27.9,Transferencia
V01991,2025-10-08,C0239,Profesional,Cable eléctrico 10m,Electricidad,Cusco,Marketplace,6,42,0.05,239.4,59.4,Plin
V01992,2025-07-26,C0385,Hogar,Llave de paso,Plomería,Arequipa,Tienda,3,28,0.05,79.8,25.25,Transferencia
V01993,2025-06-02,C0012,Empresa,Taladro inalámbrico,Herramientas,La Libertad,Marketplace,1,260,0.08,239.2,71.22,Plin
V01994,2025-08-30,C0487,Profesional,Pintura látex 4L,Pinturas,Piura,Tienda,6,95,0.1,513.0,155.61,Yape
V01995,2025-03-10,C0103,Empresa,Tubo PVC 1/2,Plomería,Cusco,App,6,8,0.0,48.0,15.58,Plin
V01996,2024-02-21,C0114,Profesional,Foco LED,Electricidad,Piura,Tienda,7,15,0.03,101.85,27.83,Efectivo
V01997,2025-09-20,C0410,Hogar,Cemento 42.5kg,Construcción,Cusco,Marketplace,1,32,0.03,31.04,4.89,Efectivo
V01998,2024-04-04,C0404,Profesional,Cemento 42.5kg,Construcción,Junín,Tienda,7,32,0.05,212.8,38.06,Efectivo
V01999,2025-04-15,C0111,Profesional,Llave de paso,Plomería,Junín,Web,1,28,0.1,25.2,7.67,Tarjeta
V02000,2025-03-19,C0138,Profesional,Guantes de trabajo,Seguridad,Lima,Web,3,22,0.03,64.02,11.13,Yape
V02001,2025-12-07,C0121,Hogar,Cemento 42.5kg,Construcción,La Libertad,Marketplace,5,32,0.05,152.0,40.88,Efectivo
V02002,2024-05-02,C0448,Hogar,Cable eléctrico 10m,Electricidad,Arequipa,Marketplace,7,42,0.1,264.6,68.65,Transferencia
V02003,2025-03-29,C0146,Hogar,Brocha 3 pulgadas,Pinturas,Junín,App,6,18,0.03,104.76,21.28,Efectivo
V02004,2024-08-29,C0279,Hogar,Taladro inalámbrico,Herramientas,Junín,App,2,260,0.05,494.0,100.51,Plin
V02005,2024-09-12,C0346,Hogar,Foco LED,Electricidad,La Libertad,Web,6,15,0.08,82.8,17.06,Plin
V02006,2024-05-03,C0423,Hogar,Cable eléctrico 10m,Electricidad,Lima,App,5,42,0.1,189.0,35.35,Plin
V02007,2024-09-11,C0139,Empresa,Brocha 3 pulgadas,Pinturas,Piura,Web,6,18,0.08,99.36,29.74,Efectivo
V02008,2024-12-17,C0476,Profesional,Martillo profesional,Herramientas,Lima,Tienda,1,65,0.03,63.05,19.16,Yape
V02009,2025-10-29,C0053,Hogar,Casco de seguridad,Seguridad,La Libertad,App,4,35,0.03,135.8,19.97,Yape
V02010,2024-09-24,C0481,Profesional,Foco LED,Electricidad,Junín,App,3,15,0.03,43.65,10.98,Transferencia
V02011,2024-01-26,C0284,Profesional,Llave de paso,Plomería,Lima,Tienda,6,28,0.05,159.6,36.58,Yape
V02012,2025-02-21,C0250,Hogar,Foco LED,Electricidad,Piura,Tienda,3,15,0.03,43.65,10.8,Yape
V02013,2024-02-12,C0043,Profesional,Guantes de trabajo,Seguridad,Junín,Web,5,22,0.03,106.7,12.99,Tarjeta
V02014,2025-02-09,C0016,Hogar,Cemento 42.5kg,Construcción,Junín,Tienda,5,32,0.1,144.0,38.05,Transferencia
V02015,2024-12-17,C0121,Empresa,Alicate,Herramientas,Arequipa,Marketplace,7,38,0.05,252.7,35.46,Efectivo
V02016,2024-05-06,C0193,Profesional,Pintura látex 4L,Pinturas,La Libertad,Web,3,95,0.08,262.2,44.28,Efectivo
V02017,2024-03-08,C0032,Empresa,Foco LED,Electricidad,Arequipa,App,4,15,0.0,60.0,12.52,Tarjeta
V02018,2024-07-12,C0201,Profesional,Cemento 42.5kg,Construcción,Junín,Marketplace,2,32,0.05,60.8,11.06,Transferencia
V02019,2024-10-23,C0146,Empresa,Alicate,Herramientas,Lima,App,3,38,0.05,108.3,34.48,Efectivo
V02020,2024-11-30,C0299,Empresa,Foco LED,Electricidad,Lima,App,4,15,0.05,57.0,12.87,Yape
V02021,2024-01-29,C0397,Profesional,Tubo PVC 1/2,Plomería,La Libertad,Tienda,4,8,0.0,32.0,8.37,Efectivo
V02022,2025-02-14,C0137,Hogar,Cemento 42.5kg,Construcción,Junín,Tienda,7,32,0.05,212.8,63.14,Efectivo
V02023,2025-05-13,C0426,Profesional,Casco de seguridad,Seguridad,La Libertad,Web,3,35,0.08,96.6,27.4,Efectivo
V02024,2025-10-19,C0052,Hogar,Foco LED,Electricidad,La Libertad,App,5,15,0.08,69.0,18.93,Plin
V02025,2024-04-29,C0133,Profesional,Pintura látex 4L,Pinturas,Arequipa,Tienda,4,95,0.08,349.6,106.37,Plin
V02026,2025-10-14,C0231,Hogar,Cemento 42.5kg,Construcción,Lima,App,4,32,0.05,121.6,36.46,Plin
V02027,2025-02-03,C0078,Hogar,Tubo PVC 1/2,Plomería,Junín,App,4,8,0.03,31.04,10.01,Plin
V02028,2024-09-05,C0361,Empresa,Casco de seguridad,Seguridad,Arequipa,App,6,35,0.0,210.0,61.79,Efectivo
V02029,2024-06-04,C0300,Profesional,Foco LED,Electricidad,Arequipa,Marketplace,2,15,0.03,29.1,9.49,Efectivo
V02030,2025-08-28,C0379,Empresa,Llave de paso,Plomería,Lima,Tienda,6,28,0.08,154.56,22.42,Tarjeta
V02031,2025-11-07,C0134,Hogar,Pintura látex 4L,Pinturas,Junín,Marketplace,6,95,0.05,541.5,75.3,Yape
V02032,2024-09-21,C0214,Hogar,Martillo profesional,Herramientas,Junín,Marketplace,5,65,0.05,308.75,37.97,Efectivo
V02033,2025-07-01,C0163,Profesional,Taladro inalámbrico,Herramientas,Junín,Marketplace,3,260,0.1,702.0,86.46,Yape
V02034,2024-07-27,C0099,Hogar,Cable eléctrico 10m,Electricidad,Arequipa,Web,2,42,0.08,77.28,12.7,Efectivo
V02035,2024-05-28,C0034,Profesional,Tubo PVC 1/2,Plomería,La Libertad,Tienda,5,8,0.0,40.0,5.3,Yape
V02036,2024-07-27,C0003,Hogar,Cemento 42.5kg,Construcción,Lima,Tienda,5,32,0.05,152.0,31.97,Transferencia
V02037,2025-08-07,C0476,Hogar,Casco de seguridad,Seguridad,Piura,Tienda,5,35,0.0,175.0,55.96,Plin
V02038,2024-12-31,C0102,Hogar,Brocha 3 pulgadas,Pinturas,Cusco,Web,6,18,0.05,102.6,26.11,Transferencia
V02039,2024-05-26,C0270,Empresa,Casco de seguridad,Seguridad,La Libertad,Marketplace,6,35,0.08,193.2,50.01,Efectivo
V02040,2025-09-13,C0345,Hogar,Martillo profesional,Herramientas,La Libertad,Web,7,65,0.03,441.35,122.57,Transferencia
V02041,2024-05-30,C0349,Profesional,Casco de seguridad,Seguridad,La Libertad,Web,4,35,0.0,140.0,39.74,Tarjeta
V02042,2024-11-01,C0442,Hogar,Tubo PVC 1/2,Plomería,Cusco,Marketplace,1,8,0.03,7.76,1.57,Plin
V02043,2024-05-05,C0183,Hogar,Llave de paso,Plomería,Lima,Marketplace,3,28,0.08,77.28,11.59,Plin
V02044,2024-09-28,C0466,Profesional,Alicate,Herramientas,Piura,Marketplace,5,38,0.05,180.5,32.71,Yape
V02045,2025-05-24,C0090,Profesional,Alicate,Herramientas,Junín,Marketplace,3,38,0.03,110.58,14.12,Plin
V02046,2025-12-26,C0311,Profesional,Llave de paso,Plomería,Junín,App,1,28,0.05,26.6,7.41,Plin
V02047,2025-06-20,C0318,Hogar,Alicate,Herramientas,Junín,Marketplace,7,38,0.03,258.02,57.05,Tarjeta
V02048,2025-09-20,C0039,Hogar,Casco de seguridad,Seguridad,La Libertad,Tienda,2,35,0.0,70.0,17.93,Tarjeta
V02049,2025-11-05,C0214,Profesional,Tubo PVC 1/2,Plomería,Piura,Web,4,8,0.08,29.44,5.75,Yape
V02050,2025-04-02,C0006,Empresa,Martillo profesional,Herramientas,La Libertad,Marketplace,3,65,0.03,189.15,38.86,Efectivo
V02051,2025-10-06,C0048,Empresa,Cemento 42.5kg,Construcción,Arequipa,Tienda,1,32,0.08,29.44,7.24,Transferencia
V02052,2025-04-04,C0080,Hogar,Foco LED,Electricidad,Junín,Web,7,15,0.0,105.0,23.1,Efectivo
V02053,2024-05-14,C0459,Empresa,Llave de paso,Plomería,Arequipa,Web,2,28,0.08,51.52,16.1,Efectivo
V02054,2024-06-05,C0085,Hogar,Guantes de trabajo,Seguridad,Piura,Web,3,22,0.1,59.4,8.73,Yape
V02055,2025-08-13,C0212,Profesional,Martillo profesional,Herramientas,Arequipa,Tienda,7,65,0.05,432.25,104.54,Tarjeta
V02056,2025-12-14,C0167,Hogar,Tubo PVC 1/2,Plomería,Arequipa,Web,5,8,0.05,38.0,7.97,Transferencia
V02057,2025-12-09,C0110,Profesional,Brocha 3 pulgadas,Pinturas,Piura,Tienda,4,18,0.08,66.24,18.7,Tarjeta
V02058,2025-08-27,C0450,Profesional,Tubo PVC 1/2,Plomería,Junín,Marketplace,5,8,0.0,40.0,7.27,Efectivo
V02059,2024-06-20,C0349,Hogar,Alicate,Herramientas,Lima,Tienda,3,38,0.05,108.3,22.02,Tarjeta
V02060,2025-08-03,C0429,Profesional,Casco de seguridad,Seguridad,Arequipa,Tienda,6,35,0.0,210.0,52.89,Plin
V02061,2024-07-01,C0472,Hogar,Pintura látex 4L,Pinturas,Piura,Tienda,7,95,0.05,631.75,132.16,Plin
V02062,2025-11-28,C0170,Profesional,Llave de paso,Plomería,Cusco,Marketplace,1,28,0.03,27.16,7.44,Efectivo
V02063,2025-07-02,C0350,Hogar,Tubo PVC 1/2,Plomería,La Libertad,Tienda,1,8,0.08,7.36,1.12,Transferencia
V02064,2024-06-09,C0308,Hogar,Guantes de trabajo,Seguridad,Arequipa,App,5,22,0.0,110.0,17.31,Transferencia
V02065,2024-01-22,C0456,Hogar,Pintura látex 4L,Pinturas,Arequipa,App,5,95,0.05,451.25,132.97,Plin
V02066,2025-10-23,C0287,Hogar,Foco LED,Electricidad,La Libertad,Web,2,15,0.03,29.1,5.2,Transferencia
V02067,2025-11-12,C0333,Hogar,Casco de seguridad,Seguridad,Arequipa,Tienda,5,35,0.03,169.75,49.03,Yape
V02068,2025-01-12,C0071,Hogar,Guantes de trabajo,Seguridad,Lima,App,7,22,0.03,149.38,18.58,Plin
V02069,2025-05-15,C0235,Profesional,Foco LED,Electricidad,Piura,Marketplace,4,15,0.08,55.2,7.2,Transferencia
V02070,2024-10-24,C0085,Profesional,Brocha 3 pulgadas,Pinturas,Piura,Tienda,2,18,0.05,34.2,9.2,Yape
V02071,2024-06-24,C0447,Hogar,Casco de seguridad,Seguridad,Cusco,Marketplace,6,35,0.05,199.5,62.72,Transferencia
V02072,2024-06-24,C0052,Empresa,Pintura látex 4L,Pinturas,Lima,Marketplace,2,95,0.05,180.5,57.8,Plin
V02073,2024-11-27,C0034,Profesional,Pintura látex 4L,Pinturas,La Libertad,Marketplace,5,95,0.05,451.25,130.89,Efectivo
V02074,2025-12-25,C0277,Profesional,Taladro inalámbrico,Herramientas,Junín,Tienda,7,260,0.05,1729.0,448.37,Transferencia
V02075,2024-08-06,C0151,Hogar,Cable eléctrico 10m,Electricidad,Arequipa,Marketplace,1,42,0.05,39.9,7.55,Efectivo
V02076,2024-07-28,C0109,Hogar,Foco LED,Electricidad,Lima,Tienda,5,15,0.1,67.5,21.23,Yape
V02077,2024-03-31,C0307,Hogar,Brocha 3 pulgadas,Pinturas,Arequipa,Marketplace,5,18,0.03,87.3,28.01,Efectivo
V02078,2025-11-02,C0301,Empresa,Alicate,Herramientas,Lima,Web,6,38,0.08,209.76,70.27,Tarjeta
V02079,2024-11-12,C0011,Hogar,Brocha 3 pulgadas,Pinturas,Piura,Web,4,18,0.0,72.0,10.02,Tarjeta
V02080,2025-06-25,C0016,Profesional,Alicate,Herramientas,Cusco,Tienda,6,38,0.05,216.6,58.1,Tarjeta
V02081,2024-01-14,C0392,Profesional,Foco LED,Electricidad,Lima,Web,4,15,0.1,54.0,18.34,Plin
V02082,2024-02-28,C0490,Hogar,Pintura látex 4L,Pinturas,La Libertad,Tienda,2,95,0.03,184.3,62.04,Yape
V02083,2025-09-19,C0038,Hogar,Martillo profesional,Herramientas,La Libertad,App,4,65,0.0,260.0,68.29,Yape
V02084,2024-12-05,C0395,Hogar,Cemento 42.5kg,Construcción,Junín,Tienda,3,32,0.05,91.2,24.12,Transferencia
V02085,2024-11-15,C0492,Profesional,Cemento 42.5kg,Construcción,Junín,Tienda,5,32,0.05,152.0,49.23,Efectivo
V02086,2025-03-21,C0262,Profesional,Taladro inalámbrico,Herramientas,La Libertad,Marketplace,5,260,0.0,1300.0,235.21,Transferencia
V02087,2025-06-26,C0425,Hogar,Tubo PVC 1/2,Plomería,Junín,App,4,8,0.1,28.8,9.08,Plin
V02088,2025-04-08,C0172,Hogar,Brocha 3 pulgadas,Pinturas,Cusco,Tienda,7,18,0.0,126.0,24.19,Efectivo
V02089,2025-01-02,C0073,Profesional,Cemento 42.5kg,Construcción,La Libertad,Marketplace,3,32,0.05,91.2,19.1,Plin
V02090,2025-04-16,C0381,Profesional,Cemento 42.5kg,Construcción,Lima,Web,6,32,0.1,172.8,27.82,Transferencia
V02091,2025-05-17,C0408,Hogar,Cable eléctrico 10m,Electricidad,Arequipa,App,2,42,0.0,84.0,25.57,Transferencia
V02092,2025-09-22,C0322,Profesional,Cable eléctrico 10m,Electricidad,Cusco,App,4,42,0.03,162.96,51.14,Transferencia
V02093,2024-09-07,C0419,Empresa,Pintura látex 4L,Pinturas,La Libertad,Web,2,95,0.1,171.0,31.27,Transferencia
V02094,2025-09-21,C0041,Hogar,Brocha 3 pulgadas,Pinturas,La Libertad,Tienda,1,18,0.03,17.46,4.44,Efectivo
V02095,2024-09-21,C0237,Profesional,Cemento 42.5kg,Construcción,Junín,Tienda,3,32,0.03,93.12,24.41,Plin
V02096,2025-11-14,C0057,Hogar,Cable eléctrico 10m,Electricidad,Lima,Tienda,4,42,0.0,168.0,50.72,Plin
V02097,2024-08-14,C0045,Profesional,Tubo PVC 1/2,Plomería,Cusco,Tienda,4,8,0.05,30.4,10.02,Transferencia
V02098,2025-02-21,C0468,Profesional,Guantes de trabajo,Seguridad,Cusco,Marketplace,5,22,0.08,101.2,29.68,Yape
V02099,2024-04-28,C0437,Empresa,Guantes de trabajo,Seguridad,Cusco,App,2,22,0.05,41.8,12.06,Tarjeta
V02100,2024-06-25,C0091,Profesional,Cemento 42.5kg,Construcción,La Libertad,Web,2,32,0.08,58.88,16.14,Plin
V02101,2024-03-08,C0009,Hogar,Brocha 3 pulgadas,Pinturas,Arequipa,Tienda,7,18,0.05,119.7,29.86,Tarjeta
V02102,2025-12-24,C0090,Profesional,Llave de paso,Plomería,Junín,Tienda,3,28,0.05,79.8,21.69,Efectivo
V02103,2025-12-09,C0371,Hogar,Pintura látex 4L,Pinturas,Piura,Marketplace,5,95,0.0,475.0,112.5,Yape
V02104,2024-02-09,C0082,Profesional,Guantes de trabajo,Seguridad,La Libertad,Tienda,2,22,0.05,41.8,10.65,Plin
V02105,2025-07-12,C0109,Hogar,Alicate,Herramientas,Piura,App,7,38,0.05,252.7,71.75,Transferencia
V02106,2025-07-21,C0175,Profesional,Cemento 42.5kg,Construcción,Cusco,Web,2,32,0.05,60.8,14.05,Transferencia
V02107,2025-08-28,C0410,Hogar,Guantes de trabajo,Seguridad,Cusco,Marketplace,6,22,0.05,125.4,40.94,Plin
V02108,2025-04-20,C0183,Empresa,Guantes de trabajo,Seguridad,Cusco,App,7,22,0.0,154.0,27.77,Efectivo
V02109,2024-02-13,C0212,Hogar,Taladro inalámbrico,Herramientas,La Libertad,Web,2,260,0.08,478.4,60.87,Plin
V02110,2025-07-25,C0039,Profesional,Tubo PVC 1/2,Plomería,Piura,Tienda,2,8,0.0,16.0,4.75,Tarjeta
V02111,2024-01-01,C0150,Profesional,Brocha 3 pulgadas,Pinturas,La Libertad,App,2,18,0.05,34.2,7.54,Tarjeta
V02112,2025-09-06,C0279,Profesional,Tubo PVC 1/2,Plomería,Piura,App,2,8,0.1,14.4,1.75,Plin
V02113,2024-01-25,C0445,Profesional,Foco LED,Electricidad,Cusco,App,1,15,0.03,14.55,4.51,Plin
V02114,2024-11-26,C0208,Profesional,Martillo profesional,Herramientas,Piura,Tienda,6,65,0.08,358.8,109.67,Plin
V02115,2024-02-01,C0339,Hogar,Pintura látex 4L,Pinturas,Junín,Web,6,95,0.05,541.5,71.89,Tarjeta
V02116,2025-08-04,C0289,Hogar,Cemento 42.5kg,Construcción,Piura,Tienda,6,32,0.05,182.4,22.11,Efectivo
V02117,2024-10-27,C0226,Profesional,Cable eléctrico 10m,Electricidad,Lima,Web,7,42,0.0,294.0,41.57,Efectivo
V02118,2025-02-20,C0191,Empresa,Pintura látex 4L,Pinturas,Junín,App,3,95,0.0,285.0,70.8,Plin
V02119,2024-02-16,C0447,Hogar,Alicate,Herramientas,Piura,Marketplace,6,38,0.0,228.0,49.47,Plin
V02120,2024-01-21,C0297,Hogar,Martillo profesional,Herramientas,La Libertad,Tienda,2,65,0.08,119.6,24.8,Plin
V02121,2024-07-20,C0308,Hogar,Tubo PVC 1/2,Plomería,Lima,Tienda,1,8,0.03,7.76,1.5,Tarjeta
V02122,2025-09-10,C0299,Profesional,Casco de seguridad,Seguridad,La Libertad,Tienda,4,35,0.0,140.0,21.04,Transferencia
V02123,2024-04-02,C0107,Hogar,Llave de paso,Plomería,Arequipa,Tienda,6,28,0.05,159.6,40.73,Plin
V02124,2025-02-26,C0076,Hogar,Cemento 42.5kg,Construcción,Arequipa,Tienda,5,32,0.03,155.2,23.81,Plin
V02125,2025-02-27,C0468,Empresa,Foco LED,Electricidad,La Libertad,Tienda,4,15,0.03,58.2,14.06,Plin
V02126,2024-05-16,C0050,Profesional,Taladro inalámbrico,Herramientas,Junín,App,5,260,0.1,1170.0,266.41,Tarjeta
V02127,2024-10-25,C0345,Profesional,Foco LED,Electricidad,Junín,Marketplace,1,15,0.0,15.0,4.38,Efectivo
V02128,2025-04-17,C0086,Profesional,Foco LED,Electricidad,La Libertad,Marketplace,4,15,0.1,54.0,10.73,Plin
V02129,2024-08-30,C0302,Profesional,Pintura látex 4L,Pinturas,La Libertad,Tienda,1,95,0.0,95.0,12.24,Plin
V02130,2025-06-05,C0327,Hogar,Guantes de trabajo,Seguridad,Lima,Web,3,22,0.03,64.02,16.75,Plin
V02131,2024-09-22,C0202,Hogar,Brocha 3 pulgadas,Pinturas,La Libertad,App,2,18,0.03,34.92,8.91,Yape
V02132,2025-09-12,C0237,Profesional,Martillo profesional,Herramientas,Junín,Tienda,2,65,0.08,119.6,26.64,Yape
V02133,2025-07-12,C0405,Profesional,Taladro inalámbrico,Herramientas,Arequipa,Tienda,1,260,0.05,247.0,55.18,Plin
V02134,2025-03-22,C0452,Hogar,Pintura látex 4L,Pinturas,Lima,Tienda,2,95,0.08,174.8,24.64,Plin
V02135,2024-05-07,C0459,Profesional,Alicate,Herramientas,Piura,App,6,38,0.0,228.0,55.75,Tarjeta
V02136,2024-09-10,C0407,Hogar,Martillo profesional,Herramientas,Junín,App,4,65,0.0,260.0,59.04,Transferencia
V02137,2024-02-27,C0185,Hogar,Martillo profesional,Herramientas,Piura,Marketplace,4,65,0.03,252.2,70.58,Yape
V02138,2025-10-06,C0028,Empresa,Brocha 3 pulgadas,Pinturas,Cusco,App,2,18,0.0,36.0,5.38,Plin
V02139,2024-10-21,C0481,Profesional,Casco de seguridad,Seguridad,Cusco,Web,6,35,0.03,203.7,60.25,Transferencia
V02140,2025-09-25,C0181,Profesional,Alicate,Herramientas,Junín,Web,6,38,0.0,228.0,64.96,Efectivo
V02141,2025-07-02,C0322,Empresa,Cemento 42.5kg,Construcción,Piura,Marketplace,1,32,0.05,30.4,9.86,Efectivo
V02142,2025-04-24,C0456,Hogar,Martillo profesional,Herramientas,Arequipa,Tienda,3,65,0.05,185.25,56.79,Tarjeta
V02143,2025-12-25,C0057,Hogar,Pintura látex 4L,Pinturas,Piura,Tienda,6,95,0.08,524.4,129.87,Efectivo
V02144,2025-02-15,C0247,Hogar,Guantes de trabajo,Seguridad,La Libertad,Marketplace,1,22,0.03,21.34,6.35,Yape
V02145,2024-05-07,C0153,Profesional,Cable eléctrico 10m,Electricidad,Junín,Web,4,42,0.03,162.96,25.04,Transferencia
V02146,2024-11-18,C0016,Hogar,Casco de seguridad,Seguridad,La Libertad,Marketplace,7,35,0.03,237.65,73.71,Efectivo
V02147,2024-11-11,C0354,Hogar,Casco de seguridad,Seguridad,Piura,Web,6,35,0.05,199.5,59.73,Plin
V02148,2025-06-03,C0089,Hogar,Cemento 42.5kg,Construcción,La Libertad,Tienda,5,32,0.08,147.2,33.01,Efectivo
V02149,2025-10-31,C0401,Hogar,Brocha 3 pulgadas,Pinturas,Junín,Tienda,7,18,0.0,126.0,25.98,Efectivo
V02150,2024-11-12,C0047,Hogar,Taladro inalámbrico,Herramientas,Junín,Marketplace,4,260,0.05,988.0,312.2,Transferencia
V02151,2025-01-17,C0283,Empresa,Llave de paso,Plomería,Piura,App,6,28,0.08,154.56,36.13,Efectivo
V02152,2024-08-28,C0147,Empresa,Tubo PVC 1/2,Plomería,Piura,Tienda,6,8,0.08,44.16,6.4,Plin
V02153,2025-09-08,C0407,Hogar,Cable eléctrico 10m,Electricidad,La Libertad,Tienda,4,42,0.05,159.6,48.23,Plin
V02154,2024-04-16,C0286,Profesional,Guantes de trabajo,Seguridad,Lima,App,7,22,0.0,154.0,39.65,Plin
V02155,2025-02-04,C0274,Hogar,Alicate,Herramientas,Cusco,Tienda,5,38,0.0,190.0,38.13,Transferencia
V02156,2024-03-27,C0092,Profesional,Tubo PVC 1/2,Plomería,Cusco,Web,6,8,0.0,48.0,13.88,Yape
V02157,2024-05-01,C0479,Profesional,Alicate,Herramientas,La Libertad,App,2,38,0.08,69.92,17.21,Transferencia
V02158,2024-12-26,C0372,Hogar,Taladro inalámbrico,Herramientas,Piura,Web,2,260,0.05,494.0,101.71,Plin
V02159,2025-11-12,C0425,Hogar,Cemento 42.5kg,Construcción,Piura,Marketplace,4,32,0.0,128.0,28.44,Yape
V02160,2024-02-02,C0033,Empresa,Cable eléctrico 10m,Electricidad,Piura,Tienda,7,42,0.0,294.0,69.58,Plin
V02161,2024-07-20,C0400,Profesional,Cemento 42.5kg,Construcción,Arequipa,App,2,32,0.05,60.8,9.24,Plin
V02162,2024-10-14,C0394,Hogar,Brocha 3 pulgadas,Pinturas,Cusco,Web,2,18,0.0,36.0,7.65,Transferencia
V02163,2025-05-23,C0125,Profesional,Cable eléctrico 10m,Electricidad,Cusco,Web,4,42,0.05,159.6,21.12,Plin
V02164,2024-12-11,C0181,Hogar,Cable eléctrico 10m,Electricidad,Lima,Marketplace,7,42,0.0,294.0,64.37,Efectivo
V02165,2024-07-17,C0491,Profesional,Tubo PVC 1/2,Plomería,La Libertad,Web,3,8,0.1,21.6,2.76,Yape
V02166,2024-06-28,C0315,Hogar,Alicate,Herramientas,Piura,Tienda,6,38,0.03,221.16,43.75,Tarjeta
V02167,2024-12-12,C0098,Hogar,Martillo profesional,Herramientas,Lima,Tienda,6,65,0.03,378.3,87.62,Transferencia
V02168,2025-05-27,C0191,Profesional,Cemento 42.5kg,Construcción,La Libertad,Marketplace,5,32,0.03,155.2,41.54,Tarjeta
V02169,2024-05-30,C0113,Profesional,Casco de seguridad,Seguridad,Lima,App,2,35,0.0,70.0,17.06,Efectivo
V02170,2024-10-31,C0020,Profesional,Casco de seguridad,Seguridad,Piura,Tienda,5,35,0.1,157.5,34.97,Yape
V02171,2025-11-29,C0152,Profesional,Pintura látex 4L,Pinturas,Piura,Marketplace,1,95,0.03,92.15,17.67,Transferencia
V02172,2024-07-21,C0050,Hogar,Martillo profesional,Herramientas,La Libertad,App,1,65,0.0,65.0,16.23,Transferencia
V02173,2024-10-14,C0430,Hogar,Cemento 42.5kg,Construcción,Piura,App,2,32,0.05,60.8,15.94,Transferencia
V02174,2024-08-11,C0138,Profesional,Pintura látex 4L,Pinturas,La Libertad,App,2,95,0.05,180.5,48.47,Plin
V02175,2024-12-15,C0324,Profesional,Foco LED,Electricidad,La Libertad,Web,1,15,0.05,14.25,2.29,Plin
V02176,2025-11-27,C0066,Profesional,Cemento 42.5kg,Construcción,Cusco,Marketplace,3,32,0.03,93.12,26.44,Transferencia
V02177,2024-06-28,C0457,Profesional,Pintura látex 4L,Pinturas,Junín,App,2,95,0.05,180.5,23.21,Transferencia
V02178,2024-01-11,C0046,Empresa,Martillo profesional,Herramientas,Cusco,Marketplace,2,65,0.05,123.5,36.58,Efectivo
V02179,2025-06-11,C0061,Profesional,Taladro inalámbrico,Herramientas,Piura,Marketplace,6,260,0.03,1513.2,375.19,Tarjeta
V02180,2024-12-26,C0356,Hogar,Guantes de trabajo,Seguridad,Junín,Tienda,2,22,0.0,44.0,5.97,Tarjeta
V02181,2025-02-17,C0131,Hogar,Cemento 42.5kg,Construcción,Cusco,Tienda,3,32,0.1,86.4,19.62,Tarjeta
V02182,2025-12-15,C0160,Profesional,Tubo PVC 1/2,Plomería,Lima,App,1,8,0.0,8.0,1.14,Tarjeta
V02183,2024-04-27,C0398,Empresa,Casco de seguridad,Seguridad,Arequipa,App,5,35,0.08,161.0,25.84,Efectivo
V02184,2024-09-12,C0107,Hogar,Alicate,Herramientas,Cusco,Tienda,1,38,0.1,34.2,10.24,Efectivo
V02185,2025-10-25,C0046,Profesional,Casco de seguridad,Seguridad,Lima,Marketplace,6,35,0.03,203.7,56.88,Plin
V02186,2025-03-19,C0040,Empresa,Brocha 3 pulgadas,Pinturas,Cusco,Tienda,2,18,0.0,36.0,5.87,Tarjeta
V02187,2025-04-06,C0337,Hogar,Cable eléctrico 10m,Electricidad,Lima,Web,6,42,0.0,252.0,42.56,Efectivo
V02188,2025-01-16,C0183,Profesional,Martillo profesional,Herramientas,Junín,Web,3,65,0.05,185.25,57.54,Plin
V02189,2024-08-25,C0048,Profesional,Llave de paso,Plomería,Junín,Tienda,6,28,0.0,168.0,36.97,Transferencia
V02190,2025-12-29,C0138,Hogar,Cemento 42.5kg,Construcción,Junín,Tienda,1,32,0.1,28.8,5.45,Plin
V02191,2024-07-25,C0283,Hogar,Llave de paso,Plomería,La Libertad,Web,6,28,0.05,159.6,19.29,Tarjeta
V02192,2024-02-12,C0105,Empresa,Foco LED,Electricidad,Piura,Tienda,2,15,0.08,27.6,6.79,Plin
V02193,2024-03-05,C0213,Profesional,Casco de seguridad,Seguridad,Piura,Tienda,4,35,0.1,126.0,26.88,Yape
V02194,2024-03-07,C0049,Hogar,Brocha 3 pulgadas,Pinturas,La Libertad,Tienda,5,18,0.08,82.8,23.34,Tarjeta
V02195,2025-07-27,C0239,Profesional,Casco de seguridad,Seguridad,Lima,App,5,35,0.03,169.75,51.76,Efectivo
V02196,2025-09-23,C0149,Hogar,Pintura látex 4L,Pinturas,Lima,Tienda,7,95,0.08,611.8,149.74,Efectivo
V02197,2024-07-27,C0166,Empresa,Alicate,Herramientas,Piura,Tienda,7,38,0.03,258.02,72.9,Tarjeta
V02198,2024-06-21,C0450,Profesional,Foco LED,Electricidad,Arequipa,Web,7,15,0.03,101.85,18.4,Tarjeta
V02199,2024-05-04,C0062,Profesional,Taladro inalámbrico,Herramientas,Junín,Marketplace,2,260,0.0,520.0,132.8,Yape
V02200,2024-03-05,C0412,Hogar,Guantes de trabajo,Seguridad,Piura,Tienda,4,22,0.0,88.0,28.5,Efectivo
V02201,2025-03-11,C0344,Profesional,Cable eléctrico 10m,Electricidad,Piura,Tienda,3,42,0.03,122.22,19.1,Efectivo
V02202,2024-02-08,C0474,Profesional,Brocha 3 pulgadas,Pinturas,Lima,App,2,18,0.03,34.92,5.31,Transferencia
V02203,2025-07-24,C0415,Hogar,Llave de paso,Plomería,Lima,Web,2,28,0.0,56.0,12.01,Tarjeta
V02204,2024-12-08,C0255,Hogar,Llave de paso,Plomería,Lima,App,2,28,0.05,53.2,6.56,Efectivo
V02205,2025-11-21,C0332,Empresa,Taladro inalámbrico,Herramientas,Piura,Tienda,1,260,0.08,239.2,70.34,Efectivo
V02206,2024-12-30,C0477,Profesional,Martillo profesional,Herramientas,La Libertad,Marketplace,3,65,0.03,189.15,43.71,Yape
V02207,2025-11-06,C0173,Profesional,Martillo profesional,Herramientas,Piura,Marketplace,5,65,0.03,315.25,100.7,Plin
V02208,2024-04-08,C0444,Hogar,Tubo PVC 1/2,Plomería,Piura,Marketplace,2,8,0.03,15.52,4.12,Yape
V02209,2025-10-02,C0235,Profesional,Brocha 3 pulgadas,Pinturas,Junín,App,6,18,0.03,104.76,20.81,Plin
V02210,2025-03-12,C0441,Hogar,Pintura látex 4L,Pinturas,Lima,Tienda,1,95,0.08,87.4,11.6,Tarjeta
V02211,2025-03-09,C0447,Profesional,Cable eléctrico 10m,Electricidad,Cusco,Tienda,2,42,0.03,81.48,21.53,Plin
V02212,2024-08-28,C0049,Hogar,Casco de seguridad,Seguridad,Lima,Tienda,6,35,0.0,210.0,39.11,Plin
V02213,2024-03-11,C0305,Hogar,Taladro inalámbrico,Herramientas,Junín,App,1,260,0.08,239.2,34.93,Efectivo
V02214,2024-04-24,C0150,Profesional,Brocha 3 pulgadas,Pinturas,Lima,Tienda,1,18,0.08,16.56,3.5,Transferencia
V02215,2024-08-11,C0479,Hogar,Llave de paso,Plomería,Lima,Tienda,3,28,0.0,84.0,21.05,Efectivo
V02216,2024-05-13,C0055,Hogar,Casco de seguridad,Seguridad,La Libertad,Web,6,35,0.1,189.0,51.29,Tarjeta
V02217,2024-12-21,C0135,Profesional,Guantes de trabajo,Seguridad,Lima,Tienda,7,22,0.03,149.38,23.28,Plin
V02218,2025-05-14,C0213,Hogar,Foco LED,Electricidad,Junín,App,6,15,0.0,90.0,23.14,Transferencia
V02219,2024-11-24,C0143,Empresa,Cemento 42.5kg,Construcción,Lima,Tienda,4,32,0.08,117.76,27.33,Efectivo
V02220,2025-03-08,C0260,Hogar,Guantes de trabajo,Seguridad,Lima,Marketplace,7,22,0.08,141.68,20.33,Plin
V02221,2024-10-11,C0271,Profesional,Foco LED,Electricidad,Piura,Web,3,15,0.05,42.75,7.27,Yape
V02222,2025-08-02,C0350,Hogar,Casco de seguridad,Seguridad,Cusco,Web,3,35,0.05,99.75,27.38,Plin
V02223,2024-07-06,C0125,Hogar,Casco de seguridad,Seguridad,Piura,Tienda,5,35,0.05,166.25,51.65,Efectivo
V02224,2025-01-10,C0283,Profesional,Tubo PVC 1/2,Plomería,Arequipa,Web,7,8,0.05,53.2,17.14,Transferencia
V02225,2025-08-17,C0476,Hogar,Brocha 3 pulgadas,Pinturas,Arequipa,Web,3,18,0.0,54.0,9.46,Transferencia
V02226,2024-02-11,C0292,Profesional,Llave de paso,Plomería,La Libertad,Tienda,3,28,0.1,75.6,9.85,Tarjeta
V02227,2024-01-22,C0313,Hogar,Llave de paso,Plomería,Arequipa,Tienda,5,28,0.0,140.0,41.47,Yape
V02228,2025-06-13,C0272,Profesional,Brocha 3 pulgadas,Pinturas,Piura,Tienda,6,18,0.05,102.6,12.38,Transferencia
V02229,2025-02-07,C0334,Hogar,Alicate,Herramientas,Arequipa,App,1,38,0.03,36.86,10.01,Yape
V02230,2025-11-15,C0120,Profesional,Casco de seguridad,Seguridad,La Libertad,Web,1,35,0.05,33.25,7.09,Yape
V02231,2025-05-25,C0016,Profesional,Foco LED,Electricidad,Junín,Marketplace,2,15,0.03,29.1,6.76,Transferencia
V02232,2024-08-29,C0446,Hogar,Alicate,Herramientas,Junín,App,2,38,0.0,76.0,14.22,Yape
V02233,2025-07-21,C0313,Profesional,Cemento 42.5kg,Construcción,Cusco,Web,1,32,0.05,30.4,6.66,Yape
V02234,2025-06-07,C0378,Empresa,Foco LED,Electricidad,Junín,Tienda,4,15,0.0,60.0,18.84,Transferencia
V02235,2024-12-15,C0206,Hogar,Taladro inalámbrico,Herramientas,Cusco,App,4,260,0.03,1008.8,129.01,Tarjeta
V02236,2024-08-25,C0303,Hogar,Martillo profesional,Herramientas,Piura,App,2,65,0.05,123.5,36.14,Transferencia
V02237,2024-09-01,C0304,Hogar,Cable eléctrico 10m,Electricidad,Junín,App,6,42,0.03,244.44,31.16,Transferencia
V02238,2024-09-06,C0453,Profesional,Foco LED,Electricidad,Lima,App,6,15,0.1,81.0,20.14,Tarjeta
V02239,2025-10-21,C0167,Profesional,Cemento 42.5kg,Construcción,Piura,Web,5,32,0.1,144.0,24.99,Tarjeta
V02240,2025-03-02,C0406,Hogar,Cemento 42.5kg,Construcción,Cusco,App,4,32,0.0,128.0,20.01,Transferencia
V02241,2024-01-11,C0401,Hogar,Tubo PVC 1/2,Plomería,Arequipa,Marketplace,5,8,0.03,38.8,4.9,Yape
V02242,2025-05-07,C0043,Hogar,Alicate,Herramientas,Piura,App,3,38,0.03,110.58,36.95,Plin
V02243,2025-02-13,C0009,Profesional,Brocha 3 pulgadas,Pinturas,Lima,Marketplace,7,18,0.08,115.92,38.81,Tarjeta
V02244,2025-07-06,C0316,Hogar,Cemento 42.5kg,Construcción,Cusco,Marketplace,7,32,0.03,217.28,65.64,Transferencia
V02245,2024-01-27,C0207,Hogar,Foco LED,Electricidad,Arequipa,Web,3,15,0.0,45.0,15.07,Transferencia
V02246,2024-01-30,C0242,Profesional,Brocha 3 pulgadas,Pinturas,Lima,Tienda,3,18,0.0,54.0,16.31,Efectivo
V02247,2024-07-20,C0117,Hogar,Martillo profesional,Herramientas,Arequipa,Marketplace,7,65,0.08,418.6,137.43,Transferencia
V02248,2024-01-01,C0086,Profesional,Martillo profesional,Herramientas,La Libertad,App,7,65,0.03,441.35,105.32,Efectivo
V02249,2024-02-01,C0247,Profesional,Alicate,Herramientas,La Libertad,App,3,38,0.1,102.6,15.03,Plin
V02250,2024-09-26,C0267,Profesional,Guantes de trabajo,Seguridad,Junín,Tienda,5,22,0.0,110.0,17.55,Plin
V02251,2024-04-12,C0270,Profesional,Tubo PVC 1/2,Plomería,Piura,Tienda,1,8,0.08,7.36,1.69,Yape
V02252,2024-07-07,C0150,Empresa,Foco LED,Electricidad,Arequipa,Web,1,15,0.05,14.25,2.56,Yape
V02253,2024-12-25,C0428,Profesional,Foco LED,Electricidad,Lima,Marketplace,3,15,0.03,43.65,5.29,Transferencia
V02254,2024-11-30,C0229,Profesional,Foco LED,Electricidad,Junín,Marketplace,1,15,0.05,14.25,2.08,Tarjeta
V02255,2024-06-25,C0294,Profesional,Martillo profesional,Herramientas,Arequipa,Web,5,65,0.03,315.25,39.18,Yape
V02256,2025-06-23,C0241,Profesional,Brocha 3 pulgadas,Pinturas,Lima,Marketplace,1,18,0.1,16.2,3.13,Transferencia
V02257,2025-08-19,C0344,Hogar,Brocha 3 pulgadas,Pinturas,Lima,Tienda,7,18,0.0,126.0,25.94,Transferencia
V02258,2024-07-06,C0215,Empresa,Pintura látex 4L,Pinturas,La Libertad,App,7,95,0.05,631.75,154.41,Transferencia
V02259,2024-09-05,C0100,Profesional,Brocha 3 pulgadas,Pinturas,Lima,Tienda,6,18,0.0,108.0,14.26,Transferencia
V02260,2024-11-19,C0241,Hogar,Guantes de trabajo,Seguridad,Piura,App,7,22,0.0,154.0,44.8,Tarjeta
V02261,2024-06-02,C0304,Hogar,Martillo profesional,Herramientas,Cusco,Web,6,65,0.03,378.3,88.42,Transferencia
V02262,2025-03-08,C0400,Hogar,Casco de seguridad,Seguridad,Piura,Web,7,35,0.05,232.75,33.59,Efectivo
V02263,2024-04-16,C0439,Empresa,Taladro inalámbrico,Herramientas,Lima,Web,1,260,0.05,247.0,36.74,Transferencia
V02264,2025-03-11,C0465,Hogar,Alicate,Herramientas,Piura,Tienda,5,38,0.03,184.3,25.5,Yape
V02265,2025-11-19,C0131,Profesional,Taladro inalámbrico,Herramientas,Arequipa,Marketplace,7,260,0.1,1638.0,322.48,Plin
V02266,2024-03-28,C0352,Empresa,Cemento 42.5kg,Construcción,Lima,Marketplace,7,32,0.08,206.08,28.81,Yape
V02267,2024-04-29,C0049,Profesional,Martillo profesional,Herramientas,Arequipa,Tienda,3,65,0.1,175.5,46.3,Tarjeta
V02268,2025-08-25,C0050,Profesional,Martillo profesional,Herramientas,La Libertad,Web,7,65,0.0,455.0,149.75,Efectivo
V02269,2025-11-30,C0392,Hogar,Tubo PVC 1/2,Plomería,La Libertad,Tienda,7,8,0.1,50.4,13.16,Plin
V02270,2024-12-21,C0466,Hogar,Tubo PVC 1/2,Plomería,Piura,Tienda,6,8,0.05,45.6,11.64,Efectivo
V02271,2025-03-20,C0342,Profesional,Casco de seguridad,Seguridad,Lima,Tienda,3,35,0.05,99.75,19.46,Efectivo
V02272,2024-02-02,C0069,Hogar,Llave de paso,Plomería,Piura,Marketplace,2,28,0.0,56.0,12.77,Efectivo
V02273,2024-01-28,C0084,Hogar,Brocha 3 pulgadas,Pinturas,Cusco,Marketplace,6,18,0.0,108.0,26.46,Plin
V02274,2024-07-27,C0476,Hogar,Brocha 3 pulgadas,Pinturas,Junín,Tienda,5,18,0.03,87.3,22.82,Efectivo
V02275,2024-11-12,C0371,Hogar,Guantes de trabajo,Seguridad,Junín,Web,2,22,0.08,40.48,4.87,Transferencia
V02276,2024-11-09,C0191,Hogar,Tubo PVC 1/2,Plomería,Junín,Web,7,8,0.08,51.52,13.95,Transferencia
V02277,2025-04-05,C0002,Empresa,Llave de paso,Plomería,Junín,App,1,28,0.1,25.2,4.77,Plin
V02278,2024-01-09,C0126,Profesional,Cemento 42.5kg,Construcción,Piura,Tienda,2,32,0.03,62.08,16.26,Yape
V02279,2024-11-06,C0383,Profesional,Brocha 3 pulgadas,Pinturas,Lima,Web,1,18,0.03,17.46,3.04,Tarjeta
V02280,2024-07-14,C0360,Profesional,Cable eléctrico 10m,Electricidad,Junín,Tienda,2,42,0.03,81.48,25.7,Yape
V02281,2025-04-03,C0488,Hogar,Martillo profesional,Herramientas,Junín,Web,6,65,0.05,370.5,95.22,Efectivo
V02282,2025-01-03,C0149,Profesional,Alicate,Herramientas,Lima,Web,2,38,0.0,76.0,19.42,Transferencia
V02283,2024-01-17,C0439,Hogar,Llave de paso,Plomería,Piura,Tienda,4,28,0.05,106.4,23.74,Efectivo
V02284,2025-05-14,C0132,Hogar,Casco de seguridad,Seguridad,La Libertad,Web,2,35,0.05,66.5,9.22,Transferencia
V02285,2025-06-09,C0484,Hogar,Casco de seguridad,Seguridad,Cusco,Web,1,35,0.05,33.25,5.52,Plin
V02286,2024-07-28,C0375,Hogar,Casco de seguridad,Seguridad,Piura,Tienda,5,35,0.1,157.5,30.73,Transferencia
V02287,2025-10-05,C0480,Profesional,Alicate,Herramientas,Cusco,Web,2,38,0.0,76.0,10.82,Yape
V02288,2025-03-16,C0360,Hogar,Alicate,Herramientas,Lima,Tienda,5,38,0.03,184.3,39.96,Plin
V02289,2024-09-19,C0498,Hogar,Brocha 3 pulgadas,Pinturas,La Libertad,Marketplace,1,18,0.05,17.1,4.71,Transferencia
V02290,2024-07-26,C0401,Empresa,Pintura látex 4L,Pinturas,Piura,Web,5,95,0.1,427.5,144.83,Transferencia
V02291,2025-07-09,C0152,Hogar,Martillo profesional,Herramientas,Arequipa,Tienda,7,65,0.08,418.6,60.37,Efectivo
V02292,2024-02-25,C0481,Profesional,Cemento 42.5kg,Construcción,Piura,Tienda,3,32,0.05,91.2,12.47,Tarjeta
V02293,2024-06-24,C0166,Empresa,Pintura látex 4L,Pinturas,Arequipa,App,6,95,0.05,541.5,120.33,Transferencia
V02294,2025-03-10,C0212,Empresa,Cemento 42.5kg,Construcción,Junín,App,4,32,0.1,115.2,31.82,Efectivo
V02295,2025-08-07,C0096,Profesional,Foco LED,Electricidad,Cusco,Tienda,6,15,0.03,87.3,20.22,Yape
V02296,2024-08-30,C0141,Hogar,Taladro inalámbrico,Herramientas,Arequipa,Web,7,260,0.0,1820.0,550.72,Tarjeta
V02297,2025-12-14,C0243,Hogar,Pintura látex 4L,Pinturas,Piura,Tienda,4,95,0.03,368.6,98.46,Yape
V02298,2024-09-15,C0349,Empresa,Cable eléctrico 10m,Electricidad,Junín,Web,1,42,0.0,42.0,11.51,Transferencia
V02299,2024-01-19,C0145,Hogar,Tubo PVC 1/2,Plomería,La Libertad,Tienda,3,8,0.0,24.0,6.3,Efectivo
V02300,2024-01-05,C0197,Hogar,Guantes de trabajo,Seguridad,Arequipa,Marketplace,1,22,0.1,19.8,3.71,Plin
V02301,2024-01-08,C0184,Profesional,Guantes de trabajo,Seguridad,Cusco,Tienda,5,22,0.05,104.5,19.61,Yape
V02302,2025-04-30,C0421,Profesional,Martillo profesional,Herramientas,La Libertad,Marketplace,5,65,0.08,299.0,95.18,Transferencia
V02303,2024-02-22,C0499,Empresa,Cemento 42.5kg,Construcción,Junín,Tienda,1,32,0.03,31.04,5.12,Efectivo
V02304,2024-05-13,C0309,Profesional,Brocha 3 pulgadas,Pinturas,La Libertad,Tienda,7,18,0.0,126.0,20.33,Efectivo
V02305,2025-03-20,C0432,Hogar,Brocha 3 pulgadas,Pinturas,Piura,Tienda,3,18,0.05,51.3,6.46,Tarjeta
V02306,2024-07-25,C0087,Empresa,Casco de seguridad,Seguridad,La Libertad,Tienda,5,35,0.08,161.0,26.95,Plin
V02307,2025-10-19,C0109,Hogar,Casco de seguridad,Seguridad,Lima,Tienda,2,35,0.1,63.0,17.53,Tarjeta
V02308,2025-12-10,C0189,Profesional,Cable eléctrico 10m,Electricidad,Arequipa,App,1,42,0.0,42.0,6.12,Plin
V02309,2025-07-13,C0480,Hogar,Cable eléctrico 10m,Electricidad,Lima,Web,2,42,0.08,77.28,24.71,Yape
V02310,2024-09-30,C0304,Profesional,Guantes de trabajo,Seguridad,Arequipa,Marketplace,1,22,0.0,22.0,3.0,Yape
V02311,2024-07-08,C0035,Empresa,Casco de seguridad,Seguridad,La Libertad,App,6,35,0.0,210.0,44.02,Transferencia
V02312,2025-02-19,C0462,Profesional,Martillo profesional,Herramientas,Cusco,Tienda,5,65,0.03,315.25,102.58,Plin
V02313,2025-04-14,C0400,Empresa,Casco de seguridad,Seguridad,Cusco,Tienda,1,35,0.0,35.0,8.79,Tarjeta
V02314,2025-03-11,C0241,Profesional,Cable eléctrico 10m,Electricidad,Junín,Tienda,1,42,0.1,37.8,11.03,Plin
V02315,2025-02-19,C0279,Hogar,Casco de seguridad,Seguridad,Arequipa,Web,2,35,0.03,67.9,11.84,Transferencia
V02316,2025-07-02,C0318,Hogar,Cemento 42.5kg,Construcción,Piura,Web,4,32,0.1,115.2,22.0,Transferencia
V02317,2025-07-28,C0332,Profesional,Foco LED,Electricidad,Piura,Web,2,15,0.0,30.0,8.27,Plin
V02318,2025-04-16,C0258,Profesional,Foco LED,Electricidad,Arequipa,Web,4,15,0.0,60.0,14.05,Plin
V02319,2024-10-02,C0456,Hogar,Martillo profesional,Herramientas,La Libertad,Tienda,7,65,0.08,418.6,72.54,Efectivo
V02320,2024-09-06,C0420,Profesional,Cable eléctrico 10m,Electricidad,Lima,Marketplace,3,42,0.1,113.4,16.03,Tarjeta
V02321,2024-03-29,C0008,Hogar,Martillo profesional,Herramientas,Piura,Web,4,65,0.08,239.2,74.44,Yape
V02322,2025-10-30,C0087,Profesional,Casco de seguridad,Seguridad,Piura,Tienda,1,35,0.03,33.95,10.16,Plin
V02323,2024-09-08,C0044,Profesional,Taladro inalámbrico,Herramientas,Cusco,Tienda,2,260,0.0,520.0,133.3,Efectivo
V02324,2025-02-20,C0476,Hogar,Cable eléctrico 10m,Electricidad,Cusco,Tienda,7,42,0.1,264.6,34.28,Transferencia
V02325,2024-06-02,C0497,Hogar,Casco de seguridad,Seguridad,Cusco,Tienda,6,35,0.08,193.2,64.77,Transferencia
V02326,2025-04-04,C0342,Hogar,Tubo PVC 1/2,Plomería,Cusco,App,1,8,0.0,8.0,2.61,Efectivo
V02327,2025-06-15,C0339,Profesional,Tubo PVC 1/2,Plomería,Junín,Tienda,3,8,0.05,22.8,6.38,Plin
V02328,2025-04-18,C0135,Profesional,Tubo PVC 1/2,Plomería,Arequipa,Web,4,8,0.03,31.04,5.67,Plin
V02329,2025-11-29,C0204,Hogar,Alicate,Herramientas,Cusco,Web,2,38,0.1,68.4,11.58,Transferencia
V02330,2024-04-30,C0260,Profesional,Taladro inalámbrico,Herramientas,La Libertad,Marketplace,3,260,0.08,717.6,206.01,Efectivo
V02331,2025-06-03,C0483,Hogar,Guantes de trabajo,Seguridad,Cusco,App,5,22,0.08,101.2,32.16,Efectivo
V02332,2025-06-10,C0403,Profesional,Cable eléctrico 10m,Electricidad,Junín,Web,5,42,0.03,203.7,39.52,Yape
V02333,2024-11-13,C0318,Hogar,Pintura látex 4L,Pinturas,Lima,Tienda,1,95,0.05,90.25,22.41,Tarjeta
V02334,2025-10-18,C0373,Hogar,Alicate,Herramientas,La Libertad,Marketplace,5,38,0.1,171.0,49.83,Tarjeta
V02335,2025-04-06,C0338,Hogar,Martillo profesional,Herramientas,Lima,Web,4,65,0.0,260.0,61.8,Tarjeta
V02336,2025-03-13,C0500,Hogar,Tubo PVC 1/2,Plomería,Lima,Web,1,8,0.03,7.76,2.34,Tarjeta
V02337,2025-01-24,C0203,Profesional,Cable eléctrico 10m,Electricidad,Junín,Web,2,42,0.08,77.28,21.37,Yape
V02338,2024-09-17,C0443,Profesional,Casco de seguridad,Seguridad,La Libertad,Tienda,7,35,0.0,245.0,46.27,Yape
V02339,2024-01-13,C0139,Hogar,Casco de seguridad,Seguridad,Junín,Marketplace,3,35,0.05,99.75,20.89,Transferencia
V02340,2025-01-26,C0083,Hogar,Casco de seguridad,Seguridad,Cusco,Tienda,5,35,0.05,166.25,49.83,Tarjeta
V02341,2024-02-11,C0043,Profesional,Cemento 42.5kg,Construcción,Arequipa,Tienda,7,32,0.03,217.28,67.17,Yape
V02342,2025-11-18,C0423,Empresa,Cable eléctrico 10m,Electricidad,Lima,Marketplace,3,42,0.05,119.7,27.28,Plin
V02343,2024-08-21,C0292,Profesional,Taladro inalámbrico,Herramientas,Junín,Marketplace,1,260,0.03,252.2,53.38,Plin
V02344,2024-04-21,C0246,Hogar,Casco de seguridad,Seguridad,Arequipa,Tienda,2,35,0.08,64.4,15.63,Yape
V02345,2024-03-30,C0380,Profesional,Foco LED,Electricidad,Cusco,Web,6,15,0.05,85.5,13.15,Efectivo
V02346,2025-05-06,C0219,Hogar,Cable eléctrico 10m,Electricidad,Cusco,App,5,42,0.05,199.5,53.82,Efectivo
V02347,2025-01-17,C0064,Hogar,Guantes de trabajo,Seguridad,Cusco,Tienda,5,22,0.05,104.5,28.9,Tarjeta
V02348,2024-11-05,C0417,Empresa,Martillo profesional,Herramientas,Cusco,App,1,65,0.08,59.8,10.17,Tarjeta
V02349,2025-02-28,C0190,Hogar,Taladro inalámbrico,Herramientas,Piura,Tienda,4,260,0.1,936.0,212.07,Efectivo
V02350,2025-12-06,C0226,Hogar,Tubo PVC 1/2,Plomería,Lima,Tienda,6,8,0.0,48.0,12.55,Tarjeta
V02351,2025-11-24,C0239,Hogar,Cemento 42.5kg,Construcción,La Libertad,App,6,32,0.05,182.4,30.12,Transferencia
V02352,2024-09-13,C0128,Empresa,Brocha 3 pulgadas,Pinturas,La Libertad,Tienda,7,18,0.08,115.92,22.53,Tarjeta
V02353,2025-07-12,C0494,Hogar,Cable eléctrico 10m,Electricidad,La Libertad,Tienda,3,42,0.08,115.92,31.61,Yape
V02354,2025-08-09,C0257,Profesional,Casco de seguridad,Seguridad,Cusco,Web,6,35,0.0,210.0,68.99,Efectivo
V02355,2024-03-05,C0412,Profesional,Taladro inalámbrico,Herramientas,La Libertad,Marketplace,6,260,0.03,1513.2,451.55,Yape
V02356,2025-02-06,C0252,Hogar,Tubo PVC 1/2,Plomería,Cusco,Tienda,7,8,0.05,53.2,17.9,Plin
V02357,2024-09-28,C0128,Profesional,Foco LED,Electricidad,Cusco,Marketplace,4,15,0.05,57.0,8.21,Transferencia
V02358,2025-12-24,C0066,Profesional,Llave de paso,Plomería,Arequipa,App,2,28,0.08,51.52,8.13,Plin
V02359,2025-03-13,C0058,Hogar,Casco de seguridad,Seguridad,Arequipa,Tienda,2,35,0.0,70.0,16.85,Tarjeta
V02360,2025-01-26,C0293,Profesional,Alicate,Herramientas,Lima,Web,6,38,0.0,228.0,58.05,Plin
V02361,2025-12-01,C0031,Profesional,Foco LED,Electricidad,Junín,Tienda,6,15,0.0,90.0,26.92,Plin
V02362,2025-08-11,C0287,Hogar,Guantes de trabajo,Seguridad,La Libertad,Marketplace,1,22,0.0,22.0,2.82,Efectivo
V02363,2025-04-16,C0441,Hogar,Martillo profesional,Herramientas,Cusco,Marketplace,3,65,0.0,195.0,40.97,Tarjeta
V02364,2024-10-04,C0464,Profesional,Foco LED,Electricidad,Cusco,Web,4,15,0.03,58.2,18.43,Yape
V02365,2024-08-16,C0312,Profesional,Guantes de trabajo,Seguridad,Cusco,App,2,22,0.05,41.8,7.13,Efectivo
V02366,2025-07-28,C0129,Hogar,Llave de paso,Plomería,Junín,Tienda,1,28,0.0,28.0,6.64,Transferencia
V02367,2025-02-12,C0340,Hogar,Foco LED,Electricidad,Lima,Marketplace,1,15,0.05,14.25,4.77,Plin
V02368,2025-02-11,C0353,Hogar,Foco LED,Electricidad,Lima,Tienda,1,15,0.05,14.25,3.97,Efectivo
V02369,2024-09-18,C0020,Profesional,Cemento 42.5kg,Construcción,Junín,Tienda,1,32,0.0,32.0,7.06,Efectivo
V02370,2024-08-16,C0363,Empresa,Martillo profesional,Herramientas,Lima,Web,6,65,0.1,351.0,44.47,Transferencia
V02371,2025-09-26,C0113,Profesional,Alicate,Herramientas,Cusco,Tienda,7,38,0.05,252.7,46.58,Yape
V02372,2025-04-17,C0166,Hogar,Casco de seguridad,Seguridad,Piura,Tienda,2,35,0.08,64.4,17.72,Tarjeta
V02373,2025-03-06,C0140,Hogar,Guantes de trabajo,Seguridad,Junín,Tienda,5,22,0.0,110.0,36.44,Efectivo
V02374,2025-12-30,C0180,Profesional,Taladro inalámbrico,Herramientas,Cusco,Marketplace,3,260,0.0,780.0,206.93,Transferencia
V02375,2024-06-01,C0232,Profesional,Cemento 42.5kg,Construcción,Cusco,Tienda,5,32,0.08,147.2,40.22,Transferencia
V02376,2024-06-02,C0056,Hogar,Foco LED,Electricidad,Piura,Tienda,5,15,0.03,72.75,17.4,Tarjeta
V02377,2024-03-01,C0201,Empresa,Cemento 42.5kg,Construcción,Arequipa,Tienda,1,32,0.0,32.0,7.78,Efectivo
V02378,2024-06-19,C0248,Profesional,Pintura látex 4L,Pinturas,Lima,Tienda,3,95,0.03,276.45,55.2,Transferencia
V02379,2025-12-28,C0483,Hogar,Cable eléctrico 10m,Electricidad,Piura,App,5,42,0.03,203.7,61.88,Transferencia
V02380,2024-01-30,C0204,Hogar,Brocha 3 pulgadas,Pinturas,La Libertad,Web,4,18,0.0,72.0,21.09,Transferencia
V02381,2025-05-14,C0256,Profesional,Martillo profesional,Herramientas,Junín,App,1,65,0.1,58.5,10.17,Tarjeta
V02382,2024-06-24,C0478,Empresa,Foco LED,Electricidad,Piura,Tienda,5,15,0.05,71.25,16.83,Tarjeta
V02383,2025-08-30,C0194,Empresa,Casco de seguridad,Seguridad,La Libertad,Tienda,4,35,0.1,126.0,37.76,Yape
V02384,2024-01-09,C0205,Profesional,Martillo profesional,Herramientas,La Libertad,Tienda,5,65,0.03,315.25,81.0,Efectivo
V02385,2025-05-10,C0398,Profesional,Llave de paso,Plomería,Lima,Marketplace,4,28,0.05,106.4,16.48,Tarjeta
V02386,2025-08-04,C0393,Empresa,Alicate,Herramientas,Piura,Tienda,3,38,0.0,114.0,18.58,Yape
V02387,2025-10-16,C0214,Hogar,Casco de seguridad,Seguridad,La Libertad,Web,1,35,0.05,33.25,6.7,Plin
V02388,2025-12-11,C0231,Profesional,Foco LED,Electricidad,La Libertad,Tienda,4,15,0.0,60.0,13.69,Tarjeta
V02389,2024-04-16,C0187,Hogar,Guantes de trabajo,Seguridad,Lima,Tienda,4,22,0.03,85.36,22.06,Transferencia
V02390,2025-04-18,C0458,Hogar,Cemento 42.5kg,Construcción,Cusco,App,2,32,0.08,58.88,12.66,Efectivo
V02391,2024-03-16,C0248,Hogar,Casco de seguridad,Seguridad,Arequipa,App,1,35,0.05,33.25,8.77,Efectivo
V02392,2025-07-09,C0363,Profesional,Cemento 42.5kg,Construcción,Cusco,Web,7,32,0.08,206.08,61.78,Efectivo
V02393,2024-06-19,C0475,Profesional,Brocha 3 pulgadas,Pinturas,Cusco,Tienda,1,18,0.05,17.1,2.44,Plin
V02394,2024-12-09,C0303,Profesional,Foco LED,Electricidad,Arequipa,Web,4,15,0.03,58.2,15.63,Yape
V02395,2024-10-27,C0380,Hogar,Casco de seguridad,Seguridad,Arequipa,Marketplace,4,35,0.08,128.8,40.8,Tarjeta
V02396,2025-11-15,C0213,Hogar,Martillo profesional,Herramientas,Piura,Marketplace,7,65,0.0,455.0,123.23,Efectivo
V02397,2024-02-18,C0448,Profesional,Tubo PVC 1/2,Plomería,La Libertad,Web,7,8,0.0,56.0,12.78,Plin
V02398,2025-04-07,C0002,Hogar,Alicate,Herramientas,Arequipa,Web,1,38,0.05,36.1,11.16,Plin
V02399,2024-06-24,C0122,Profesional,Llave de paso,Plomería,Arequipa,Web,3,28,0.0,84.0,23.82,Plin
V02400,2025-02-20,C0279,Hogar,Alicate,Herramientas,Junín,Web,5,38,0.05,180.5,44.38,Plin
V02401,2025-09-01,C0363,Hogar,Casco de seguridad,Seguridad,La Libertad,Web,4,35,0.03,135.8,22.58,Efectivo
V02402,2025-03-03,C0465,Empresa,Cable eléctrico 10m,Electricidad,Piura,Web,1,42,0.05,39.9,7.96,Efectivo
V02403,2024-12-23,C0081,Empresa,Tubo PVC 1/2,Plomería,Cusco,Tienda,7,8,0.05,53.2,16.63,Transferencia
V02404,2025-11-08,C0003,Profesional,Brocha 3 pulgadas,Pinturas,Arequipa,Tienda,7,18,0.05,119.7,38.29,Transferencia
V02405,2024-08-13,C0345,Hogar,Martillo profesional,Herramientas,Cusco,Marketplace,6,65,0.05,370.5,66.86,Efectivo
V02406,2025-04-18,C0173,Empresa,Foco LED,Electricidad,Cusco,Tienda,4,15,0.05,57.0,11.88,Yape
V02407,2024-07-28,C0083,Hogar,Alicate,Herramientas,Cusco,Tienda,3,38,0.05,108.3,32.4,Tarjeta
V02408,2024-05-10,C0027,Profesional,Tubo PVC 1/2,Plomería,Piura,Tienda,3,8,0.08,22.08,5.28,Transferencia
V02409,2025-07-21,C0408,Profesional,Taladro inalámbrico,Herramientas,Arequipa,Tienda,2,260,0.08,478.4,59.92,Efectivo
V02410,2024-07-31,C0197,Profesional,Cable eléctrico 10m,Electricidad,Cusco,Web,1,42,0.08,38.64,8.68,Tarjeta
V02411,2024-11-13,C0481,Profesional,Brocha 3 pulgadas,Pinturas,Arequipa,App,7,18,0.05,119.7,26.6,Tarjeta
V02412,2024-01-12,C0108,Hogar,Pintura látex 4L,Pinturas,Piura,Tienda,1,95,0.03,92.15,23.54,Transferencia
V02413,2024-01-10,C0448,Hogar,Llave de paso,Plomería,Junín,Tienda,4,28,0.03,108.64,29.44,Transferencia
V02414,2025-01-31,C0038,Profesional,Casco de seguridad,Seguridad,Cusco,Marketplace,3,35,0.03,101.85,16.84,Transferencia
V02415,2025-01-08,C0006,Profesional,Martillo profesional,Herramientas,Arequipa,Tienda,7,65,0.03,441.35,65.91,Efectivo
V02416,2025-10-29,C0226,Profesional,Cemento 42.5kg,Construcción,Junín,Tienda,2,32,0.03,62.08,19.65,Plin
V02417,2025-11-13,C0216,Hogar,Llave de paso,Plomería,La Libertad,Tienda,4,28,0.08,103.04,29.47,Tarjeta
V02418,2024-07-29,C0409,Profesional,Cemento 42.5kg,Construcción,Arequipa,Marketplace,1,32,0.0,32.0,8.7,Transferencia
V02419,2024-12-08,C0077,Empresa,Cable eléctrico 10m,Electricidad,Piura,Tienda,7,42,0.03,285.18,43.33,Tarjeta
V02420,2025-10-29,C0394,Profesional,Martillo profesional,Herramientas,Piura,Tienda,4,65,0.05,247.0,62.01,Efectivo
V02421,2024-09-08,C0489,Empresa,Llave de paso,Plomería,Cusco,Marketplace,7,28,0.05,186.2,31.48,Efectivo
V02422,2024-08-13,C0437,Profesional,Cemento 42.5kg,Construcción,Piura,App,3,32,0.0,96.0,15.38,Efectivo
V02423,2025-06-11,C0237,Profesional,Llave de paso,Plomería,Lima,Marketplace,5,28,0.0,140.0,21.88,Tarjeta
V02424,2025-06-17,C0300,Profesional,Brocha 3 pulgadas,Pinturas,Cusco,Tienda,5,18,0.03,87.3,27.49,Yape
V02425,2024-11-01,C0485,Empresa,Foco LED,Electricidad,Cusco,Marketplace,1,15,0.05,14.25,4.1,Tarjeta
V02426,2024-02-08,C0453,Empresa,Cable eléctrico 10m,Electricidad,La Libertad,Tienda,2,42,0.0,84.0,23.92,Efectivo
V02427,2025-01-28,C0244,Hogar,Pintura látex 4L,Pinturas,La Libertad,Web,2,95,0.0,190.0,47.13,Plin
V02428,2025-05-26,C0333,Profesional,Tubo PVC 1/2,Plomería,Piura,Tienda,6,8,0.03,46.56,8.85,Yape
V02429,2024-12-23,C0283,Profesional,Pintura látex 4L,Pinturas,Lima,Tienda,7,95,0.08,611.8,100.48,Tarjeta
V02430,2025-11-24,C0399,Profesional,Taladro inalámbrico,Herramientas,Lima,Tienda,7,260,0.05,1729.0,280.3,Transferencia
V02431,2024-02-03,C0312,Profesional,Cemento 42.5kg,Construcción,Arequipa,App,1,32,0.0,32.0,10.69,Tarjeta
V02432,2024-08-02,C0311,Hogar,Casco de seguridad,Seguridad,Cusco,App,4,35,0.05,133.0,26.44,Tarjeta
V02433,2024-01-24,C0133,Profesional,Brocha 3 pulgadas,Pinturas,Arequipa,App,1,18,0.0,18.0,5.77,Efectivo
V02434,2024-10-13,C0176,Profesional,Llave de paso,Plomería,Lima,Tienda,1,28,0.05,26.6,6.36,Efectivo
V02435,2025-12-31,C0398,Hogar,Brocha 3 pulgadas,Pinturas,Arequipa,App,2,18,0.05,34.2,7.52,Tarjeta
V02436,2024-03-18,C0193,Hogar,Tubo PVC 1/2,Plomería,Lima,Tienda,7,8,0.0,56.0,17.37,Plin
V02437,2024-06-22,C0101,Profesional,Alicate,Herramientas,Cusco,Tienda,5,38,0.03,184.3,41.65,Efectivo
V02438,2024-02-22,C0405,Profesional,Brocha 3 pulgadas,Pinturas,Junín,Tienda,4,18,0.1,64.8,9.8,Efectivo
V02439,2024-09-22,C0085,Empresa,Tubo PVC 1/2,Plomería,Piura,Tienda,3,8,0.03,23.28,2.88,Yape
V02440,2025-11-17,C0035,Profesional,Tubo PVC 1/2,Plomería,Piura,Tienda,2,8,0.03,15.52,3.73,Efectivo
V02441,2025-04-10,C0469,Empresa,Taladro inalámbrico,Herramientas,Arequipa,Web,6,260,0.03,1513.2,322.44,Yape
V02442,2024-05-22,C0047,Empresa,Martillo profesional,Herramientas,Lima,Tienda,3,65,0.05,185.25,50.02,Transferencia
V02443,2024-08-01,C0261,Empresa,Martillo profesional,Herramientas,Arequipa,Tienda,7,65,0.05,432.25,81.65,Efectivo
V02444,2025-12-01,C0036,Profesional,Pintura látex 4L,Pinturas,Piura,Tienda,5,95,0.08,437.0,147.44,Efectivo
V02445,2024-05-31,C0367,Hogar,Guantes de trabajo,Seguridad,Arequipa,Tienda,4,22,0.05,83.6,19.72,Transferencia
V02446,2025-05-19,C0482,Profesional,Foco LED,Electricidad,Piura,Tienda,6,15,0.03,87.3,11.3,Yape
V02447,2024-05-01,C0475,Hogar,Pintura látex 4L,Pinturas,La Libertad,Tienda,5,95,0.1,427.5,78.59,Transferencia
V02448,2025-09-20,C0473,Hogar,Foco LED,Electricidad,La Libertad,Marketplace,1,15,0.1,13.5,2.11,Yape
V02449,2025-12-31,C0091,Empresa,Cemento 42.5kg,Construcción,La Libertad,Web,5,32,0.0,160.0,40.04,Tarjeta
V02450,2024-04-14,C0416,Hogar,Martillo profesional,Herramientas,Junín,Tienda,1,65,0.05,61.75,20.12,Yape
V02451,2024-09-29,C0184,Empresa,Alicate,Herramientas,Lima,Web,7,38,0.0,266.0,68.72,Plin
V02452,2025-05-11,C0399,Profesional,Taladro inalámbrico,Herramientas,Lima,Tienda,7,260,0.1,1638.0,406.88,Plin
V02453,2025-07-13,C0116,Profesional,Alicate,Herramientas,Arequipa,App,6,38,0.05,216.6,31.55,Tarjeta
V02454,2025-08-14,C0187,Hogar,Llave de paso,Plomería,Arequipa,App,6,28,0.03,162.96,28.81,Transferencia
V02455,2024-10-28,C0158,Profesional,Casco de seguridad,Seguridad,La Libertad,Web,7,35,0.0,245.0,68.56,Tarjeta
V02456,2024-11-28,C0054,Hogar,Pintura látex 4L,Pinturas,Cusco,Web,4,95,0.03,368.6,122.92,Transferencia
V02457,2024-07-14,C0434,Profesional,Casco de seguridad,Seguridad,Arequipa,Tienda,2,35,0.03,67.9,10.49,Yape
V02458,2024-06-10,C0328,Hogar,Taladro inalámbrico,Herramientas,Junín,Marketplace,7,260,0.08,1674.4,226.38,Yape
V02459,2025-08-14,C0365,Profesional,Cemento 42.5kg,Construcción,Piura,Web,7,32,0.0,224.0,69.95,Transferencia
V02460,2025-05-09,C0160,Profesional,Casco de seguridad,Seguridad,La Libertad,Web,7,35,0.0,245.0,56.62,Tarjeta
V02461,2024-11-15,C0132,Profesional,Alicate,Herramientas,Piura,Tienda,6,38,0.03,221.16,38.24,Yape
V02462,2024-10-12,C0093,Empresa,Taladro inalámbrico,Herramientas,Junín,App,4,260,0.1,936.0,275.89,Efectivo
V02463,2024-03-16,C0260,Hogar,Alicate,Herramientas,Lima,Tienda,4,38,0.0,152.0,42.03,Tarjeta
V02464,2025-11-14,C0410,Hogar,Pintura látex 4L,Pinturas,Piura,Tienda,5,95,0.0,475.0,125.49,Tarjeta
V02465,2024-05-08,C0434,Empresa,Pintura látex 4L,Pinturas,Piura,App,3,95,0.08,262.2,68.05,Yape
V02466,2025-10-22,C0172,Profesional,Alicate,Herramientas,Arequipa,Tienda,4,38,0.05,144.4,27.67,Transferencia
V02467,2025-08-10,C0280,Hogar,Cemento 42.5kg,Construcción,Junín,App,1,32,0.05,30.4,8.59,Yape
V02468,2024-12-16,C0219,Profesional,Tubo PVC 1/2,Plomería,Piura,Web,6,8,0.0,48.0,10.73,Tarjeta
V02469,2025-02-20,C0015,Hogar,Cable eléctrico 10m,Electricidad,Cusco,Marketplace,7,42,0.03,285.18,55.39,Efectivo
V02470,2025-11-28,C0281,Profesional,Guantes de trabajo,Seguridad,Junín,Web,1,22,0.1,19.8,3.13,Yape
V02471,2024-03-05,C0102,Hogar,Casco de seguridad,Seguridad,Junín,Web,5,35,0.0,175.0,59.28,Efectivo
V02472,2024-04-04,C0133,Hogar,Cemento 42.5kg,Construcción,Lima,Web,3,32,0.03,93.12,11.7,Plin
V02473,2024-11-04,C0480,Empresa,Martillo profesional,Herramientas,Arequipa,App,7,65,0.1,409.5,77.71,Efectivo
V02474,2024-01-03,C0254,Empresa,Alicate,Herramientas,Junín,Tienda,2,38,0.0,76.0,24.31,Transferencia
V02475,2024-06-19,C0358,Empresa,Casco de seguridad,Seguridad,Piura,Tienda,3,35,0.1,94.5,11.75,Tarjeta
V02476,2025-08-16,C0030,Hogar,Alicate,Herramientas,Junín,Tienda,4,38,0.08,139.84,32.36,Yape
V02477,2024-08-27,C0415,Empresa,Foco LED,Electricidad,Junín,Web,2,15,0.08,27.6,3.48,Transferencia
V02478,2025-10-09,C0115,Profesional,Alicate,Herramientas,Lima,Tienda,2,38,0.05,72.2,14.62,Tarjeta
V02479,2025-09-19,C0001,Hogar,Martillo profesional,Herramientas,Arequipa,Web,5,65,0.05,308.75,46.94,Plin
V02480,2025-10-22,C0293,Profesional,Pintura látex 4L,Pinturas,Junín,Marketplace,1,95,0.05,90.25,30.66,Transferencia
V02481,2025-12-01,C0058,Profesional,Foco LED,Electricidad,Lima,Marketplace,7,15,0.0,105.0,17.34,Tarjeta
V02482,2024-08-16,C0236,Hogar,Taladro inalámbrico,Herramientas,La Libertad,Web,1,260,0.05,247.0,44.61,Transferencia
V02483,2024-03-18,C0397,Profesional,Alicate,Herramientas,Lima,Marketplace,3,38,0.05,108.3,35.05,Plin
V02484,2025-09-02,C0076,Hogar,Pintura látex 4L,Pinturas,Lima,App,4,95,0.1,342.0,101.45,Transferencia
V02485,2024-12-19,C0174,Profesional,Martillo profesional,Herramientas,Piura,Web,5,65,0.1,292.5,70.2,Tarjeta
V02486,2025-09-30,C0401,Hogar,Foco LED,Electricidad,Junín,App,7,15,0.0,105.0,32.13,Efectivo
V02487,2024-02-16,C0307,Hogar,Taladro inalámbrico,Herramientas,Arequipa,Marketplace,4,260,0.0,1040.0,190.72,Yape
V02488,2025-02-18,C0003,Hogar,Casco de seguridad,Seguridad,Arequipa,Web,6,35,0.05,199.5,65.9,Transferencia
V02489,2025-06-30,C0272,Profesional,Taladro inalámbrico,Herramientas,Junín,Tienda,1,260,0.08,239.2,31.18,Transferencia
V02490,2024-03-09,C0241,Hogar,Brocha 3 pulgadas,Pinturas,Cusco,Tienda,1,18,0.08,16.56,5.37,Plin
V02491,2025-04-30,C0166,Hogar,Llave de paso,Plomería,La Libertad,Web,2,28,0.0,56.0,8.93,Efectivo
V02492,2025-12-16,C0028,Hogar,Tubo PVC 1/2,Plomería,Arequipa,App,3,8,0.0,24.0,7.5,Transferencia
V02493,2024-09-19,C0145,Profesional,Alicate,Herramientas,Junín,Tienda,6,38,0.03,221.16,43.41,Yape
V02494,2025-02-15,C0136,Empresa,Martillo profesional,Herramientas,Piura,Web,1,65,0.1,58.5,7.8,Transferencia
V02495,2024-09-23,C0126,Empresa,Guantes de trabajo,Seguridad,Cusco,Web,5,22,0.0,110.0,32.77,Yape
V02496,2024-05-30,C0391,Hogar,Guantes de trabajo,Seguridad,La Libertad,Tienda,4,22,0.0,88.0,17.59,Efectivo
V02497,2025-05-14,C0328,Profesional,Martillo profesional,Herramientas,Lima,Web,5,65,0.05,308.75,69.03,Transferencia
V02498,2025-08-18,C0080,Profesional,Foco LED,Electricidad,Arequipa,Tienda,5,15,0.03,72.75,9.86,Efectivo
V02499,2025-05-06,C0375,Profesional,Cemento 42.5kg,Construcción,La Libertad,App,4,32,0.03,124.16,30.24,Transferencia
V02500,2024-07-18,C0461,Profesional,Pintura látex 4L,Pinturas,Junín,Tienda,1,95,0.05,90.25,16.03,Tarjeta
V02501,2025-11-03,C0284,Hogar,Guantes de trabajo,Seguridad,Piura,Web,4,22,0.1,79.2,11.41,Transferencia
V02502,2025-10-24,C0410,Hogar,Taladro inalámbrico,Herramientas,Cusco,Tienda,2,260,0.08,478.4,67.01,Plin
V02503,2025-01-01,C0005,Hogar,Martillo profesional,Herramientas,La Libertad,Web,5,65,0.03,315.25,77.29,Efectivo
V02504,2025-05-24,C0434,Hogar,Cemento 42.5kg,Construcción,La Libertad,Marketplace,4,32,0.05,121.6,26.21,Efectivo
V02505,2024-01-03,C0378,Hogar,Cemento 42.5kg,Construcción,Arequipa,Tienda,3,32,0.03,93.12,25.04,Yape
V02506,2025-02-27,C0269,Profesional,Martillo profesional,Herramientas,La Libertad,Tienda,6,65,0.05,370.5,59.87,Efectivo
V02507,2024-05-30,C0069,Hogar,Alicate,Herramientas,Junín,Web,3,38,0.03,110.58,28.47,Transferencia
V02508,2025-10-18,C0182,Hogar,Martillo profesional,Herramientas,Cusco,Tienda,2,65,0.03,126.1,18.86,Tarjeta
V02509,2024-05-28,C0321,Hogar,Brocha 3 pulgadas,Pinturas,Piura,Marketplace,7,18,0.08,115.92,13.98,Efectivo
V02510,2025-07-24,C0125,Profesional,Foco LED,Electricidad,Piura,App,5,15,0.05,71.25,14.37,Tarjeta
V02511,2025-06-20,C0398,Profesional,Casco de seguridad,Seguridad,Lima,App,4,35,0.0,140.0,34.92,Plin
V02512,2024-03-12,C0097,Empresa,Guantes de trabajo,Seguridad,La Libertad,Tienda,1,22,0.05,20.9,4.39,Plin
V02513,2025-08-30,C0035,Profesional,Llave de paso,Plomería,Lima,App,2,28,0.1,50.4,15.54,Tarjeta
V02514,2025-07-02,C0456,Hogar,Pintura látex 4L,Pinturas,La Libertad,Marketplace,4,95,0.0,380.0,92.17,Tarjeta
V02515,2025-04-23,C0119,Hogar,Martillo profesional,Herramientas,Lima,Tienda,1,65,0.05,61.75,14.81,Tarjeta
V02516,2024-04-04,C0351,Hogar,Foco LED,Electricidad,Cusco,Web,4,15,0.08,55.2,8.16,Tarjeta
V02517,2024-07-25,C0334,Empresa,Tubo PVC 1/2,Plomería,Arequipa,Marketplace,2,8,0.05,15.2,2.99,Yape
V02518,2024-10-07,C0408,Profesional,Taladro inalámbrico,Herramientas,Lima,App,2,260,0.0,520.0,84.44,Efectivo
V02519,2024-06-25,C0396,Profesional,Cable eléctrico 10m,Electricidad,La Libertad,Tienda,3,42,0.08,115.92,38.34,Efectivo
V02520,2025-04-13,C0098,Hogar,Llave de paso,Plomería,Cusco,Marketplace,7,28,0.1,176.4,46.98,Efectivo
V02521,2024-01-27,C0444,Hogar,Brocha 3 pulgadas,Pinturas,Arequipa,Web,6,18,0.1,97.2,22.43,Tarjeta
V02522,2024-02-13,C0027,Profesional,Casco de seguridad,Seguridad,Arequipa,App,3,35,0.03,101.85,30.11,Tarjeta
V02523,2024-12-26,C0193,Hogar,Martillo profesional,Herramientas,Junín,Tienda,2,65,0.05,123.5,30.9,Tarjeta
V02524,2024-08-15,C0107,Hogar,Foco LED,Electricidad,Junín,Web,2,15,0.0,30.0,8.47,Yape
V02525,2024-11-14,C0241,Hogar,Cemento 42.5kg,Construcción,La Libertad,App,4,32,0.05,121.6,30.34,Yape
V02526,2025-07-13,C0317,Profesional,Foco LED,Electricidad,Junín,Web,3,15,0.08,41.4,10.31,Efectivo
V02527,2024-02-25,C0225,Hogar,Guantes de trabajo,Seguridad,Arequipa,App,3,22,0.08,60.72,15.37,Yape
V02528,2024-04-03,C0490,Profesional,Brocha 3 pulgadas,Pinturas,Piura,Marketplace,2,18,0.0,36.0,4.47,Plin
V02529,2025-03-21,C0239,Profesional,Taladro inalámbrico,Herramientas,La Libertad,Tienda,3,260,0.08,717.6,200.07,Efectivo
V02530,2025-01-06,C0273,Hogar,Cable eléctrico 10m,Electricidad,Junín,App,1,42,0.08,38.64,8.07,Efectivo
V02531,2025-08-13,C0256,Profesional,Pintura látex 4L,Pinturas,Cusco,Web,7,95,0.05,631.75,211.54,Transferencia
V02532,2025-05-15,C0351,Hogar,Taladro inalámbrico,Herramientas,La Libertad,Tienda,4,260,0.0,1040.0,207.71,Transferencia
V02533,2024-07-01,C0481,Empresa,Martillo profesional,Herramientas,Lima,Tienda,2,65,0.05,123.5,20.66,Plin
V02534,2024-09-11,C0467,Empresa,Tubo PVC 1/2,Plomería,Lima,App,1,8,0.08,7.36,1.15,Tarjeta
V02535,2024-03-05,C0362,Hogar,Casco de seguridad,Seguridad,Arequipa,Web,4,35,0.05,133.0,21.21,Efectivo
V02536,2025-01-21,C0271,Hogar,Taladro inalámbrico,Herramientas,Junín,Tienda,5,260,0.1,1170.0,330.35,Plin
V02537,2024-09-06,C0390,Hogar,Llave de paso,Plomería,Cusco,Tienda,7,28,0.03,190.12,39.94,Efectivo
V02538,2024-10-19,C0467,Hogar,Taladro inalámbrico,Herramientas,Arequipa,Tienda,1,260,0.05,247.0,57.26,Tarjeta
V02539,2025-05-26,C0276,Empresa,Pintura látex 4L,Pinturas,Piura,Web,3,95,0.05,270.75,48.84,Plin
V02540,2024-06-21,C0290,Hogar,Alicate,Herramientas,Junín,Tienda,2,38,0.08,69.92,12.54,Tarjeta
V02541,2024-04-28,C0488,Profesional,Foco LED,Electricidad,Piura,Tienda,2,15,0.08,27.6,4.93,Yape
V02542,2025-08-23,C0437,Hogar,Brocha 3 pulgadas,Pinturas,Arequipa,Tienda,2,18,0.08,33.12,4.85,Yape
V02543,2024-07-13,C0184,Hogar,Alicate,Herramientas,Lima,Web,5,38,0.05,180.5,58.96,Transferencia
V02544,2024-10-04,C0086,Empresa,Foco LED,Electricidad,Lima,App,6,15,0.03,87.3,24.65,Tarjeta
V02545,2025-01-05,C0439,Profesional,Martillo profesional,Herramientas,Arequipa,App,2,65,0.08,119.6,37.01,Plin
V02546,2025-10-06,C0224,Hogar,Casco de seguridad,Seguridad,Arequipa,Tienda,5,35,0.05,166.25,28.58,Transferencia
V02547,2024-10-10,C0449,Hogar,Foco LED,Electricidad,Lima,Web,3,15,0.08,41.4,9.95,Plin
V02548,2024-08-20,C0260,Hogar,Pintura látex 4L,Pinturas,Lima,App,3,95,0.05,270.75,41.35,Transferencia
V02549,2025-02-14,C0361,Hogar,Foco LED,Electricidad,Lima,App,1,15,0.05,14.25,3.25,Plin
V02550,2024-04-21,C0461,Hogar,Llave de paso,Plomería,Cusco,Web,4,28,0.05,106.4,21.29,Tarjeta
V02551,2025-06-07,C0114,Profesional,Alicate,Herramientas,Lima,App,4,38,0.05,144.4,24.6,Yape
V02552,2024-07-10,C0440,Profesional,Pintura látex 4L,Pinturas,Junín,Web,5,95,0.0,475.0,131.31,Tarjeta
V02553,2024-01-01,C0098,Profesional,Alicate,Herramientas,Arequipa,Marketplace,7,38,0.05,252.7,46.46,Transferencia
V02554,2024-05-12,C0051,Hogar,Brocha 3 pulgadas,Pinturas,Lima,Marketplace,7,18,0.03,122.22,30.9,Tarjeta
V02555,2025-01-23,C0163,Profesional,Llave de paso,Plomería,Junín,Tienda,2,28,0.05,53.2,11.45,Tarjeta
V02556,2025-04-18,C0425,Hogar,Pintura látex 4L,Pinturas,Piura,Tienda,4,95,0.08,349.6,95.86,Tarjeta
V02557,2024-12-29,C0473,Empresa,Alicate,Herramientas,Lima,App,7,38,0.0,266.0,42.15,Tarjeta
V02558,2024-10-04,C0485,Hogar,Pintura látex 4L,Pinturas,Arequipa,Tienda,4,95,0.05,361.0,82.93,Transferencia
V02559,2025-02-27,C0463,Profesional,Martillo profesional,Herramientas,Lima,Tienda,5,65,0.05,308.75,88.25,Transferencia
V02560,2025-08-23,C0251,Hogar,Taladro inalámbrico,Herramientas,Lima,Tienda,7,260,0.05,1729.0,366.27,Plin
V02561,2025-05-14,C0249,Empresa,Taladro inalámbrico,Herramientas,La Libertad,Tienda,2,260,0.1,468.0,151.69,Plin
V02562,2024-05-21,C0207,Hogar,Tubo PVC 1/2,Plomería,Lima,Marketplace,7,8,0.05,53.2,15.31,Tarjeta
V02563,2024-10-09,C0324,Hogar,Llave de paso,Plomería,Arequipa,Web,2,28,0.05,53.2,7.73,Transferencia
V02564,2024-06-14,C0363,Profesional,Pintura látex 4L,Pinturas,Lima,Web,1,95,0.0,95.0,15.84,Yape
V02565,2025-07-07,C0377,Hogar,Martillo profesional,Herramientas,Junín,Marketplace,2,65,0.08,119.6,39.75,Plin
V02566,2025-06-30,C0387,Profesional,Martillo profesional,Herramientas,Junín,Marketplace,2,65,0.05,123.5,40.32,Plin
V02567,2025-12-28,C0379,Empresa,Tubo PVC 1/2,Plomería,Junín,Tienda,3,8,0.1,21.6,4.64,Plin
V02568,2025-07-13,C0132,Empresa,Llave de paso,Plomería,La Libertad,Marketplace,1,28,0.08,25.76,6.62,Efectivo
V02569,2025-01-07,C0053,Empresa,Tubo PVC 1/2,Plomería,Cusco,Marketplace,5,8,0.1,36.0,11.25,Plin
V02570,2024-08-10,C0014,Hogar,Tubo PVC 1/2,Plomería,Piura,Marketplace,6,8,0.05,45.6,8.75,Transferencia
V02571,2024-02-09,C0142,Hogar,Guantes de trabajo,Seguridad,Junín,Web,1,22,0.0,22.0,5.9,Tarjeta
V02572,2025-01-04,C0069,Profesional,Guantes de trabajo,Seguridad,Arequipa,Tienda,5,22,0.08,101.2,19.15,Efectivo
V02573,2024-06-22,C0213,Hogar,Alicate,Herramientas,Arequipa,App,7,38,0.08,244.72,78.44,Tarjeta
V02574,2025-08-01,C0034,Profesional,Pintura látex 4L,Pinturas,Cusco,Tienda,7,95,0.05,631.75,84.09,Efectivo
V02575,2025-03-13,C0417,Hogar,Tubo PVC 1/2,Plomería,La Libertad,App,5,8,0.05,38.0,12.0,Transferencia
V02576,2025-06-10,C0280,Profesional,Taladro inalámbrico,Herramientas,Piura,Marketplace,7,260,0.05,1729.0,274.39,Yape
V02577,2025-09-01,C0001,Profesional,Llave de paso,Plomería,Arequipa,Marketplace,2,28,0.1,50.4,10.76,Transferencia
V02578,2025-04-28,C0283,Hogar,Cable eléctrico 10m,Electricidad,Arequipa,Tienda,4,42,0.0,168.0,54.42,Efectivo
V02579,2025-01-28,C0256,Empresa,Llave de paso,Plomería,La Libertad,Marketplace,1,28,0.05,26.6,6.85,Yape
V02580,2024-07-05,C0040,Hogar,Cable eléctrico 10m,Electricidad,Arequipa,App,1,42,0.0,42.0,6.76,Efectivo
V02581,2025-09-07,C0199,Profesional,Pintura látex 4L,Pinturas,Arequipa,Tienda,6,95,0.0,570.0,176.96,Transferencia
V02582,2025-10-16,C0358,Empresa,Guantes de trabajo,Seguridad,Junín,Tienda,4,22,0.1,79.2,14.09,Yape
V02583,2025-09-23,C0244,Hogar,Llave de paso,Plomería,La Libertad,Marketplace,4,28,0.08,103.04,22.32,Efectivo
V02584,2024-02-27,C0480,Hogar,Brocha 3 pulgadas,Pinturas,Junín,Marketplace,5,18,0.1,81.0,21.96,Yape
V02585,2024-07-06,C0316,Hogar,Llave de paso,Plomería,La Libertad,Tienda,3,28,0.03,81.48,23.3,Yape
V02586,2024-04-27,C0391,Hogar,Foco LED,Electricidad,Lima,Web,1,15,0.0,15.0,3.57,Yape
V02587,2025-12-31,C0326,Hogar,Foco LED,Electricidad,Arequipa,Web,2,15,0.03,29.1,4.82,Plin
V02588,2024-10-25,C0340,Hogar,Cable eléctrico 10m,Electricidad,Lima,Tienda,6,42,0.05,239.4,78.39,Yape
V02589,2025-12-13,C0352,Profesional,Foco LED,Electricidad,Piura,Web,2,15,0.0,30.0,6.04,Yape
V02590,2025-01-31,C0151,Hogar,Taladro inalámbrico,Herramientas,Piura,Web,2,260,0.05,494.0,114.72,Efectivo
V02591,2024-02-08,C0179,Empresa,Llave de paso,Plomería,Arequipa,Tienda,4,28,0.0,112.0,17.92,Tarjeta
V02592,2024-10-31,C0318,Profesional,Pintura látex 4L,Pinturas,Junín,Tienda,7,95,0.05,631.75,120.06,Efectivo
V02593,2025-11-30,C0424,Profesional,Foco LED,Electricidad,Junín,App,6,15,0.03,87.3,25.97,Efectivo
V02594,2025-12-10,C0248,Hogar,Casco de seguridad,Seguridad,Lima,App,1,35,0.0,35.0,6.82,Transferencia
V02595,2024-04-01,C0371,Empresa,Llave de paso,Plomería,Arequipa,Tienda,7,28,0.03,190.12,55.68,Transferencia
V02596,2024-12-29,C0407,Profesional,Alicate,Herramientas,Junín,App,1,38,0.1,34.2,9.49,Transferencia
V02597,2024-11-15,C0016,Hogar,Cable eléctrico 10m,Electricidad,Piura,App,7,42,0.1,264.6,53.83,Plin
V02598,2025-11-18,C0254,Profesional,Taladro inalámbrico,Herramientas,Lima,Tienda,6,260,0.03,1513.2,281.99,Transferencia
V02599,2024-06-14,C0416,Empresa,Foco LED,Electricidad,La Libertad,Tienda,3,15,0.05,42.75,10.19,Tarjeta
V02600,2024-04-23,C0021,Hogar,Martillo profesional,Herramientas,La Libertad,Tienda,3,65,0.03,189.15,39.69,Efectivo
V02601,2025-12-12,C0051,Hogar,Llave de paso,Plomería,La Libertad,App,6,28,0.03,162.96,30.64,Yape
V02602,2024-02-02,C0080,Profesional,Casco de seguridad,Seguridad,Arequipa,Tienda,7,35,0.0,245.0,31.07,Yape
V02603,2024-07-09,C0083,Hogar,Llave de paso,Plomería,Arequipa,App,7,28,0.08,180.32,48.23,Yape
V02604,2024-03-11,C0232,Profesional,Guantes de trabajo,Seguridad,La Libertad,Tienda,6,22,0.0,132.0,41.92,Tarjeta
V02605,2024-04-27,C0170,Profesional,Casco de seguridad,Seguridad,Piura,Web,1,35,0.05,33.25,4.57,Transferencia
V02606,2025-09-29,C0175,Hogar,Foco LED,Electricidad,Cusco,Tienda,5,15,0.05,71.25,18.6,Plin
V02607,2025-11-20,C0393,Profesional,Pintura látex 4L,Pinturas,Lima,Marketplace,4,95,0.05,361.0,57.51,Plin
V02608,2024-04-29,C0273,Hogar,Taladro inalámbrico,Herramientas,La Libertad,Tienda,3,260,0.03,756.6,121.33,Efectivo
V02609,2024-06-09,C0370,Profesional,Foco LED,Electricidad,Arequipa,Web,4,15,0.05,57.0,10.7,Transferencia
V02610,2025-07-19,C0189,Hogar,Llave de paso,Plomería,Cusco,App,4,28,0.03,108.64,30.16,Tarjeta
V02611,2024-10-21,C0192,Hogar,Pintura látex 4L,Pinturas,Cusco,Tienda,1,95,0.1,85.5,12.96,Yape
V02612,2025-09-26,C0051,Hogar,Cemento 42.5kg,Construcción,Cusco,Tienda,6,32,0.0,192.0,34.19,Efectivo
V02613,2024-09-12,C0412,Hogar,Alicate,Herramientas,La Libertad,Web,6,38,0.05,216.6,47.42,Efectivo
V02614,2024-12-17,C0489,Empresa,Martillo profesional,Herramientas,Junín,Tienda,3,65,0.1,175.5,34.18,Yape
V02615,2025-04-14,C0065,Hogar,Taladro inalámbrico,Herramientas,Arequipa,App,6,260,0.0,1560.0,438.41,Plin
V02616,2025-12-16,C0208,Hogar,Alicate,Herramientas,La Libertad,Tienda,6,38,0.05,216.6,38.96,Yape
V02617,2024-11-17,C0347,Hogar,Pintura látex 4L,Pinturas,Lima,Tienda,5,95,0.0,475.0,61.45,Efectivo
V02618,2024-09-08,C0409,Hogar,Guantes de trabajo,Seguridad,Cusco,Web,1,22,0.08,20.24,5.1,Yape
V02619,2024-02-23,C0167,Hogar,Alicate,Herramientas,La Libertad,Tienda,3,38,0.05,108.3,19.62,Transferencia
V02620,2024-05-16,C0153,Profesional,Cemento 42.5kg,Construcción,La Libertad,Web,7,32,0.03,217.28,48.78,Efectivo
V02621,2025-05-07,C0300,Profesional,Taladro inalámbrico,Herramientas,Piura,Web,3,260,0.05,741.0,120.13,Yape
V02622,2024-02-02,C0204,Profesional,Cemento 42.5kg,Construcción,Junín,Web,6,32,0.0,192.0,36.72,Plin
V02623,2025-12-20,C0121,Hogar,Guantes de trabajo,Seguridad,Junín,Web,3,22,0.0,66.0,8.21,Tarjeta
V02624,2025-01-17,C0073,Hogar,Llave de paso,Plomería,Arequipa,Web,5,28,0.0,140.0,35.09,Efectivo
V02625,2024-07-07,C0113,Empresa,Cemento 42.5kg,Construcción,Arequipa,Tienda,1,32,0.03,31.04,8.31,Plin
V02626,2025-11-10,C0465,Empresa,Tubo PVC 1/2,Plomería,Arequipa,Tienda,4,8,0.05,30.4,6.7,Tarjeta
V02627,2025-01-02,C0136,Empresa,Pintura látex 4L,Pinturas,Junín,App,3,95,0.05,270.75,68.32,Yape
V02628,2024-01-17,C0108,Empresa,Foco LED,Electricidad,Piura,App,6,15,0.0,90.0,15.4,Yape
V02629,2025-04-27,C0221,Profesional,Cemento 42.5kg,Construcción,Cusco,Tienda,4,32,0.05,121.6,38.76,Plin
V02630,2025-12-25,C0187,Profesional,Casco de seguridad,Seguridad,La Libertad,Web,1,35,0.0,35.0,9.76,Tarjeta
V02631,2024-03-26,C0009,Hogar,Brocha 3 pulgadas,Pinturas,Junín,Tienda,6,18,0.05,102.6,34.54,Plin
V02632,2024-05-01,C0459,Hogar,Tubo PVC 1/2,Plomería,Junín,Tienda,5,8,0.08,36.8,5.25,Transferencia
V02633,2025-03-22,C0469,Profesional,Martillo profesional,Herramientas,Cusco,Web,5,65,0.0,325.0,106.0,Plin
V02634,2025-09-25,C0430,Profesional,Taladro inalámbrico,Herramientas,Junín,Marketplace,5,260,0.05,1235.0,308.28,Tarjeta
V02635,2024-03-11,C0107,Hogar,Taladro inalámbrico,Herramientas,Piura,App,2,260,0.0,520.0,176.46,Plin
V02636,2024-11-03,C0215,Hogar,Taladro inalámbrico,Herramientas,Junín,Marketplace,1,260,0.05,247.0,33.36,Tarjeta
V02637,2025-08-18,C0466,Profesional,Tubo PVC 1/2,Plomería,Cusco,App,5,8,0.08,36.8,11.75,Yape
V02638,2024-11-29,C0151,Profesional,Alicate,Herramientas,Cusco,Web,4,38,0.03,147.44,30.21,Transferencia
V02639,2024-12-17,C0209,Hogar,Guantes de trabajo,Seguridad,Cusco,App,2,22,0.0,44.0,13.56,Transferencia
V02640,2025-06-27,C0468,Profesional,Cemento 42.5kg,Construcción,Piura,Tienda,4,32,0.05,121.6,20.99,Transferencia
V02641,2024-12-19,C0342,Profesional,Foco LED,Electricidad,Lima,Marketplace,5,15,0.03,72.75,15.93,Yape
V02642,2025-08-14,C0145,Empresa,Cable eléctrico 10m,Electricidad,Junín,Marketplace,2,42,0.05,79.8,12.23,Tarjeta
V02643,2025-03-10,C0321,Empresa,Cable eléctrico 10m,Electricidad,Junín,Tienda,3,42,0.05,119.7,16.78,Plin
V02644,2025-07-25,C0333,Profesional,Martillo profesional,Herramientas,La Libertad,Tienda,6,65,0.05,370.5,54.05,Transferencia
V02645,2024-12-24,C0255,Empresa,Alicate,Herramientas,Arequipa,Tienda,3,38,0.1,102.6,25.26,Yape
V02646,2025-01-08,C0328,Hogar,Alicate,Herramientas,Piura,Tienda,6,38,0.05,216.6,72.06,Yape
V02647,2024-01-05,C0201,Hogar,Martillo profesional,Herramientas,Junín,Web,7,65,0.0,455.0,109.22,Yape
V02648,2024-05-01,C0043,Empresa,Cemento 42.5kg,Construcción,Lima,Tienda,1,32,0.1,28.8,9.22,Yape
V02649,2024-01-20,C0120,Profesional,Pintura látex 4L,Pinturas,Junín,App,3,95,0.08,262.2,69.87,Transferencia
V02650,2025-08-05,C0063,Profesional,Casco de seguridad,Seguridad,Arequipa,App,4,35,0.08,128.8,33.63,Yape
V02651,2025-08-03,C0348,Profesional,Martillo profesional,Herramientas,Piura,Web,5,65,0.03,315.25,49.04,Efectivo
V02652,2025-01-18,C0206,Profesional,Tubo PVC 1/2,Plomería,La Libertad,Tienda,2,8,0.03,15.52,4.44,Yape
V02653,2025-10-07,C0135,Profesional,Martillo profesional,Herramientas,Arequipa,App,5,65,0.05,308.75,79.68,Plin
V02654,2024-01-10,C0288,Profesional,Cemento 42.5kg,Construcción,Junín,Tienda,5,32,0.03,155.2,41.83,Transferencia
V02655,2024-10-12,C0386,Hogar,Cable eléctrico 10m,Electricidad,La Libertad,Web,7,42,0.03,285.18,48.32,Efectivo
V02656,2025-03-29,C0048,Hogar,Tubo PVC 1/2,Plomería,Cusco,Tienda,3,8,0.0,24.0,3.1,Yape
V02657,2024-07-08,C0036,Hogar,Casco de seguridad,Seguridad,Lima,Tienda,4,35,0.0,140.0,18.73,Yape
V02658,2024-06-23,C0085,Profesional,Cable eléctrico 10m,Electricidad,Junín,Tienda,3,42,0.1,113.4,20.13,Plin
V02659,2025-04-13,C0470,Profesional,Guantes de trabajo,Seguridad,Junín,Tienda,6,22,0.05,125.4,42.01,Transferencia
V02660,2024-09-06,C0005,Profesional,Brocha 3 pulgadas,Pinturas,La Libertad,App,7,18,0.05,119.7,22.94,Plin
V02661,2025-06-12,C0294,Hogar,Pintura látex 4L,Pinturas,Lima,Web,2,95,0.08,174.8,21.56,Yape
V02662,2025-10-07,C0114,Profesional,Guantes de trabajo,Seguridad,Lima,Tienda,2,22,0.0,44.0,13.07,Transferencia
V02663,2024-12-28,C0405,Profesional,Martillo profesional,Herramientas,Piura,Tienda,7,65,0.08,418.6,123.54,Efectivo
V02664,2024-03-28,C0305,Hogar,Brocha 3 pulgadas,Pinturas,Junín,Marketplace,1,18,0.05,17.1,3.16,Yape
V02665,2025-04-14,C0392,Profesional,Tubo PVC 1/2,Plomería,Junín,Marketplace,1,8,0.0,8.0,2.14,Yape
V02666,2024-05-15,C0179,Profesional,Cable eléctrico 10m,Electricidad,Lima,Tienda,5,42,0.08,193.2,26.1,Plin
V02667,2024-01-07,C0251,Hogar,Cemento 42.5kg,Construcción,La Libertad,Web,4,32,0.05,121.6,24.27,Efectivo
V02668,2024-02-18,C0140,Profesional,Taladro inalámbrico,Herramientas,Cusco,Tienda,4,260,0.1,936.0,249.24,Efectivo
V02669,2025-09-22,C0321,Empresa,Taladro inalámbrico,Herramientas,La Libertad,Tienda,5,260,0.0,1300.0,389.51,Transferencia
V02670,2025-10-26,C0042,Profesional,Martillo profesional,Herramientas,La Libertad,Tienda,4,65,0.1,234.0,40.04,Plin
V02671,2025-06-24,C0236,Profesional,Casco de seguridad,Seguridad,Arequipa,Tienda,2,35,0.03,67.9,18.12,Efectivo
V02672,2024-09-02,C0278,Profesional,Pintura látex 4L,Pinturas,La Libertad,Tienda,5,95,0.03,460.75,97.7,Efectivo
V02673,2025-06-09,C0115,Empresa,Llave de paso,Plomería,Piura,Web,1,28,0.03,27.16,6.53,Transferencia
V02674,2025-01-24,C0298,Empresa,Llave de paso,Plomería,Cusco,Tienda,4,28,0.0,112.0,26.67,Plin
V02675,2024-09-20,C0397,Profesional,Pintura látex 4L,Pinturas,Piura,Tienda,2,95,0.0,190.0,62.03,Efectivo
V02676,2024-11-20,C0246,Profesional,Cemento 42.5kg,Construcción,Lima,Tienda,5,32,0.05,152.0,25.76,Efectivo
V02677,2024-12-10,C0003,Hogar,Pintura látex 4L,Pinturas,Junín,Tienda,7,95,0.1,598.5,193.43,Transferencia
V02678,2025-07-29,C0224,Empresa,Tubo PVC 1/2,Plomería,La Libertad,Marketplace,1,8,0.08,7.36,0.93,Plin
V02679,2024-07-13,C0180,Hogar,Pintura látex 4L,Pinturas,Lima,Marketplace,3,95,0.03,276.45,39.7,Efectivo
V02680,2024-08-19,C0243,Hogar,Martillo profesional,Herramientas,Cusco,Tienda,1,65,0.0,65.0,17.0,Yape
V02681,2024-01-01,C0151,Hogar,Martillo profesional,Herramientas,Lima,Tienda,4,65,0.0,260.0,73.46,Plin
V02682,2024-12-11,C0238,Hogar,Taladro inalámbrico,Herramientas,Junín,Web,7,260,0.05,1729.0,538.52,Yape
V02683,2025-11-26,C0137,Hogar,Foco LED,Electricidad,Arequipa,Web,5,15,0.03,72.75,11.06,Yape
V02684,2025-09-08,C0149,Hogar,Cable eléctrico 10m,Electricidad,Cusco,Tienda,7,42,0.0,294.0,38.87,Transferencia
V02685,2025-02-25,C0461,Profesional,Taladro inalámbrico,Herramientas,Junín,Tienda,7,260,0.08,1674.4,381.68,Efectivo
V02686,2024-06-11,C0468,Hogar,Brocha 3 pulgadas,Pinturas,Lima,Tienda,7,18,0.0,126.0,24.92,Yape
V02687,2024-01-10,C0272,Profesional,Pintura látex 4L,Pinturas,Junín,App,2,95,0.03,184.3,39.2,Tarjeta
V02688,2024-07-26,C0452,Hogar,Casco de seguridad,Seguridad,Arequipa,Marketplace,5,35,0.08,161.0,46.13,Plin
V02689,2025-06-05,C0400,Hogar,Guantes de trabajo,Seguridad,Cusco,App,6,22,0.0,132.0,33.67,Transferencia
V02690,2025-08-22,C0295,Hogar,Taladro inalámbrico,Herramientas,Lima,Web,4,260,0.0,1040.0,250.57,Transferencia
V02691,2024-09-02,C0264,Hogar,Alicate,Herramientas,Arequipa,Tienda,7,38,0.08,244.72,72.69,Transferencia
V02692,2024-01-08,C0343,Hogar,Taladro inalámbrico,Herramientas,La Libertad,Tienda,4,260,0.0,1040.0,245.7,Plin
V02693,2024-01-09,C0449,Empresa,Taladro inalámbrico,Herramientas,Lima,Tienda,3,260,0.03,756.6,234.53,Tarjeta
V02694,2025-06-26,C0394,Profesional,Casco de seguridad,Seguridad,Arequipa,Marketplace,4,35,0.05,133.0,36.52,Plin
V02695,2024-07-01,C0071,Empresa,Alicate,Herramientas,La Libertad,App,2,38,0.08,69.92,19.34,Efectivo
V02696,2024-01-27,C0054,Hogar,Pintura látex 4L,Pinturas,Piura,Tienda,1,95,0.0,95.0,25.68,Plin
V02697,2024-08-18,C0272,Hogar,Brocha 3 pulgadas,Pinturas,Junín,Web,6,18,0.05,102.6,14.08,Tarjeta
V02698,2024-06-19,C0194,Profesional,Brocha 3 pulgadas,Pinturas,Piura,App,4,18,0.03,69.84,17.93,Yape
V02699,2024-11-18,C0392,Hogar,Foco LED,Electricidad,Arequipa,App,5,15,0.0,75.0,20.32,Transferencia
V02700,2024-08-11,C0369,Empresa,Tubo PVC 1/2,Plomería,La Libertad,Web,1,8,0.1,7.2,1.52,Efectivo
V02701,2025-12-19,C0426,Hogar,Tubo PVC 1/2,Plomería,Cusco,Tienda,5,8,0.03,38.8,7.13,Efectivo
V02702,2024-03-02,C0041,Hogar,Guantes de trabajo,Seguridad,Arequipa,App,2,22,0.0,44.0,10.38,Efectivo
V02703,2025-06-17,C0341,Hogar,Martillo profesional,Herramientas,La Libertad,Marketplace,6,65,0.0,390.0,78.08,Plin
V02704,2025-05-27,C0095,Hogar,Alicate,Herramientas,Piura,Web,1,38,0.1,34.2,5.57,Efectivo
V02705,2024-03-01,C0291,Profesional,Pintura látex 4L,Pinturas,Piura,App,6,95,0.03,552.9,172.57,Transferencia
V02706,2024-04-13,C0131,Empresa,Cemento 42.5kg,Construcción,Junín,Tienda,5,32,0.0,160.0,49.71,Yape
V02707,2025-11-01,C0415,Profesional,Cemento 42.5kg,Construcción,Arequipa,Web,3,32,0.05,91.2,18.8,Yape
V02708,2024-09-17,C0463,Hogar,Tubo PVC 1/2,Plomería,La Libertad,App,6,8,0.08,44.16,9.14,Transferencia
V02709,2024-12-16,C0172,Hogar,Taladro inalámbrico,Herramientas,Lima,App,3,260,0.0,780.0,211.5,Tarjeta
V02710,2025-11-16,C0380,Profesional,Cable eléctrico 10m,Electricidad,Piura,Tienda,2,42,0.05,79.8,26.61,Plin
V02711,2024-06-10,C0055,Profesional,Guantes de trabajo,Seguridad,Lima,Tienda,4,22,0.0,88.0,12.18,Tarjeta
V02712,2024-09-10,C0209,Profesional,Foco LED,Electricidad,Cusco,Tienda,7,15,0.0,105.0,28.9,Tarjeta
V02713,2025-08-18,C0172,Profesional,Cemento 42.5kg,Construcción,La Libertad,Web,6,32,0.05,182.4,24.75,Tarjeta
V02714,2025-12-16,C0207,Empresa,Llave de paso,Plomería,Lima,Web,4,28,0.05,106.4,31.73,Plin
V02715,2025-03-16,C0492,Empresa,Martillo profesional,Herramientas,La Libertad,Web,5,65,0.05,308.75,37.83,Yape
V02716,2025-02-07,C0010,Profesional,Cable eléctrico 10m,Electricidad,La Libertad,App,6,42,0.1,226.8,56.45,Tarjeta
V02717,2025-07-09,C0247,Profesional,Llave de paso,Plomería,Piura,Tienda,5,28,0.05,133.0,21.5,Yape
V02718,2024-09-27,C0331,Profesional,Casco de seguridad,Seguridad,Arequipa,Web,2,35,0.08,64.4,14.31,Efectivo
V02719,2025-02-21,C0416,Profesional,Guantes de trabajo,Seguridad,Cusco,App,1,22,0.0,22.0,2.7,Transferencia
V02720,2025-03-29,C0127,Hogar,Tubo PVC 1/2,Plomería,Cusco,App,6,8,0.1,43.2,11.39,Plin
V02721,2024-04-02,C0224,Hogar,Guantes de trabajo,Seguridad,Junín,Web,4,22,0.03,85.36,23.76,Efectivo
V02722,2025-10-21,C0212,Hogar,Taladro inalámbrico,Herramientas,Piura,App,2,260,0.03,504.4,123.96,Transferencia
V02723,2024-03-07,C0167,Hogar,Llave de paso,Plomería,La Libertad,Web,1,28,0.05,26.6,6.57,Yape
V02724,2024-06-17,C0189,Profesional,Taladro inalámbrico,Herramientas,Junín,App,6,260,0.05,1482.0,501.81,Plin
V02725,2025-06-02,C0472,Empresa,Alicate,Herramientas,Piura,Tienda,7,38,0.05,252.7,57.81,Efectivo
V02726,2025-08-22,C0037,Hogar,Cemento 42.5kg,Construcción,Piura,Tienda,1,32,0.03,31.04,8.73,Plin
V02727,2024-10-16,C0175,Profesional,Pintura látex 4L,Pinturas,Cusco,Tienda,6,95,0.0,570.0,173.82,Plin
V02728,2025-09-04,C0028,Profesional,Guantes de trabajo,Seguridad,Lima,Web,4,22,0.08,80.96,19.48,Tarjeta
V02729,2025-07-21,C0137,Hogar,Foco LED,Electricidad,Lima,Web,4,15,0.05,57.0,7.23,Plin
V02730,2024-11-17,C0331,Profesional,Taladro inalámbrico,Herramientas,Cusco,Tienda,5,260,0.0,1300.0,190.0,Efectivo
V02731,2025-02-05,C0243,Hogar,Llave de paso,Plomería,Cusco,App,1,28,0.03,27.16,7.07,Tarjeta
V02732,2025-09-04,C0158,Hogar,Casco de seguridad,Seguridad,Junín,Tienda,3,35,0.05,99.75,18.44,Efectivo
V02733,2025-12-14,C0141,Hogar,Alicate,Herramientas,Arequipa,Tienda,1,38,0.08,34.96,5.26,Transferencia
V02734,2025-12-08,C0125,Profesional,Cable eléctrico 10m,Electricidad,Cusco,App,6,42,0.05,239.4,56.7,Efectivo
V02735,2025-01-08,C0472,Hogar,Cable eléctrico 10m,Electricidad,Lima,App,1,42,0.05,39.9,10.97,Transferencia
V02736,2025-12-11,C0180,Hogar,Tubo PVC 1/2,Plomería,Piura,App,7,8,0.05,53.2,16.36,Yape
V02737,2025-12-13,C0448,Profesional,Cable eléctrico 10m,Electricidad,Arequipa,Tienda,1,42,0.05,39.9,13.46,Transferencia
V02738,2025-10-18,C0142,Hogar,Martillo profesional,Herramientas,Piura,Web,4,65,0.05,247.0,72.17,Transferencia
V02739,2025-02-23,C0254,Profesional,Martillo profesional,Herramientas,Junín,Tienda,6,65,0.05,370.5,113.44,Transferencia
V02740,2024-03-01,C0349,Hogar,Brocha 3 pulgadas,Pinturas,Piura,Tienda,3,18,0.08,49.68,8.49,Transferencia
V02741,2024-10-05,C0246,Empresa,Cable eléctrico 10m,Electricidad,Junín,Marketplace,5,42,0.05,199.5,32.87,Transferencia
V02742,2024-01-20,C0469,Profesional,Guantes de trabajo,Seguridad,La Libertad,App,6,22,0.05,125.4,30.59,Plin
V02743,2025-12-29,C0305,Profesional,Foco LED,Electricidad,La Libertad,App,7,15,0.05,99.75,14.98,Yape
V02744,2025-07-03,C0195,Profesional,Martillo profesional,Herramientas,Junín,App,4,65,0.03,252.2,65.19,Tarjeta
V02745,2024-03-05,C0121,Empresa,Alicate,Herramientas,Cusco,Web,3,38,0.1,102.6,29.45,Plin
V02746,2025-05-28,C0490,Hogar,Taladro inalámbrico,Herramientas,Piura,Tienda,7,260,0.1,1638.0,447.69,Yape
V02747,2024-12-17,C0290,Hogar,Guantes de trabajo,Seguridad,Cusco,App,3,22,0.05,62.7,11.74,Yape
V02748,2025-10-05,C0285,Empresa,Cable eléctrico 10m,Electricidad,La Libertad,Tienda,1,42,0.05,39.9,11.49,Efectivo
V02749,2025-06-26,C0312,Profesional,Cable eléctrico 10m,Electricidad,Arequipa,App,5,42,0.0,210.0,44.06,Efectivo
V02750,2025-02-24,C0011,Profesional,Cable eléctrico 10m,Electricidad,La Libertad,Tienda,6,42,0.05,239.4,34.89,Transferencia
V02751,2025-04-26,C0196,Hogar,Llave de paso,Plomería,La Libertad,Tienda,4,28,0.03,108.64,26.59,Tarjeta
V02752,2025-01-18,C0257,Profesional,Llave de paso,Plomería,La Libertad,Tienda,4,28,0.1,100.8,17.14,Transferencia
V02753,2025-09-20,C0220,Profesional,Cemento 42.5kg,Construcción,La Libertad,Tienda,1,32,0.1,28.8,9.49,Tarjeta
V02754,2025-01-09,C0093,Hogar,Cable eléctrico 10m,Electricidad,Piura,Tienda,1,42,0.05,39.9,6.78,Tarjeta
V02755,2024-09-21,C0230,Profesional,Pintura látex 4L,Pinturas,Lima,Tienda,4,95,0.05,361.0,79.69,Yape
V02756,2025-08-29,C0138,Hogar,Alicate,Herramientas,Junín,Marketplace,6,38,0.05,216.6,48.72,Tarjeta
V02757,2025-09-12,C0140,Hogar,Llave de paso,Plomería,Lima,Tienda,5,28,0.0,140.0,21.68,Plin
V02758,2024-11-17,C0432,Empresa,Cemento 42.5kg,Construcción,Piura,Tienda,7,32,0.05,212.8,68.17,Efectivo
V02759,2024-08-31,C0341,Hogar,Martillo profesional,Herramientas,Arequipa,App,2,65,0.0,130.0,33.56,Efectivo
V02760,2025-07-11,C0253,Hogar,Foco LED,Electricidad,Piura,Tienda,5,15,0.03,72.75,11.19,Transferencia
V02761,2024-03-02,C0184,Empresa,Brocha 3 pulgadas,Pinturas,Cusco,Marketplace,2,18,0.03,34.92,8.65,Tarjeta
V02762,2024-02-13,C0365,Profesional,Martillo profesional,Herramientas,Lima,Tienda,1,65,0.0,65.0,22.05,Transferencia
V02763,2025-11-16,C0470,Empresa,Cemento 42.5kg,Construcción,Arequipa,Web,6,32,0.0,192.0,56.57,Transferencia
V02764,2025-04-04,C0324,Hogar,Cemento 42.5kg,Construcción,Cusco,Tienda,4,32,0.03,124.16,38.54,Transferencia
V02765,2025-04-27,C0019,Profesional,Foco LED,Electricidad,Arequipa,Marketplace,6,15,0.08,82.8,14.1,Tarjeta
V02766,2025-07-28,C0392,Profesional,Taladro inalámbrico,Herramientas,Piura,Marketplace,1,260,0.0,260.0,33.61,Efectivo
V02767,2025-12-21,C0434,Hogar,Martillo profesional,Herramientas,Cusco,Marketplace,5,65,0.0,325.0,45.62,Efectivo
V02768,2024-11-23,C0379,Profesional,Alicate,Herramientas,Cusco,Web,5,38,0.05,180.5,59.42,Plin
V02769,2024-07-11,C0391,Hogar,Taladro inalámbrico,Herramientas,La Libertad,Tienda,3,260,0.1,702.0,182.79,Efectivo
V02770,2025-06-23,C0330,Profesional,Brocha 3 pulgadas,Pinturas,Piura,Tienda,6,18,0.0,108.0,34.2,Yape
V02771,2024-05-17,C0227,Hogar,Cemento 42.5kg,Construcción,Lima,Tienda,3,32,0.0,96.0,21.32,Transferencia
V02772,2025-05-23,C0328,Empresa,Taladro inalámbrico,Herramientas,Junín,Web,1,260,0.08,239.2,51.07,Transferencia
V02773,2025-08-28,C0090,Profesional,Martillo profesional,Herramientas,Arequipa,App,4,65,0.08,239.2,72.05,Efectivo
V02774,2024-10-19,C0129,Profesional,Tubo PVC 1/2,Plomería,Lima,Tienda,1,8,0.03,7.76,1.82,Plin
V02775,2025-04-23,C0407,Empresa,Alicate,Herramientas,Arequipa,Web,3,38,0.08,104.88,32.57,Efectivo
V02776,2025-03-16,C0191,Empresa,Tubo PVC 1/2,Plomería,Junín,Marketplace,1,8,0.08,7.36,1.91,Yape
V02777,2024-09-06,C0382,Profesional,Foco LED,Electricidad,Junín,Tienda,5,15,0.0,75.0,23.2,Transferencia
V02778,2025-09-28,C0169,Profesional,Tubo PVC 1/2,Plomería,Cusco,Web,2,8,0.0,16.0,2.46,Tarjeta
V02779,2024-04-19,C0497,Profesional,Casco de seguridad,Seguridad,Cusco,App,2,35,0.03,67.9,22.31,Tarjeta
V02780,2024-11-05,C0191,Empresa,Guantes de trabajo,Seguridad,La Libertad,Tienda,2,22,0.05,41.8,13.23,Transferencia
V02781,2024-07-23,C0037,Hogar,Taladro inalámbrico,Herramientas,Piura,Tienda,1,260,0.08,239.2,52.81,Efectivo
V02782,2024-11-17,C0192,Profesional,Llave de paso,Plomería,Piura,Tienda,7,28,0.05,186.2,34.65,Plin
V02783,2024-07-12,C0251,Hogar,Cable eléctrico 10m,Electricidad,Piura,App,2,42,0.08,77.28,21.11,Plin
V02784,2025-02-28,C0159,Empresa,Casco de seguridad,Seguridad,Lima,Web,1,35,0.1,31.5,9.74,Transferencia
V02785,2024-08-13,C0402,Hogar,Foco LED,Electricidad,Piura,Marketplace,1,15,0.1,13.5,2.96,Yape
V02786,2025-04-28,C0114,Empresa,Cable eléctrico 10m,Electricidad,Arequipa,Tienda,4,42,0.0,168.0,51.05,Efectivo
V02787,2024-02-14,C0263,Profesional,Cable eléctrico 10m,Electricidad,Junín,Tienda,5,42,0.1,189.0,61.39,Transferencia
V02788,2025-11-23,C0210,Empresa,Casco de seguridad,Seguridad,Piura,Tienda,5,35,0.03,169.75,32.99,Yape
V02789,2025-05-03,C0217,Hogar,Guantes de trabajo,Seguridad,Arequipa,Tienda,1,22,0.0,22.0,7.38,Efectivo
V02790,2024-04-14,C0095,Profesional,Llave de paso,Plomería,Piura,App,4,28,0.08,103.04,29.88,Transferencia
V02791,2024-03-01,C0363,Empresa,Llave de paso,Plomería,La Libertad,App,2,28,0.08,51.52,12.52,Efectivo
V02792,2025-09-22,C0018,Profesional,Martillo profesional,Herramientas,Junín,Web,3,65,0.0,195.0,48.05,Transferencia
V02793,2025-01-31,C0258,Profesional,Martillo profesional,Herramientas,Lima,App,2,65,0.08,119.6,30.03,Tarjeta
V02794,2024-05-08,C0104,Hogar,Pintura látex 4L,Pinturas,Cusco,Marketplace,1,95,0.05,90.25,14.19,Tarjeta
V02795,2025-06-01,C0392,Hogar,Tubo PVC 1/2,Plomería,Junín,Tienda,6,8,0.0,48.0,6.36,Plin
V02796,2024-01-15,C0479,Empresa,Cemento 42.5kg,Construcción,Piura,App,5,32,0.1,144.0,22.73,Efectivo
V02797,2024-03-17,C0056,Profesional,Guantes de trabajo,Seguridad,Cusco,Tienda,6,22,0.05,125.4,38.97,Transferencia
V02798,2025-10-17,C0100,Hogar,Alicate,Herramientas,Cusco,Web,3,38,0.0,114.0,23.84,Yape
V02799,2025-02-26,C0225,Hogar,Cable eléctrico 10m,Electricidad,Cusco,Tienda,1,42,0.0,42.0,7.97,Efectivo
V02800,2024-08-27,C0229,Hogar,Foco LED,Electricidad,Piura,Web,3,15,0.05,42.75,13.16,Plin
V02801,2024-10-29,C0281,Hogar,Alicate,Herramientas,Piura,Marketplace,3,38,0.1,102.6,34.79,Plin
V02802,2025-10-19,C0077,Profesional,Llave de paso,Plomería,Lima,Tienda,7,28,0.0,196.0,31.72,Plin
V02803,2024-05-09,C0205,Hogar,Brocha 3 pulgadas,Pinturas,La Libertad,Web,3,18,0.03,52.38,16.46,Transferencia
V02804,2024-12-23,C0001,Hogar,Cable eléctrico 10m,Electricidad,Lima,Marketplace,6,42,0.08,231.84,32.98,Transferencia
V02805,2025-01-05,C0490,Profesional,Cemento 42.5kg,Construcción,Junín,App,3,32,0.08,88.32,24.77,Tarjeta
V02806,2024-05-28,C0186,Profesional,Cemento 42.5kg,Construcción,Junín,Web,6,32,0.05,182.4,56.53,Yape
V02807,2025-05-09,C0336,Empresa,Taladro inalámbrico,Herramientas,Arequipa,Web,2,260,0.0,520.0,66.51,Yape
V02808,2025-06-30,C0288,Empresa,Casco de seguridad,Seguridad,Lima,App,1,35,0.03,33.95,6.18,Plin
V02809,2024-09-28,C0057,Hogar,Guantes de trabajo,Seguridad,Piura,Web,5,22,0.0,110.0,21.59,Efectivo
V02810,2024-12-20,C0469,Hogar,Guantes de trabajo,Seguridad,Piura,Tienda,4,22,0.0,88.0,16.57,Transferencia
V02811,2025-12-25,C0110,Profesional,Pintura látex 4L,Pinturas,Arequipa,Web,1,95,0.03,92.15,29.33,Tarjeta
V02812,2024-12-27,C0082,Empresa,Llave de paso,Plomería,Cusco,Tienda,5,28,0.05,133.0,24.34,Plin
V02813,2025-07-25,C0212,Hogar,Casco de seguridad,Seguridad,La Libertad,Web,3,35,0.0,105.0,23.58,Plin
V02814,2024-12-03,C0386,Hogar,Alicate,Herramientas,Cusco,Tienda,7,38,0.05,252.7,58.26,Transferencia
V02815,2025-08-03,C0345,Profesional,Foco LED,Electricidad,Arequipa,Tienda,1,15,0.05,14.25,2.31,Tarjeta
V02816,2025-09-10,C0166,Profesional,Martillo profesional,Herramientas,Lima,Tienda,5,65,0.05,308.75,92.48,Yape
V02817,2025-04-10,C0130,Profesional,Pintura látex 4L,Pinturas,Cusco,Marketplace,5,95,0.0,475.0,70.0,Efectivo
V02818,2024-11-23,C0159,Hogar,Cemento 42.5kg,Construcción,Cusco,Web,3,32,0.05,91.2,27.05,Yape
V02819,2024-08-03,C0368,Profesional,Alicate,Herramientas,Lima,Tienda,5,38,0.03,184.3,23.1,Yape
V02820,2025-12-02,C0320,Empresa,Llave de paso,Plomería,La Libertad,Tienda,7,28,0.05,186.2,46.74,Yape
V02821,2025-06-04,C0104,Hogar,Alicate,Herramientas,Lima,Web,3,38,0.08,104.88,15.38,Transferencia
V02822,2024-12-05,C0016,Profesional,Llave de paso,Plomería,Lima,Marketplace,3,28,0.03,81.48,23.31,Yape
V02823,2024-07-08,C0127,Profesional,Casco de seguridad,Seguridad,Cusco,App,3,35,0.05,99.75,14.62,Plin
V02824,2025-07-16,C0213,Empresa,Alicate,Herramientas,Cusco,Tienda,4,38,0.05,144.4,44.59,Yape
V02825,2024-09-21,C0036,Profesional,Tubo PVC 1/2,Plomería,Junín,Tienda,6,8,0.0,48.0,7.58,Transferencia
V02826,2024-11-12,C0049,Hogar,Llave de paso,Plomería,Cusco,App,2,28,0.03,54.32,10.03,Efectivo
V02827,2025-01-03,C0175,Hogar,Taladro inalámbrico,Herramientas,Piura,App,3,260,0.03,756.6,104.14,Efectivo
V02828,2024-01-04,C0469,Hogar,Cable eléctrico 10m,Electricidad,Lima,Tienda,4,42,0.0,168.0,44.41,Efectivo
V02829,2025-12-24,C0119,Profesional,Pintura látex 4L,Pinturas,Cusco,Web,5,95,0.0,475.0,119.7,Transferencia
V02830,2025-04-03,C0078,Profesional,Casco de seguridad,Seguridad,Arequipa,Web,5,35,0.0,175.0,48.08,Tarjeta
V02831,2025-06-16,C0045,Profesional,Brocha 3 pulgadas,Pinturas,Piura,Tienda,3,18,0.1,48.6,12.58,Tarjeta
V02832,2024-03-17,C0463,Hogar,Martillo profesional,Herramientas,Arequipa,App,3,65,0.08,179.4,58.79,Tarjeta
V02833,2024-08-27,C0094,Hogar,Casco de seguridad,Seguridad,Piura,Web,3,35,0.05,99.75,33.45,Efectivo
V02834,2024-11-22,C0403,Profesional,Cemento 42.5kg,Construcción,La Libertad,Web,7,32,0.05,212.8,39.75,Efectivo
V02835,2025-07-14,C0499,Empresa,Tubo PVC 1/2,Plomería,Lima,Marketplace,4,8,0.03,31.04,5.56,Plin
V02836,2024-08-07,C0359,Profesional,Alicate,Herramientas,Arequipa,Marketplace,3,38,0.08,104.88,27.23,Transferencia
V02837,2024-07-28,C0100,Profesional,Pintura látex 4L,Pinturas,Piura,Marketplace,3,95,0.08,262.2,42.04,Transferencia
V02838,2025-04-26,C0438,Empresa,Guantes de trabajo,Seguridad,Arequipa,Web,2,22,0.0,44.0,10.19,Efectivo
V02839,2024-11-19,C0284,Hogar,Guantes de trabajo,Seguridad,Cusco,App,7,22,0.0,154.0,49.69,Plin
V02840,2025-09-16,C0477,Profesional,Tubo PVC 1/2,Plomería,Junín,Web,2,8,0.0,16.0,4.5,Tarjeta
V02841,2024-05-29,C0244,Hogar,Alicate,Herramientas,Arequipa,Tienda,1,38,0.03,36.86,4.68,Tarjeta
V02842,2024-06-16,C0273,Profesional,Alicate,Herramientas,La Libertad,Web,5,38,0.03,184.3,27.92,Efectivo
V02843,2025-11-24,C0264,Hogar,Casco de seguridad,Seguridad,Arequipa,Tienda,5,35,0.08,161.0,43.15,Yape
V02844,2025-07-12,C0271,Empresa,Cemento 42.5kg,Construcción,Cusco,Tienda,3,32,0.1,86.4,14.34,Transferencia
V02845,2025-12-20,C0216,Hogar,Guantes de trabajo,Seguridad,Junín,Tienda,7,22,0.03,149.38,19.5,Efectivo
V02846,2025-04-16,C0022,Empresa,Taladro inalámbrico,Herramientas,Piura,Marketplace,6,260,0.0,1560.0,506.09,Tarjeta
V02847,2024-06-10,C0311,Profesional,Alicate,Herramientas,Cusco,Web,6,38,0.05,216.6,27.71,Plin
V02848,2024-02-24,C0046,Hogar,Casco de seguridad,Seguridad,Cusco,Marketplace,7,35,0.1,220.5,51.71,Transferencia
V02849,2025-09-18,C0193,Empresa,Pintura látex 4L,Pinturas,Cusco,Tienda,4,95,0.0,380.0,75.11,Transferencia
V02850,2025-02-14,C0337,Hogar,Foco LED,Electricidad,Lima,Marketplace,3,15,0.0,45.0,11.87,Yape
V02851,2024-03-13,C0497,Profesional,Casco de seguridad,Seguridad,Lima,Tienda,6,35,0.05,199.5,45.21,Efectivo
V02852,2025-04-27,C0348,Hogar,Tubo PVC 1/2,Plomería,Lima,Marketplace,2,8,0.0,16.0,4.98,Efectivo
V02853,2024-11-27,C0003,Profesional,Guantes de trabajo,Seguridad,La Libertad,Marketplace,2,22,0.05,41.8,11.16,Yape
V02854,2024-12-27,C0083,Hogar,Alicate,Herramientas,Lima,Tienda,6,38,0.1,205.2,58.82,Transferencia
V02855,2025-11-28,C0260,Profesional,Casco de seguridad,Seguridad,Arequipa,Web,5,35,0.03,169.75,27.01,Plin
V02856,2024-12-03,C0288,Hogar,Brocha 3 pulgadas,Pinturas,Junín,Tienda,4,18,0.08,66.24,17.42,Plin
V02857,2024-12-20,C0407,Profesional,Casco de seguridad,Seguridad,Piura,App,5,35,0.0,175.0,54.12,Efectivo
V02858,2025-12-26,C0021,Hogar,Taladro inalámbrico,Herramientas,Piura,Tienda,1,260,0.05,247.0,83.75,Plin
V02859,2024-05-22,C0036,Hogar,Llave de paso,Plomería,Arequipa,Tienda,5,28,0.05,133.0,39.02,Efectivo
V02860,2025-08-21,C0232,Hogar,Brocha 3 pulgadas,Pinturas,Junín,Web,4,18,0.0,72.0,12.19,Transferencia
V02861,2024-09-08,C0009,Empresa,Casco de seguridad,Seguridad,Piura,Tienda,7,35,0.08,225.4,39.01,Yape
V02862,2025-09-17,C0089,Profesional,Martillo profesional,Herramientas,Junín,Tienda,2,65,0.05,123.5,22.43,Transferencia
V02863,2025-10-01,C0180,Hogar,Brocha 3 pulgadas,Pinturas,Lima,Marketplace,6,18,0.05,102.6,21.43,Yape
V02864,2025-08-02,C0182,Profesional,Tubo PVC 1/2,Plomería,Piura,Tienda,1,8,0.1,7.2,1.03,Efectivo
V02865,2025-10-16,C0323,Profesional,Brocha 3 pulgadas,Pinturas,Piura,App,1,18,0.05,17.1,3.15,Tarjeta
V02866,2024-03-24,C0334,Empresa,Tubo PVC 1/2,Plomería,Arequipa,Tienda,1,8,0.08,7.36,2.46,Efectivo
V02867,2025-04-16,C0312,Profesional,Brocha 3 pulgadas,Pinturas,Arequipa,Web,1,18,0.0,18.0,3.95,Transferencia
V02868,2025-07-27,C0173,Hogar,Tubo PVC 1/2,Plomería,Arequipa,Marketplace,1,8,0.0,8.0,2.71,Tarjeta
V02869,2025-06-03,C0034,Profesional,Cemento 42.5kg,Construcción,La Libertad,App,2,32,0.05,60.8,7.86,Transferencia
V02870,2025-07-31,C0485,Hogar,Taladro inalámbrico,Herramientas,Cusco,Tienda,2,260,0.1,468.0,113.65,Plin
V02871,2024-01-07,C0009,Hogar,Pintura látex 4L,Pinturas,Cusco,App,6,95,0.05,541.5,122.94,Tarjeta
V02872,2024-07-12,C0039,Empresa,Guantes de trabajo,Seguridad,Junín,Marketplace,3,22,0.0,66.0,13.06,Yape
V02873,2025-04-13,C0344,Profesional,Cemento 42.5kg,Construcción,La Libertad,Marketplace,5,32,0.05,152.0,34.14,Tarjeta
V02874,2024-08-16,C0343,Hogar,Guantes de trabajo,Seguridad,Junín,Tienda,3,22,0.03,64.02,13.41,Yape
V02875,2024-12-18,C0168,Empresa,Guantes de trabajo,Seguridad,Junín,App,3,22,0.0,66.0,20.34,Transferencia
V02876,2024-10-24,C0021,Hogar,Guantes de trabajo,Seguridad,Cusco,App,7,22,0.0,154.0,37.7,Yape
V02877,2024-01-16,C0113,Hogar,Cable eléctrico 10m,Electricidad,Arequipa,Web,6,42,0.03,244.44,69.62,Tarjeta
V02878,2025-08-31,C0285,Profesional,Alicate,Herramientas,La Libertad,App,4,38,0.03,147.44,17.91,Tarjeta
V02879,2025-11-07,C0462,Profesional,Tubo PVC 1/2,Plomería,Junín,Marketplace,5,8,0.05,38.0,4.96,Yape
V02880,2025-07-26,C0063,Profesional,Brocha 3 pulgadas,Pinturas,Cusco,Marketplace,6,18,0.05,102.6,31.03,Yape
V02881,2024-01-13,C0379,Profesional,Tubo PVC 1/2,Plomería,Cusco,Tienda,3,8,0.0,24.0,5.07,Transferencia
V02882,2025-03-11,C0341,Empresa,Llave de paso,Plomería,Lima,Tienda,2,28,0.05,53.2,10.89,Transferencia
V02883,2025-05-07,C0402,Hogar,Brocha 3 pulgadas,Pinturas,Cusco,Tienda,4,18,0.1,64.8,17.37,Transferencia
V02884,2024-07-08,C0059,Profesional,Alicate,Herramientas,La Libertad,Web,6,38,0.08,209.76,66.71,Tarjeta
V02885,2025-07-07,C0342,Profesional,Alicate,Herramientas,Lima,Web,5,38,0.05,180.5,35.16,Plin
V02886,2024-09-19,C0269,Profesional,Pintura látex 4L,Pinturas,Cusco,Tienda,5,95,0.03,460.75,62.26,Yape
V02887,2025-12-01,C0394,Empresa,Taladro inalámbrico,Herramientas,Junín,Tienda,7,260,0.08,1674.4,428.74,Plin
V02888,2025-08-23,C0014,Empresa,Cable eléctrico 10m,Electricidad,Lima,Tienda,5,42,0.1,189.0,51.38,Transferencia
V02889,2025-04-26,C0472,Hogar,Alicate,Herramientas,Arequipa,Tienda,7,38,0.05,252.7,76.21,Transferencia
V02890,2024-10-21,C0390,Profesional,Pintura látex 4L,Pinturas,Lima,Tienda,7,95,0.08,611.8,184.94,Yape
V02891,2024-04-11,C0307,Hogar,Alicate,Herramientas,La Libertad,Web,1,38,0.08,34.96,9.16,Transferencia
V02892,2025-08-20,C0405,Hogar,Tubo PVC 1/2,Plomería,Arequipa,Web,7,8,0.08,51.52,12.14,Tarjeta
V02893,2024-02-21,C0269,Hogar,Pintura látex 4L,Pinturas,Arequipa,Web,6,95,0.0,570.0,93.6,Plin
V02894,2025-04-18,C0004,Hogar,Brocha 3 pulgadas,Pinturas,Arequipa,Web,7,18,0.03,122.22,19.2,Transferencia
V02895,2024-04-30,C0058,Hogar,Llave de paso,Plomería,Junín,App,2,28,0.1,50.4,14.78,Efectivo
V02896,2024-03-06,C0039,Hogar,Martillo profesional,Herramientas,Cusco,App,7,65,0.0,455.0,132.22,Transferencia
V02897,2024-04-21,C0064,Hogar,Martillo profesional,Herramientas,Junín,Tienda,1,65,0.0,65.0,18.93,Tarjeta
V02898,2025-05-22,C0347,Hogar,Martillo profesional,Herramientas,Cusco,Tienda,6,65,0.0,390.0,92.79,Transferencia
V02899,2025-03-03,C0200,Profesional,Guantes de trabajo,Seguridad,Junín,Tienda,6,22,0.08,121.44,35.78,Transferencia
V02900,2025-01-23,C0150,Empresa,Llave de paso,Plomería,Cusco,Tienda,1,28,0.0,28.0,4.91,Efectivo
V02901,2025-11-12,C0478,Profesional,Tubo PVC 1/2,Plomería,Arequipa,Tienda,7,8,0.05,53.2,12.22,Plin
V02902,2025-09-20,C0017,Hogar,Casco de seguridad,Seguridad,Arequipa,Tienda,2,35,0.1,63.0,10.54,Plin
V02903,2025-04-03,C0298,Profesional,Foco LED,Electricidad,Junín,Tienda,7,15,0.03,101.85,32.14,Tarjeta
V02904,2025-11-04,C0455,Profesional,Cable eléctrico 10m,Electricidad,Junín,Web,7,42,0.08,270.48,59.08,Tarjeta
V02905,2024-11-24,C0113,Hogar,Cable eléctrico 10m,Electricidad,Junín,Tienda,6,42,0.08,231.84,32.48,Yape
V02906,2025-12-12,C0294,Hogar,Martillo profesional,Herramientas,Arequipa,App,5,65,0.05,308.75,47.58,Yape
V02907,2025-03-15,C0446,Profesional,Guantes de trabajo,Seguridad,Lima,Tienda,7,22,0.0,154.0,47.6,Efectivo
V02908,2024-08-18,C0174,Hogar,Martillo profesional,Herramientas,Lima,Tienda,1,65,0.08,59.8,13.63,Tarjeta
V02909,2025-06-15,C0409,Hogar,Casco de seguridad,Seguridad,Piura,Marketplace,2,35,0.1,63.0,11.46,Yape
V02910,2024-08-20,C0061,Hogar,Guantes de trabajo,Seguridad,Cusco,Tienda,2,22,0.03,42.68,12.88,Efectivo
V02911,2024-03-03,C0230,Profesional,Brocha 3 pulgadas,Pinturas,La Libertad,Marketplace,5,18,0.0,90.0,15.16,Yape
V02912,2025-02-13,C0310,Profesional,Taladro inalámbrico,Herramientas,La Libertad,Marketplace,6,260,0.05,1482.0,327.56,Tarjeta
V02913,2025-06-02,C0016,Hogar,Tubo PVC 1/2,Plomería,Junín,Web,4,8,0.1,28.8,9.51,Plin
V02914,2024-03-16,C0472,Empresa,Taladro inalámbrico,Herramientas,Piura,Marketplace,6,260,0.0,1560.0,400.84,Tarjeta
V02915,2024-05-22,C0304,Hogar,Foco LED,Electricidad,Lima,Tienda,1,15,0.05,14.25,2.48,Yape
V02916,2025-11-22,C0339,Hogar,Taladro inalámbrico,Herramientas,La Libertad,Tienda,7,260,0.05,1729.0,476.87,Tarjeta
V02917,2025-11-22,C0350,Profesional,Cable eléctrico 10m,Electricidad,Lima,Tienda,4,42,0.1,151.2,26.42,Efectivo
V02918,2024-07-30,C0390,Hogar,Taladro inalámbrico,Herramientas,La Libertad,Web,7,260,0.05,1729.0,400.87,Efectivo
V02919,2025-01-08,C0019,Hogar,Casco de seguridad,Seguridad,La Libertad,Web,6,35,0.08,193.2,49.42,Efectivo
V02920,2025-10-20,C0432,Profesional,Taladro inalámbrico,Herramientas,Lima,Tienda,7,260,0.03,1765.4,407.88,Yape
V02921,2024-01-14,C0274,Hogar,Martillo profesional,Herramientas,Cusco,Tienda,7,65,0.08,418.6,91.6,Plin
V02922,2024-07-06,C0408,Profesional,Martillo profesional,Herramientas,Piura,Tienda,2,65,0.08,119.6,23.89,Tarjeta
V02923,2024-06-27,C0382,Profesional,Tubo PVC 1/2,Plomería,Arequipa,App,2,8,0.05,15.2,4.87,Efectivo
V02924,2024-11-14,C0036,Profesional,Llave de paso,Plomería,Arequipa,Tienda,4,28,0.05,106.4,22.5,Transferencia
V02925,2024-01-28,C0485,Hogar,Casco de seguridad,Seguridad,Arequipa,App,7,35,0.0,245.0,69.07,Efectivo
V02926,2024-09-01,C0248,Profesional,Casco de seguridad,Seguridad,La Libertad,Tienda,6,35,0.1,189.0,49.88,Plin
V02927,2024-01-22,C0473,Empresa,Brocha 3 pulgadas,Pinturas,Arequipa,Web,1,18,0.03,17.46,5.18,Yape
V02928,2024-09-26,C0182,Empresa,Casco de seguridad,Seguridad,La Libertad,App,5,35,0.0,175.0,43.39,Yape
V02929,2025-01-18,C0131,Empresa,Guantes de trabajo,Seguridad,Lima,Tienda,7,22,0.05,146.3,24.47,Tarjeta
V02930,2025-05-16,C0081,Profesional,Taladro inalámbrico,Herramientas,Cusco,Tienda,7,260,0.08,1674.4,475.87,Efectivo
V02931,2025-10-11,C0147,Empresa,Foco LED,Electricidad,Cusco,Tienda,2,15,0.0,30.0,7.71,Yape
V02932,2025-06-13,C0465,Hogar,Foco LED,Electricidad,Arequipa,Tienda,7,15,0.1,94.5,25.58,Plin
V02933,2024-05-17,C0003,Hogar,Alicate,Herramientas,Lima,Web,4,38,0.08,139.84,42.77,Efectivo
V02934,2025-06-11,C0224,Hogar,Cemento 42.5kg,Construcción,Cusco,Web,3,32,0.03,93.12,17.78,Plin
V02935,2024-01-27,C0186,Empresa,Guantes de trabajo,Seguridad,Piura,Tienda,4,22,0.0,88.0,11.61,Transferencia
V02936,2025-03-18,C0349,Empresa,Guantes de trabajo,Seguridad,La Libertad,Web,4,22,0.05,83.6,18.88,Tarjeta
V02937,2024-11-21,C0320,Hogar,Alicate,Herramientas,Piura,Web,4,38,0.05,144.4,22.63,Transferencia
V02938,2025-01-30,C0270,Empresa,Cable eléctrico 10m,Electricidad,Arequipa,Tienda,3,42,0.1,113.4,34.28,Efectivo
V02939,2024-08-23,C0471,Profesional,Casco de seguridad,Seguridad,La Libertad,Web,5,35,0.05,166.25,43.83,Tarjeta
V02940,2025-08-24,C0152,Profesional,Alicate,Herramientas,Piura,Tienda,6,38,0.03,221.16,27.86,Tarjeta
V02941,2025-06-11,C0055,Profesional,Llave de paso,Plomería,La Libertad,Tienda,1,28,0.05,26.6,4.02,Tarjeta
V02942,2024-03-20,C0216,Hogar,Guantes de trabajo,Seguridad,Lima,Marketplace,5,22,0.0,110.0,14.0,Plin
V02943,2025-03-05,C0242,Profesional,Alicate,Herramientas,Piura,Web,4,38,0.05,144.4,46.53,Plin
V02944,2025-10-25,C0249,Profesional,Llave de paso,Plomería,La Libertad,Tienda,7,28,0.0,196.0,62.37,Plin
V02945,2024-10-27,C0437,Hogar,Guantes de trabajo,Seguridad,Lima,Tienda,1,22,0.1,19.8,5.09,Yape
V02946,2025-10-17,C0439,Profesional,Llave de paso,Plomería,Piura,Web,2,28,0.05,53.2,17.34,Yape
V02947,2025-03-02,C0014,Hogar,Taladro inalámbrico,Herramientas,La Libertad,App,5,260,0.05,1235.0,293.72,Efectivo
V02948,2024-09-21,C0161,Empresa,Taladro inalámbrico,Herramientas,Arequipa,App,7,260,0.03,1765.4,419.62,Yape
V02949,2025-08-16,C0265,Profesional,Martillo profesional,Herramientas,Junín,Web,2,65,0.0,130.0,20.05,Efectivo
V02950,2024-07-26,C0405,Profesional,Cemento 42.5kg,Construcción,Cusco,Tienda,4,32,0.08,117.76,15.78,Plin
V02951,2025-07-07,C0320,Profesional,Brocha 3 pulgadas,Pinturas,Lima,App,2,18,0.03,34.92,11.42,Plin
V02952,2025-08-13,C0165,Hogar,Tubo PVC 1/2,Plomería,Lima,Tienda,3,8,0.0,24.0,6.45,Plin
V02953,2025-11-02,C0483,Hogar,Martillo profesional,Herramientas,Cusco,App,7,65,0.08,418.6,141.5,Yape
V02954,2025-03-13,C0266,Profesional,Pintura látex 4L,Pinturas,Cusco,Web,1,95,0.1,85.5,10.46,Efectivo
V02955,2024-02-16,C0375,Profesional,Llave de paso,Plomería,La Libertad,Tienda,5,28,0.03,135.8,33.95,Transferencia
V02956,2024-04-13,C0311,Profesional,Guantes de trabajo,Seguridad,La Libertad,Tienda,3,22,0.1,59.4,11.35,Efectivo
V02957,2024-05-16,C0272,Hogar,Pintura látex 4L,Pinturas,Lima,Marketplace,3,95,0.08,262.2,69.89,Plin
V02958,2025-09-23,C0274,Profesional,Cable eléctrico 10m,Electricidad,Arequipa,App,5,42,0.1,189.0,63.1,Transferencia
V02959,2024-09-20,C0331,Empresa,Tubo PVC 1/2,Plomería,Arequipa,Web,5,8,0.0,40.0,13.09,Plin
V02960,2024-07-04,C0204,Profesional,Cable eléctrico 10m,Electricidad,La Libertad,Tienda,5,42,0.08,193.2,26.52,Efectivo
V02961,2024-09-06,C0014,Profesional,Foco LED,Electricidad,La Libertad,Tienda,2,15,0.05,28.5,4.82,Transferencia
V02962,2025-03-21,C0400,Hogar,Alicate,Herramientas,Cusco,App,3,38,0.1,102.6,23.09,Efectivo
V02963,2025-01-11,C0222,Profesional,Brocha 3 pulgadas,Pinturas,Cusco,Web,2,18,0.05,34.2,9.24,Yape
V02964,2025-10-22,C0072,Empresa,Cable eléctrico 10m,Electricidad,Lima,Tienda,7,42,0.0,294.0,44.84,Tarjeta
V02965,2025-03-24,C0492,Hogar,Taladro inalámbrico,Herramientas,Junín,Web,5,260,0.08,1196.0,282.2,Transferencia
V02966,2024-11-08,C0124,Hogar,Tubo PVC 1/2,Plomería,Arequipa,Marketplace,3,8,0.08,22.08,5.34,Tarjeta
V02967,2024-06-23,C0492,Profesional,Martillo profesional,Herramientas,Lima,Tienda,2,65,0.1,117.0,17.13,Tarjeta
V02968,2025-06-15,C0401,Empresa,Guantes de trabajo,Seguridad,La Libertad,Marketplace,6,22,0.0,132.0,23.45,Transferencia
V02969,2025-05-24,C0393,Profesional,Guantes de trabajo,Seguridad,Junín,Marketplace,4,22,0.08,80.96,15.85,Plin
V02970,2025-06-07,C0131,Hogar,Brocha 3 pulgadas,Pinturas,Lima,Tienda,4,18,0.05,68.4,15.88,Efectivo
V02971,2025-07-27,C0379,Hogar,Tubo PVC 1/2,Plomería,Cusco,App,5,8,0.05,38.0,12.0,Yape
V02972,2024-06-24,C0033,Empresa,Tubo PVC 1/2,Plomería,La Libertad,App,2,8,0.05,15.2,2.89,Efectivo
V02973,2024-03-20,C0484,Hogar,Taladro inalámbrico,Herramientas,Piura,App,2,260,0.1,468.0,121.11,Tarjeta
V02974,2024-02-26,C0295,Empresa,Casco de seguridad,Seguridad,Cusco,Marketplace,7,35,0.0,245.0,46.49,Transferencia
V02975,2025-03-09,C0063,Profesional,Llave de paso,Plomería,Lima,Web,5,28,0.08,128.8,29.82,Transferencia
V02976,2025-01-05,C0183,Empresa,Guantes de trabajo,Seguridad,Junín,Tienda,2,22,0.08,40.48,12.16,Yape
V02977,2025-02-23,C0360,Profesional,Cemento 42.5kg,Construcción,Lima,Marketplace,2,32,0.05,60.8,8.36,Plin
V02978,2025-04-21,C0116,Profesional,Brocha 3 pulgadas,Pinturas,Cusco,App,7,18,0.03,122.22,17.06,Plin
V02979,2025-12-25,C0143,Hogar,Cable eléctrico 10m,Electricidad,La Libertad,App,5,42,0.05,199.5,30.87,Efectivo
V02980,2025-08-22,C0020,Hogar,Foco LED,Electricidad,Piura,Tienda,5,15,0.05,71.25,16.44,Tarjeta
V02981,2025-10-23,C0056,Hogar,Casco de seguridad,Seguridad,Piura,Tienda,3,35,0.08,96.6,14.04,Yape
V02982,2025-03-24,C0169,Hogar,Brocha 3 pulgadas,Pinturas,Cusco,Tienda,1,18,0.03,17.46,5.92,Plin
V02983,2025-01-25,C0464,Profesional,Taladro inalámbrico,Herramientas,La Libertad,Web,4,260,0.03,1008.8,320.1,Yape
V02984,2024-03-01,C0332,Hogar,Guantes de trabajo,Seguridad,La Libertad,Tienda,3,22,0.08,60.72,7.68,Plin
V02985,2025-02-16,C0123,Hogar,Casco de seguridad,Seguridad,La Libertad,Web,3,35,0.05,99.75,25.04,Efectivo
V02986,2025-09-25,C0314,Hogar,Pintura látex 4L,Pinturas,Lima,Web,5,95,0.05,451.25,115.6,Plin
V02987,2024-10-24,C0028,Profesional,Guantes de trabajo,Seguridad,Arequipa,Tienda,1,22,0.05,20.9,3.59,Efectivo
V02988,2024-03-06,C0233,Profesional,Alicate,Herramientas,Piura,Tienda,5,38,0.0,190.0,52.94,Yape
V02989,2025-03-21,C0207,Profesional,Brocha 3 pulgadas,Pinturas,Arequipa,Web,6,18,0.0,108.0,17.41,Tarjeta
V02990,2025-04-25,C0221,Profesional,Foco LED,Electricidad,La Libertad,Tienda,3,15,0.05,42.75,13.66,Plin
V02991,2025-04-15,C0474,Profesional,Tubo PVC 1/2,Plomería,Cusco,Tienda,6,8,0.08,44.16,13.18,Transferencia
V02992,2025-04-08,C0403,Profesional,Casco de seguridad,Seguridad,Cusco,App,7,35,0.05,232.75,41.33,Efectivo
V02993,2024-06-28,C0379,Hogar,Cable eléctrico 10m,Electricidad,Cusco,Marketplace,7,42,0.05,279.3,65.3,Tarjeta
V02994,2025-11-03,C0135,Empresa,Cemento 42.5kg,Construcción,Cusco,Web,7,32,0.1,201.6,26.96,Tarjeta
V02995,2024-05-12,C0146,Profesional,Taladro inalámbrico,Herramientas,Arequipa,App,3,260,0.08,717.6,167.9,Tarjeta
V02996,2025-02-26,C0148,Hogar,Cemento 42.5kg,Construcción,Cusco,Tienda,5,32,0.05,152.0,32.88,Efectivo
V02997,2025-03-13,C0399,Hogar,Guantes de trabajo,Seguridad,Lima,Web,4,22,0.03,85.36,28.79,Transferencia
V02998,2025-06-14,C0433,Profesional,Llave de paso,Plomería,Cusco,Web,6,28,0.1,151.2,42.9,Yape
V02999,2025-09-10,C0057,Hogar,Taladro inalámbrico,Herramientas,La Libertad,Tienda,6,260,0.0,1560.0,359.96,Efectivo
V03000,2025-10-12,C0456,Profesional,Martillo profesional,Herramientas,La Libertad,Tienda,6,65,0.03,378.3,100.62,Efectivo
